2024-04-05 21:06:49,guocamole
2024-04-05 21:06:49,Zynga
2024-04-05 21:06:49,onriftxyz
2024-04-05 21:06:49,OptimismGov
2024-04-05 21:06:49,_harmony_ny
2024-04-05 21:06:49,overlyleveraged
2024-04-05 21:06:49,justindomingue
2024-04-05 21:06:49,lenagrundhoefer
2024-04-05 21:06:49,rarimo_protocol
2024-04-05 21:06:49,walletconnect
2024-04-05 21:06:49,Base
2024-04-05 21:06:49,alicians
2024-04-05 21:06:49,bobby_beniers
2024-04-05 21:06:49,0G_labs
2024-04-05 21:06:49,EE2Hbu4zAy
2024-04-05 21:06:49,amithvanmane
2024-04-05 21:06:49,BHDigitalAssets
2024-04-05 21:06:49,kyparus
2024-04-05 21:06:49,GoldmanSachs
2024-04-05 21:06:49,azuki
2024-04-05 21:06:49,Uber
2024-04-05 21:06:49,payTweed
2024-04-05 21:06:49,meta
2024-04-05 21:06:49,sm06288VyR
2024-04-05 21:06:49,ZEITGEISTLabs_
2024-04-05 21:06:49,LightDotSo
2024-04-05 21:06:49,NielsHoven
2024-04-05 21:06:49,0xSisyphus
2024-04-05 21:06:49,jackieberardo
2024-04-05 21:06:49,SonderStays
2024-04-05 21:06:49,animecoin
2024-04-05 21:06:49,TensorplexLabs
2024-04-05 21:06:49,awkweb
2024-04-05 21:06:49,Google
2024-04-05 21:06:49,yugalabs
2024-04-05 21:06:49,TimJDillon
2024-04-05 21:06:49,medallionfm
2024-04-05 21:06:49,casparbarnes123
2024-04-05 21:06:49,exolabs_
2024-04-05 21:06:49,safegovernance
2024-04-05 21:06:49,MichelleLatzer
2024-04-05 21:06:49,dovheichemer
2024-04-05 21:06:49,teaprotocol
2024-04-05 21:06:49,Forbes
2024-04-05 21:06:49,Amino_Chain
2024-04-05 21:06:49,superstate
2024-04-05 21:06:49,wallchain_
2024-04-05 21:06:49,10KTFShop
2024-04-05 21:06:49,crowdmuse
2024-04-05 21:06:49,michaelelliot
2024-04-05 21:06:49,andreikzrv
2024-04-05 21:06:49,uniswap
2024-04-05 21:06:49,UChicago
2024-04-05 21:06:49,Roux__xyz
2024-04-05 21:06:49,arbitrum
2024-04-05 21:06:49,safaryclub
2024-04-05 21:06:49,rivatez
2024-04-05 21:06:49,DeadKingSociety
2024-04-05 21:06:49,HWo8vIS1eQ
2024-04-05 21:06:49,RefractionDAO
2024-04-05 21:06:49,Kitty__Jenny
2024-04-05 21:06:49,makerdao
2024-04-05 21:06:49,ColinHJohnson
2024-04-05 21:06:49,sentient_agi
2024-04-05 21:06:49,alliancedao
2024-04-05 21:06:49,YCombinator
2024-04-05 21:06:49,omodotso
2024-04-05 21:06:49,getofflinexyz
2024-04-05 21:06:49,blocktower
2024-04-05 21:06:49,shunkakinoki
2024-04-05 21:06:49,Amazon
2024-04-05 21:06:49,_soulninja
2024-04-05 21:06:49,scale_ai
2024-04-05 21:06:49,HyperspaceAI
2024-04-05 21:06:49,paytweed
2024-04-05 21:06:49,ppyapali
2024-04-05 21:06:49,Meta
2024-04-05 21:06:49,Clockwork_xyz
2024-04-05 21:06:49,vFjmKODKER
2024-04-05 21:06:49,zkPassport
2024-04-05 21:06:49,Uniswap
2024-04-05 21:06:49,hellofutureof
2024-04-05 21:06:49,danftz
2024-04-05 21:06:49,freeport_app
2024-04-05 21:06:49,L2iVGV2euv
2024-04-05 21:06:49,wevm_dev
2024-04-05 21:06:49,polychain
2024-04-05 21:06:49,mfigge
2024-04-05 21:06:49,kellykim_xyz
2024-04-05 21:06:49,MentavaInc
2024-04-05 21:06:49,DeryaKarl
2024-04-05 21:06:49,Instagram
2024-04-05 21:06:49,juliejaclyn
2024-04-05 21:06:49,AbstractVC
2024-04-05 21:06:49,seedclubhq
2024-04-05 21:06:49,paradigm
2024-04-05 21:06:49,traestephens
2024-04-05 21:06:49,TheoVon
2024-04-05 21:06:49,fora_market
2024-04-05 21:06:49,DeFianceCapital
2024-04-05 21:06:49,ConnorYMartin
2024-04-05 21:06:49,LyLn6vJzU2
2024-04-05 21:06:49,13tlY4AynY
2024-04-05 21:06:49,GrowSF
2024-04-05 21:06:49,asiangirlintech
2024-04-08 15:57:38,wevm_dev
2024-04-08 15:57:38,vinniehager
2024-04-08 15:57:38,Base
2024-04-08 15:57:38,Amino_Chain
2024-04-08 15:57:38,medallionfm
2024-04-08 15:57:38,yugalabs
2024-04-08 15:57:38,uniswap
2024-04-08 15:57:38,mfigge
2024-04-08 15:57:38,crowdmuse
2024-04-08 15:57:38,exolabs_
2024-04-08 15:57:38,payTweed
2024-04-08 15:57:38,Google
2024-04-08 15:57:38,lenagrundhoefer
2024-04-08 15:57:38,wallchain_
2024-04-08 15:57:38,zkPassport
2024-04-08 15:57:38,fora_market
2024-04-08 15:57:38,TheoVon
2024-04-08 15:57:38,0xAlexander
2024-04-08 15:57:38,UChicago
2024-04-08 15:57:38,teaprotocol
2024-04-08 15:57:38,DeadKingSociety
2024-04-08 15:57:38,13tlY4AynY
2024-04-08 15:57:38,Amazon
2024-04-08 15:57:38,MentavaInc
2024-04-08 15:57:38,fwbtweets
2024-04-08 15:57:38,seedclubhq
2024-04-08 15:57:38,TensorplexLabs
2024-04-08 15:57:38,freeport_app
2024-04-08 15:57:38,Kitty__Jenny
2024-04-08 15:57:38,0G_labs
2024-04-08 15:57:38,NielsHoven
2024-04-08 15:57:38,paytweed
2024-04-08 15:57:38,vFjmKODKER
2024-04-08 15:57:38,safaryclub
2024-04-08 15:57:38,michaelelliot
2024-04-08 15:57:38,shunkakinoki
2024-04-08 15:57:38,HyperspaceAI
2024-04-08 15:57:38,YCombinator
2024-04-08 15:57:38,andreikzrv
2024-04-08 15:57:38,EE2Hbu4zAy
2024-04-08 15:57:38,_soulninja
2024-04-08 15:57:38,bobby_beniers
2024-04-08 15:57:38,TimJDillon
2024-04-08 15:57:38,GoldmanSachs
2024-04-08 15:57:38,asiangirlintech
2024-04-08 15:57:38,polychain
2024-04-08 15:57:38,kyparus
2024-04-08 15:57:38,Uniswap
2024-04-08 15:57:38,onriftxyz
2024-04-08 15:57:38,RefractionDAO
2024-04-08 15:57:38,MichelleLatzer
2024-04-08 15:57:38,rivatez
2024-04-08 15:57:38,superstate
2024-04-08 15:57:38,meta
2024-04-08 15:57:38,ColinHJohnson
2024-04-08 15:57:38,juliejaclyn
2024-04-08 15:57:38,withfabricxyz
2024-04-08 15:57:38,_harmony_ny
2024-04-08 15:57:38,Zynga
2024-04-08 15:57:38,Instagram
2024-04-08 15:57:38,overlyleveraged
2024-04-08 15:57:38,alliancedao
2024-04-08 15:57:38,GrowSF
2024-04-08 15:57:38,sentient_agi
2024-04-08 15:57:38,DeFianceCapital
2024-04-08 15:57:38,amithvanmane
2024-04-08 15:57:38,jackieberardo
2024-04-08 15:57:38,justindomingue
2024-04-08 15:57:38,Clockwork_xyz
2024-04-08 15:57:38,getofflinexyz
2024-04-08 15:57:38,sm06288VyR
2024-04-08 15:57:38,walletconnect
2024-04-08 15:57:38,arbitrum
2024-04-08 15:57:38,scale_ai
2024-04-08 15:57:38,Uber
2024-04-08 15:57:38,goodalexander
2024-04-08 15:57:38,ppyapali
2024-04-08 15:57:38,paradigm
2024-04-08 15:57:38,HWo8vIS1eQ
2024-04-08 15:57:38,awkweb
2024-04-08 15:57:38,animecoin
2024-04-08 15:57:38,Meta
2024-04-08 15:57:38,rarimo_protocol
2024-04-08 15:57:38,hellofutureof
2024-04-08 15:57:38,DeryaKarl
2024-04-08 15:57:38,safegovernance
2024-04-08 15:57:38,Forbes
2024-04-08 15:57:38,L2iVGV2euv
2024-04-08 15:57:38,makerdao
2024-04-08 15:57:38,LightDotSo
2024-04-08 15:57:38,guocamole
2024-04-08 15:57:38,dovheichemer
2024-04-08 15:57:38,omodotso
2024-04-08 15:57:38,kellykim_xyz
2024-04-08 15:57:38,ZEITGEISTLabs_
2024-04-08 15:57:38,OptimismGov
2024-04-08 15:57:38,Roux__xyz
2024-04-08 15:57:38,casparbarnes123
2024-04-08 15:57:38,BHDigitalAssets
2024-04-08 15:57:38,SonderStays
2024-04-08 15:57:38,blocktower
2024-04-08 15:57:38,ConnorYMartin
2024-04-08 15:57:38,alicians
2024-04-08 15:57:38,traestephens
2024-04-08 15:57:38,danftz
2024-04-08 15:57:38,0xSisyphus
2024-04-08 15:57:38,azuki
2024-04-08 15:57:38,10KTFShop
2024-04-08 15:57:38,LyLn6vJzU2
2024-04-08 15:57:38,AbstractVC
2024-04-17 13:04:22,oplabspbc
2024-04-17 13:04:22,jackieberardo
2024-04-17 13:04:22,canvasvc
2024-04-17 13:04:22,MUXProtocol
2024-04-17 13:04:22,dylan_hattem
2024-04-17 13:04:22,velodata
2024-04-17 13:04:22,andreikzrv
2024-04-17 13:04:22,apecoin
2024-04-17 13:04:22,polychain
2024-04-17 13:04:22,GalaxyHQ
2024-04-17 13:04:22,harpethr
2024-04-17 13:04:22,0xStoleme
2024-04-17 13:04:22,CuratorsSociety
2024-04-17 13:04:22,espricewright
2024-04-17 13:04:22,Pm9syE7NZn
2024-04-17 13:04:22,WumboLabs
2024-04-17 13:04:22,AvaxDAO_
2024-04-17 13:04:22,PrimeIntellect
2024-04-17 13:04:22,neynarxyz
2024-04-17 13:04:22,vinniehager
2024-04-17 13:04:22,3NC0duKF4a
2024-04-17 13:04:22,gdplCZfMEM
2024-04-17 13:04:22,Forbes
2024-04-17 13:04:22,0LeRh59wsU
2024-04-17 13:04:22,APompliano
2024-04-17 13:04:22,Fawaz_Ahmed
2024-04-17 13:04:22,UNTITLED_VC
2024-04-17 13:04:22,VictorCheng7
2024-04-17 13:04:22,MentavaInc
2024-04-17 13:04:22,ethena_labs
2024-04-17 13:04:22,wehack247
2024-04-17 13:04:22,two_prime
2024-04-17 13:04:22,rabbitx_io
2024-04-17 13:04:22,a16z
2024-04-17 13:04:22,AbstractVC
2024-04-17 13:04:22,eK5LWEctAp
2024-04-17 13:04:22,bobby_beniers
2024-04-17 13:04:22,DuU6MMqcgQ
2024-04-17 13:04:22,eigenlayer
2024-04-17 13:04:22,Uber
2024-04-17 13:04:22,MaxTang58101600
2024-04-17 13:04:22,karak_network
2024-04-17 13:04:22,jacqmelinek
2024-04-17 13:04:22,NielsHoven
2024-04-17 13:04:22,0xAlexander
2024-04-17 13:04:22,SohnConf
2024-04-17 13:04:22,Token_Relations
2024-04-17 13:04:22,WClementeIII
2024-04-17 13:04:22,ecorner
2024-04-17 13:04:22,defitechglobal
2024-04-17 13:04:22,uniswap
2024-04-17 13:04:22,jvmi_
2024-04-17 13:04:22,magic_labs
2024-04-17 13:04:22,0xCorwin
2024-04-17 13:04:22,stanfordwib
2024-04-17 13:04:22,stevy_smith
2024-04-17 13:04:22,saydialect
2024-04-17 13:04:22,scale_ai
2024-04-17 13:04:22,Lux_Capital
2024-04-17 13:04:22,BoredApeG
2024-04-17 13:04:22,nametagtweets
2024-04-17 13:04:22,PalantirTech
2024-04-17 13:04:22,Dylan_Steck
2024-04-17 13:04:22,coinbase
2024-04-17 13:04:22,Emily_Sundberg
2024-04-17 13:04:22,goodalexander
2024-04-17 13:04:22,cornell
2024-04-17 13:04:22,NicoArqueros
2024-04-17 13:04:22,Instagram
2024-04-17 13:04:22,mo_baioumy
2024-04-17 13:04:22,mishadavinci
2024-04-17 13:04:22,reflexivityres
2024-04-17 13:04:22,withfabricxyz
2024-04-17 13:04:22,earemu
2024-04-17 13:04:22,lzin5ByH0t
2024-04-17 13:04:22,joinhandshake
2024-04-17 13:04:22,Meta
2024-04-17 13:04:22,exolabs_
2024-04-17 13:04:22,oMIiyJcIzk
2024-04-17 13:04:22,tanishqxyz
2024-04-17 13:04:22,oxfordrobots
2024-04-17 13:04:22,withcortex
2024-04-17 13:04:22,CUblockchain
2024-04-17 13:04:22,leptokurtic_
2024-04-17 13:04:22,IndexVentures
2024-04-17 13:04:22,coolgrlsonly
2024-04-17 13:04:22,hellofutureof
2024-04-17 13:04:22,rivatez
2024-04-17 13:04:22,magnus_rausing
2024-04-17 13:04:22,piercedmedia
2024-04-17 13:04:22,Optimism
2024-04-17 13:04:22,kellyjgreer
2024-04-17 13:04:22,stanford
2024-04-17 13:04:22,13yearoldvc
2024-04-17 13:04:22,fwbtweets
2024-04-17 13:04:22,optimism
2024-04-17 13:04:22,MartinShkreli
2024-04-17 13:04:22,graceisford
2024-04-17 13:04:22,shweta_ai
2024-04-17 13:04:22,shinkaiprotocol
2024-05-03 16:35:44,ionet
2024-05-03 16:35:44,josh_benaron
2024-05-03 16:35:44,interfacedapp
2024-05-03 16:35:44,coinbase
2024-05-03 16:35:44,nestcoin
2024-05-03 16:35:44,CryptoSapiens_
2024-05-03 16:35:44,rushimanche
2024-05-03 16:35:44,rwa_xyz
2024-05-03 16:35:44,movementlabsxyz
2024-05-03 16:35:44,njokuScript
2024-05-03 16:35:44,Covalent_HQ
2024-05-03 16:35:44,Polymer_Labs
2024-05-03 16:35:44,pennengineers
2024-05-03 16:35:44,family
2024-05-03 16:35:44,g_co
2024-05-03 16:35:44,0xb17z
2024-05-03 16:35:44,ycombinator
2024-05-03 16:35:44,sushiswap
2024-05-03 16:35:44,crispheaney
2024-05-03 16:35:44,menzel_clayton
2024-05-03 16:35:44,circlepay
2024-05-03 16:35:44,irys_xyz
2024-05-03 16:35:44,hypersphere_
2024-05-03 16:35:44,consensys
2024-05-03 16:35:44,PortalVentures
2024-05-03 16:35:44,spacex
2024-05-03 16:35:44,alliancedao
2024-05-03 16:35:44,joshua_j_lim
2024-05-03 16:35:44,Lightspeedpodhq
2024-05-03 16:35:44,ATpU5zUzUY
2024-05-03 16:35:44,Camp_L2
2024-05-03 16:35:44,mantanetwork
2024-05-03 16:35:44,Cobratate
2024-05-03 16:35:44,makerdao
2024-05-03 16:35:44,ourzora
2024-05-03 16:35:44,Arbelosxyz
2024-05-03 16:35:44,GwartyGwart
2024-05-03 16:35:44,wharton
2024-05-03 16:35:44,dotcuriouscat
2024-05-03 16:35:44,howdymerry
2024-05-03 16:35:44,groqinc
2024-05-03 16:35:44,amiralmaimani
2024-05-03 16:35:44,0xbmac
2024-05-03 16:35:44,mparmstrong_
2024-05-03 16:35:44,boringcompany
2024-05-03 16:35:44,artoninternet
2024-05-03 16:35:44,tallyxyz
2024-05-03 16:35:44,tracecrypto1
2024-05-03 16:35:44,4hDQUHVAk6
2024-05-03 16:35:44,SorellaLabs
2024-05-03 16:35:44,primodiumgame
2024-05-03 16:35:44,higheronchain
2024-05-03 16:35:44,shadid_io
2024-05-03 16:35:44,CharlieYouAI
2024-05-03 16:35:44,isaiah_wash
2024-05-03 16:35:44,lisafound_
2024-05-03 16:35:44,base
2024-05-03 16:35:44,tesla
2024-05-03 16:35:44,jackchong_jc
2024-05-03 16:35:44,Azuki
2024-05-03 16:35:44,gmEthereum
2024-05-03 16:35:44,CambridgeAssociates
2024-05-03 16:35:44,abacus_wtf
2024-05-03 16:35:44,cindyleowtt
2024-05-03 16:35:44,arbitrum
2024-05-03 16:35:44,paradigm
2024-05-03 16:35:44,annoushkaxyz
2024-05-03 16:35:44,rafaelsolari
2024-05-03 16:35:44,hivemindcap
2024-05-03 16:35:44,0xPeterK
2024-05-03 16:35:44,ColinHesterly
2024-05-03 16:35:44,BitkraftVC
2024-05-03 16:35:44,DriftProtocol
2024-05-03 16:35:44,ksrini_
2024-05-03 16:35:44,pool_two
2024-05-03 16:35:44,UChicago
2024-05-03 16:35:44,westcoastbill
2024-05-03 16:35:44,nebrazkp
2024-05-03 16:35:44,uwcse
2024-05-03 16:35:44,brventurefund
2024-05-03 16:35:44,standardcrypto
2024-05-03 16:35:44,roycoprotocol
2024-05-03 16:35:44,homedao_live
2024-05-03 16:35:44,moonbirds
2024-05-03 16:35:44,trylimitless
2024-05-03 16:35:44,neuralink
2024-05-03 16:35:44,passionflix
2024-05-03 16:35:44,tax_cuts
2024-05-03 16:35:44,PennBlockchain
2024-05-03 16:35:44,0xshake
2024-05-03 16:35:44,colgateuniv
2024-05-03 16:35:44,offchainlabs
2024-05-03 16:35:44,DougieDeLuca
2024-05-03 16:35:44,friggeco
2024-05-03 16:35:44,uniofoxford
2024-05-03 16:35:44,cloud9
2024-05-03 16:35:44,yungjake
2024-05-03 16:35:44,ilyatorgovnikov
2024-05-03 16:35:44,nounsbuilder
2024-05-03 16:35:44,niravmurthy
2024-05-03 16:35:44,BisonTrails
2024-05-03 16:35:44,shumochu
2024-05-03 16:35:44,AbstractVC
2024-05-03 16:35:44,mydogeofficial
2024-05-03 16:35:44,whitestarcap
2024-05-03 16:35:44,joininteract
2024-05-03 16:35:44,cegapereira
2024-05-03 16:35:44,insightpartners
2024-05-03 16:35:44,noble1noble1
2024-05-03 16:35:44,FigmentCapital
2024-05-03 16:35:44,Cornell
2024-05-03 16:35:44,GarrettHarper_
2024-05-03 16:35:44,dhsgov
2024-05-03 16:35:44,blueyard
2024-05-03 16:35:44,coffeebreak_YT
2024-05-03 16:35:44,SquadsLabs
2024-05-03 16:35:44,arbelosxyz
2024-05-03 16:35:44,shmkdbr
2024-05-03 16:35:44,dkwon98
2024-05-03 16:35:44,trueventures
2024-05-03 16:35:44,GbvrjOkleC
2024-05-03 16:35:44,xendfinance
2024-05-03 16:35:44,yugalabs
2024-05-03 16:35:44,nounsdao
2024-05-03 16:35:44,protocollabs
2024-05-03 16:35:44,RioRestaking
2024-05-03 16:35:44,Coinbase
2024-05-03 16:35:44,coinfund_io
2024-05-03 16:35:44,tezos
2024-05-03 16:35:44,berachain
2024-05-03 16:35:44,isaaccyn
2024-05-03 16:35:44,davidtsocy
2024-05-03 16:35:44,ucsbcs
2024-05-03 16:35:44,x
2024-05-03 16:35:44,RGA
2024-05-08 16:56:52,afrazhaowang
2024-05-08 16:56:52,FJGhqNeFoI
2024-05-08 16:56:52,ProTheDoge
2024-05-08 16:56:52,U8Qgvjy9TI
2024-05-08 16:56:52,3KhSq90pmz
2024-05-08 16:56:52,scout_cool
2024-05-08 16:56:52,layer3xyz
2024-05-08 16:56:52,joshua_j_lim_1
2024-05-08 16:56:52,ethereum
2024-05-08 16:56:52,newsbreakapp
2024-05-08 16:56:52,scottshapiro
2024-05-08 16:56:52,kendricklamar
2024-05-08 16:56:52,smartnews
2024-05-08 16:56:52,pglang
2024-05-08 16:56:52,turnkeyhq
2024-05-08 16:56:52,huangkuan
2024-05-08 16:56:52,uniswap
2024-05-08 16:56:52,realmasknetwork
2024-05-08 16:56:52,ponchoirl
2024-05-08 16:56:52,MoheethR
2024-05-08 16:56:52,connormcewen
2024-05-08 16:56:52,meowllark
2024-05-08 16:56:52,rugdotfun
2024-05-08 16:56:52,KioskSocial
2024-05-08 16:56:52,yoni_goldberg
2024-05-09 16:54:37,Twitter
2024-05-09 16:54:37,Gitcoin
2024-05-09 16:54:37,AstariaXYZ
2024-05-09 16:54:37,0xPolygon
2024-05-09 16:54:37,knoxlyzk
2024-05-09 16:54:37,AcrossProtocol
2024-05-09 16:54:37,MihailoBjelic
2024-05-09 16:54:37,livepeer
2024-05-09 16:54:37,IOSGVC
2024-05-09 16:54:37,hildobby_
2024-05-09 16:54:37,indexed_pod
2024-05-09 16:54:37,ColoradoProduct
2024-05-09 16:54:37,dragonfly_xyz
2024-05-09 16:54:37,LunoGlobal
2024-05-09 16:54:37,kbw
2024-05-09 16:54:37,UMAprotocol
2024-05-09 16:54:37,chandlerdkk
2024-05-10 16:00:37,buildonriver
2024-05-15 13:30:53,tcburning
2024-05-15 13:30:53,RiscZero
2024-05-15 13:30:53,bhimzz
2024-05-15 13:30:53,clairekart
2024-05-15 13:30:53,TheRoaringKitty
2024-05-15 13:30:53,typecapital
2024-05-15 13:30:53,atifkhan31
2024-05-15 13:30:53,nstlgiaxpress
2024-05-15 13:30:53,Balancer
2024-05-15 13:30:53,thirdweb
2024-05-15 13:30:53,RNhb9Pv8kn
2024-05-15 13:30:53,immutbl
2024-05-20 19:40:34,joelallouz
2024-05-20 19:40:34,etsy
2024-05-20 19:40:34,polkadot
2024-05-20 19:40:34,protein
2024-05-20 19:40:34,bisontrails
2024-05-20 19:40:34,aaronhenshaw
2024-05-20 19:40:34,grandst
2024-05-20 19:40:34,layerup_
2024-05-20 19:40:34,brooklyncarly
2024-05-20 19:40:34,STACCoverflow
2024-05-20 19:40:34,steph_zhang
2024-05-20 19:40:34,t2wrld
2024-05-20 19:40:34,OxfordSBS
2024-05-20 19:40:34,amazon
2024-05-20 19:40:34,StJohnsOx
2024-05-20 19:40:34,KbymO1kYCA
2024-05-20 19:40:34,muttonia
2024-05-20 19:40:34,XkS4Jo5Sg7
2024-05-20 19:40:34,krishnerkar
2024-05-20 19:40:34,twosigmavc
2024-05-20 19:40:34,T79fidyzQd
2024-05-20 19:40:34,sarahzorah
2024-05-20 19:40:34,shayne_coplan
2024-05-20 19:40:34,flow_blockchain
2024-05-20 19:40:34,ambient_finance
2024-05-20 19:40:34,StoryProtocol
2024-05-20 19:40:34,a16z
2024-05-20 19:40:34,dabelon
2024-05-20 19:40:34,hyperspaceai
2024-05-20 19:40:34,0xdoug
2024-05-20 19:40:34,sammiweii
2024-05-20 19:40:34,moonwalkfitness
2024-05-20 19:40:34,Polymarket
2024-05-20 19:40:34,ambushcapital
