2024-04-05 21:36:58,9Cvqb1rD94
2024-04-05 21:36:58,MessariCrypto
2024-04-05 21:36:58,VillageGlobal
2024-04-05 21:36:58,sharedalfalfa
2024-04-05 21:36:58,ojLj461QLg
2024-04-05 21:36:58,trista_kelley
2024-04-05 21:36:58,blockspacepod
2024-04-05 21:36:58,_0xNinja_
2024-04-05 21:36:58,baincapcrypto
2024-04-05 21:36:58,eightsleep
2024-04-05 21:36:58,GuerillaV2
2024-04-05 21:36:58,JesseOnBase
2024-04-05 21:36:58,WitnessCo_
2024-04-05 21:36:58,Stacco__
2024-04-05 21:36:58,search?q=%24TOOKER&src=cashtag_click
2024-04-05 21:36:58,SrPetersETH
2024-04-05 21:36:58,primer_ai
2024-04-05 21:36:58,HalseyHuth
2024-04-05 21:36:58,LjsaPUulqJ
2024-04-05 21:36:58,tradertom1878
2024-04-05 21:36:58,surfrider
2024-04-05 21:36:58,HxroNetwork
2024-04-05 21:36:58,meta
2024-04-05 21:36:58,Sheeeesus
2024-04-05 21:36:58,OslAvWJR58
2024-04-05 21:36:58,Prvgs0iI1c
2024-04-05 21:36:58,layerzero_labs
2024-04-05 21:36:58,HobbesOnSolana
2024-04-05 21:36:58,HODLvc
2024-04-05 21:36:58,BigBrainVision
2024-04-05 21:36:58,1d328lsoEV
2024-04-05 21:36:58,8REgnXRFox
2024-04-05 21:36:58,DLNewsInfo
2024-04-05 21:36:58,Munch_Sol
2024-04-05 21:36:58,AlliumLabs
2024-04-05 21:36:58,justbillymays
2024-04-05 21:36:58,robbylevy
2024-04-05 21:36:58,SKMyFmqZK8
2024-04-05 21:36:58,X35usGhhgW
2024-04-05 21:36:58,thetechbrother
2024-04-05 21:36:58,YAV1Kdqb51
2024-04-05 21:36:58,tookerkurlson
2024-04-05 21:36:58,atokdase
2024-04-05 21:36:58,PatrickJBlum
2024-04-05 21:36:58,victorsin86
2024-04-05 21:36:58,damonimani
2024-04-05 21:36:58,p3shoemaker
2024-04-05 21:36:58,bybit_official
2024-04-05 21:36:58,Nascentxyz
2024-04-05 21:36:58,0xBaba23
2024-04-05 21:36:58,ethanyish
2024-04-05 21:36:58,Haider
2024-04-05 21:36:58,gteCZrhTca
2024-04-05 21:36:58,boomaero
2024-04-05 21:36:58,DuU6MMqcgQ
2024-04-05 21:36:58,Ib5G6n78js
2024-04-05 21:36:58,KEA1uSZgZq
2024-04-05 21:36:58,kenidy_on_sol
2024-04-05 21:36:58,OKX
2024-04-05 21:36:58,search?q=%24MUNCH&src=cashtag_click
2024-04-05 21:36:58,Bitwiseinvest
2024-04-05 21:36:58,anduriltech
2024-04-05 21:36:58,BeOnDeck
2024-04-05 21:36:58,GalaxyHQ
2024-04-05 21:36:58,0x_Sami
2024-04-05 21:36:58,a2VnvnhiKN
2024-04-05 21:36:58,PeterSchiff
2024-04-05 21:36:58,NbmmEOTtOY
2024-04-05 21:36:58,UTXOmgmt
2024-04-05 21:36:58,DefiLlama
2024-04-05 21:36:58,echodotxyz
2024-04-05 21:36:58,grayscale
2024-04-05 21:36:58,stanford
2024-04-05 21:36:58,penn
2024-04-05 21:36:58,JVCMTzBT4j
2024-04-05 21:36:58,WatcherGuru
2024-04-05 21:36:58,search?q=%24Hobbes&src=cashtag_click
2024-04-05 21:36:58,discord
2024-04-05 21:36:58,alliumlabs
2024-04-05 21:36:58,IreneWu27
2024-04-05 21:36:58,oMIiyJcIzk
2024-04-05 21:36:58,MartinShkreli
2024-04-05 21:36:58,flexport
2024-04-05 21:36:58,CarolineWren
2024-04-05 21:36:58,lzin5ByH0t
2024-04-05 21:36:58,zkMoira
2024-04-05 21:36:58,Cara_Bybit
2024-04-05 21:36:58,Gabriel__Abed
2024-04-05 21:36:58,LowBeta_
2024-04-05 21:36:58,BitcoinLayers
2024-04-05 21:36:58,TristaLlama
2024-04-05 21:36:58,NVqZO7KpBb
2024-04-05 21:36:58,bd3official
2024-04-05 21:36:58,search?q=%24Kenidy&src=cashtag_click
2024-04-05 21:36:58,EthereumThaila1
2024-04-05 21:36:58,voltcapital
2024-04-05 21:36:58,thejuntoxyz
2024-04-05 21:36:58,toadswiback
2024-04-05 21:36:58,RobertMSterling
2024-04-05 21:36:58,Moonpay
2024-04-05 21:36:58,eclecticcapital
2024-04-08 16:17:39,eclecticcapital
2024-04-08 16:17:39,Moonpay
2024-04-08 16:17:39,discord
2024-04-08 16:17:39,EthereumThaila1
2024-04-08 16:17:39,YAV1Kdqb51
2024-04-08 16:17:39,GalaxyHQ
2024-04-08 16:17:39,search?q=%24Hobbes&src=cashtag_click
2024-04-08 16:17:39,kenidy_on_sol
2024-04-08 16:17:39,damonimani
2024-04-08 16:17:39,Bitwiseinvest
2024-04-08 16:17:39,boomaero
2024-04-08 16:17:39,ojLj461QLg
2024-04-08 16:17:39,atokdase
2024-04-08 16:17:39,blockspacepod
2024-04-08 16:17:39,Ib5G6n78js
2024-04-08 16:17:39,UTXOmgmt
2024-04-08 16:17:39,Gabriel__Abed
2024-04-08 16:17:39,AlliumLabs
2024-04-08 16:17:39,0x_Sami
2024-04-08 16:17:39,WestPoint_USMA
2024-04-08 16:17:39,flexport
2024-04-08 16:17:39,TRMLabs
2024-04-08 16:17:39,echodotxyz
2024-04-08 16:17:39,NVqZO7KpBb
2024-04-08 16:17:39,anduriltech
2024-04-08 16:17:39,CarolineWren
2024-04-08 16:17:39,Zlonskyy
2024-04-08 16:17:39,PeterSchiff
2024-04-08 16:17:39,HobbesOnSolana
2024-04-08 16:17:39,primer_ai
2024-04-08 16:17:39,baincapcrypto
2024-04-08 16:17:39,WatcherGuru
2024-04-08 16:17:39,CNN
2024-04-08 16:17:39,SKMyFmqZK8
2024-04-08 16:17:39,PennFels
2024-04-08 16:17:39,lzin5ByH0t
2024-04-08 16:17:39,PatrickJBlum
2024-04-08 16:17:39,bd3official
2024-04-08 16:17:39,eightsleep
2024-04-08 16:17:39,KEA1uSZgZq
2024-04-08 16:17:39,bodoggosnft
2024-04-08 16:17:39,TempleLaw
2024-04-08 16:17:39,bybit_official
2024-04-08 16:17:39,BeOnDeck
2024-04-08 16:17:39,robbylevy
2024-04-08 16:17:39,token2049
2024-04-08 16:17:39,DuU6MMqcgQ
2024-04-08 16:17:39,toadswiback
2024-04-08 16:17:39,victorsin86
2024-04-08 16:17:39,USABMC
2024-04-08 16:17:39,thetechbrother
2024-04-08 16:17:39,justbillymays
2024-04-08 16:17:39,meta
2024-04-08 16:17:39,penn
2024-04-08 16:17:39,CosmikBattle
2024-04-08 16:17:39,_0xNinja_
2024-04-08 16:17:39,DavidJUrban
2024-04-08 16:17:39,HalseyHuth
2024-04-08 16:17:39,LowBeta_
2024-04-08 16:17:39,OslAvWJR58
2024-04-08 16:17:39,ARedbord
2024-04-08 16:17:39,realDonaldTrump
2024-04-08 16:17:39,8REgnXRFox
2024-04-08 16:17:39,level941
2024-04-08 16:17:39,sharedalfalfa
2024-04-08 16:17:39,thejuntoxyz
2024-04-08 16:17:39,SenateGOP
2024-04-08 16:17:39,GuerillaV2
2024-04-08 16:17:39,a1lon9
2024-04-08 16:17:39,Jackdroberts1
2024-04-08 16:17:39,VillageGlobal
2024-04-08 16:17:39,georgetownlaw
2024-04-08 16:17:39,ethanyish
2024-04-08 16:17:39,grayscale
2024-04-08 16:17:39,Nascentxyz
2024-04-08 16:17:39,HODLvc
2024-04-08 16:17:39,voltcapital
2024-04-08 16:17:39,pumpdotfun
2024-04-08 16:17:39,BigBrainVision
2024-04-08 16:17:39,1d328lsoEV
2024-04-08 16:17:39,0xBaba23
2024-04-08 16:17:39,IreneWu27
2024-04-08 16:17:39,BullpenFi
2024-04-08 16:17:39,oMIiyJcIzk
2024-04-08 16:17:39,niftyportal
2024-04-08 16:17:39,X35usGhhgW
2024-04-08 16:17:39,OKX
2024-04-08 16:17:39,alexandre
2024-04-08 16:17:39,BitcoinLayers
2024-04-08 16:17:39,alliumlabs
2024-04-08 16:17:39,MartinShkreli
2024-04-08 16:17:39,Haider
2024-04-08 16:17:39,WitnessCo_
2024-04-08 16:17:39,DukeUniversity
2024-04-08 16:17:39,a2VnvnhiKN
2024-04-08 16:17:39,Cara_Bybit
2024-04-08 16:17:39,101stAASLTDIV
2024-04-08 16:17:39,brutedeforce
2024-04-08 16:17:39,p3shoemaker
2024-04-08 16:17:39,layerzero_labs
2024-04-08 16:17:39,gteCZrhTca
2024-04-08 16:17:39,SrPetersETH
2024-04-08 16:17:39,MessariCrypto
2024-04-08 16:17:39,search?q=%24Kenidy&src=cashtag_click
2024-04-08 16:17:39,HxroNetwork
2024-04-08 16:17:39,Cometh
2024-04-08 16:17:39,stanford
2024-04-08 16:17:39,USArmy
2024-04-08 16:17:39,RobertMSterling
2024-04-08 16:17:39,zkMoira
2024-04-08 16:17:39,surfrider
2024-04-08 16:17:39,tradertom1878
2024-04-08 11:58:21,justbillymays
2024-04-08 11:58:21,zkMoira
2024-04-08 11:58:21,BullpenFi
2024-04-08 11:58:21,realDonaldTrump
2024-04-08 11:58:21,DukeUniversity
2024-04-08 11:58:21,DavidJUrban
2024-04-08 11:58:21,surfrider
2024-04-08 11:58:21,a2VnvnhiKN
2024-04-08 11:58:21,HobbesOnSolana
2024-04-08 11:58:21,georgetownlaw
2024-04-08 11:58:21,IreneWu27
2024-04-08 11:58:21,WestPoint_USMA
2024-04-08 11:58:21,Zlonskyy
2024-04-08 11:58:21,lzin5ByH0t
2024-04-08 11:58:21,CarolineWren
2024-04-08 11:58:21,Gabriel__Abed
2024-04-08 11:58:21,niftyportal
2024-04-08 11:58:21,alexandre
2024-04-08 11:58:21,101stAASLTDIV
2024-04-08 11:58:21,DuU6MMqcgQ
2024-04-08 11:58:21,TRMLabs
2024-04-08 11:58:21,BitcoinLayers
2024-04-08 11:58:21,MessariCrypto
2024-04-08 11:58:21,MartinShkreli
2024-04-08 11:58:21,USABMC
2024-04-08 11:58:21,PennFels
2024-04-08 11:58:21,Jackdroberts1
2024-04-08 11:58:21,1d328lsoEV
2024-04-08 11:58:21,victorsin86
2024-04-08 11:58:21,kenidy_on_sol
2024-04-08 11:58:21,token2049
2024-04-08 11:58:21,Ib5G6n78js
2024-04-08 11:58:21,Cometh
2024-04-08 11:58:21,SenateGOP
2024-04-08 11:58:21,search?q=%24Kenidy&src=cashtag_click
2024-04-08 11:58:21,HxroNetwork
2024-04-08 11:58:21,brutedeforce
2024-04-08 11:58:21,EthereumThaila1
2024-04-08 11:58:21,ARedbord
2024-04-08 11:58:21,oMIiyJcIzk
2024-04-08 11:58:21,PeterSchiff
2024-04-08 11:58:21,_0xNinja_
2024-04-08 11:58:21,KEA1uSZgZq
2024-04-08 11:58:21,search?q=%24Hobbes&src=cashtag_click
2024-04-08 11:58:21,bodoggosnft
2024-04-08 11:58:21,a1lon9
2024-04-08 11:58:21,thetechbrother
2024-04-08 11:58:21,OKX
2024-04-08 11:58:21,CNN
2024-04-08 11:58:21,layerzero_labs
2024-04-08 11:58:21,SrPetersETH
2024-04-08 11:58:21,pumpdotfun
2024-04-08 11:58:21,CosmikBattle
2024-04-08 11:58:21,TempleLaw
2024-04-08 11:58:21,level941
2024-04-08 11:58:21,0xBaba23
2024-04-08 11:58:21,USArmy
2024-04-08 11:58:21,sharedalfalfa
2024-04-08 11:58:21,YAV1Kdqb51
2024-04-08 11:58:21,robbylevy
2024-04-08 11:58:21,X35usGhhgW
2024-04-08 11:58:21,WitnessCo_
2024-04-08 11:58:21,Haider
2024-04-17 13:25:15,btcpolicyorg
2024-04-17 13:25:15,TRMLabs
2024-04-17 13:25:15,CNN
2024-04-17 13:25:15,NPfoB06UwJ
2024-04-17 13:25:15,BullpenFi
2024-04-17 13:25:15,alexandre
2024-04-17 13:25:15,fund_defi
2024-04-17 13:25:15,ARedbord
2024-04-17 13:25:15,ManhattanInst
2024-04-17 13:25:15,CityJournal
2024-04-17 13:25:15,PennFels
2024-04-17 13:25:15,W0LF0FCRYPT0
2024-04-17 13:25:15,georgetownlaw
2024-04-17 13:25:15,8hwhrqeu3A
2024-04-17 13:25:15,realchrisrufo
2024-04-17 13:25:15,level941
2024-04-17 13:25:15,kenidy_on_sol
2024-04-17 13:25:15,6FWteFveXR
2024-04-17 13:25:15,101stAASLTDIV
2024-04-17 13:25:15,search?q=%24Kenidy&src=cashtag_click
2024-04-17 13:25:15,RepLuna
2024-04-17 13:25:15,realDonaldTrump
2024-04-17 13:25:15,nut2MvrkA4
2024-04-17 13:25:15,aluxjownescto
2024-04-17 13:25:15,Hyland
2024-04-17 13:25:15,8npD0Li1E9
2024-04-17 13:25:15,qpEAiVYQMR
2024-04-17 13:25:15,EthereumThaila1
2024-04-17 13:25:15,Zlonskyy
2024-04-17 13:25:15,Cometh
2024-04-17 13:25:15,a2VnvnhiKN
2024-04-17 13:25:15,CosmikBattle
2024-04-17 13:25:15,bio_xyz
2024-04-17 13:25:15,1d328lsoEV
2024-04-17 13:25:15,token2049
2024-04-17 13:25:15,TempleLaw
2024-04-17 13:25:15,DukeUniversity
2024-04-17 13:25:15,USArmy
2024-04-17 13:25:15,YAV1Kdqb51
2024-04-17 13:25:15,HiRezTheRapper
2024-04-17 13:25:15,Gabriel__Abed
2024-04-17 13:25:15,amandatums
2024-04-17 13:25:15,niftyportal
2024-04-17 13:25:15,search?q=%24BTC&src=cashtag_click
2024-04-17 13:25:15,kyle_chasse
2024-04-17 13:25:15,athena_DAO_
2024-04-17 13:25:15,pumpdotfun
2024-04-17 13:25:15,a1lon9
2024-04-17 13:25:15,PeterSchiff
2024-04-17 13:25:15,cryodao
2024-04-17 13:25:15,NatResources
2024-04-17 13:25:15,vQMYvGQJCS
2024-04-17 13:25:15,USA_ON_CHAIN
2024-04-17 13:25:15,blockworks_
2024-04-17 13:25:15,thetechbrother
2024-04-17 13:25:15,SenateGOP
2024-04-17 13:25:15,moicanoufc
2024-04-17 13:25:15,crypto_banter
2024-04-17 13:25:15,NSmolenski
2024-04-17 13:25:15,Ib5G6n78js
2024-04-17 13:25:15,justbillymays
2024-04-17 13:25:15,K08oTIf1Al
2024-04-17 13:25:15,oDu6PVUVNM
2024-04-17 13:25:15,bodoggosnft
2024-04-17 13:25:15,kJdY68xtjk
2024-04-17 13:25:15,search?q=%24PAID&src=cashtag_click
2024-04-17 13:25:15,molecule_dao
2024-04-17 13:25:15,search?q=%24USA&src=cashtag_click
2024-04-17 13:25:15,Jackdroberts1
2024-04-17 13:25:15,USABMC
2024-04-17 13:25:15,X35usGhhgW
2024-04-17 13:25:15,aCameronhuff
2024-04-17 13:25:15,brutedeforce
2024-04-17 13:25:15,FefeDemeny
2024-04-17 13:25:15,Hillsdale
2024-04-17 13:25:15,DavidJUrban
2024-04-17 13:25:15,SrPetersETH
2024-04-17 13:25:15,txbitcoinfound
2024-04-17 13:25:15,WestPoint_USMA
2024-04-17 13:25:15,keane2hodl
2024-04-17 13:25:15,GOPOversight
2024-05-03 16:50:54,staytunedhq
2024-05-03 16:50:54,FJG1n2vB2G
2024-05-03 16:50:54,thechrisbuskirk
2024-05-03 16:50:54,0xBalloonLover
2024-05-03 16:50:54,brevsin
2024-05-03 16:50:54,search?q=%24AOC&src=cashtag_click
2024-05-03 16:50:54,AndersonAfDMdEP
2024-05-03 16:50:54,bledi_gmi
2024-05-03 16:50:54,mckinsey
2024-05-03 16:50:54,_rcapital_
2024-05-03 16:50:54,oVDAXOr6Ha
2024-05-03 16:50:54,ionet
2024-05-03 16:50:54,bgilliam1982
2024-05-03 16:50:54,box
2024-05-03 16:50:54,TheChiefNerd
2024-05-03 16:50:54,sahopson
2024-05-03 16:50:54,magicdhz
2024-05-03 16:50:54,OvertonLive
2024-05-03 16:50:54,WesternLensman
2024-05-03 16:50:54,shadid_io
2024-05-03 16:50:54,tribecap
2024-05-03 16:50:54,pPmEo8nYAL
2024-05-03 16:50:54,HugoMartingale
2024-05-03 16:50:54,DecryptAgency
2024-05-03 16:50:54,search?q=%24DILDO&src=cashtag_click
2024-05-03 16:50:54,BlackRock
2024-05-03 16:50:54,DildoBagHands
2024-05-03 16:50:54,1789Capital
2024-05-03 16:50:54,based16z
2024-05-03 16:50:54,polymarket
2024-05-03 16:50:54,crossmint
2024-05-03 16:50:54,wagonhq
2024-05-03 16:50:54,rj_fulton_
2024-05-03 16:50:54,LEGwYHQAst
2024-05-03 16:50:54,DTCSIWEB3
2024-05-03 16:50:54,altendprod
2024-05-03 16:50:54,Broadridge
2024-05-03 16:50:54,sergekass
2024-05-03 16:50:54,btJLTOVSK6
2024-05-03 16:50:54,stripe
2024-05-03 16:50:54,craigie_justin
2024-05-03 16:50:54,JayJacobsCFA
2024-05-03 16:50:54,harvard
2024-05-03 16:50:54,jeff_weinstein
2024-05-03 16:50:54,robkrugman
2024-05-03 16:50:54,MonicaLewinsky
2024-05-03 16:50:54,ZYiv1OMh8w
2024-05-03 16:50:54,stanford
2024-05-03 16:50:54,f3EAseRUY1
2024-05-03 16:50:54,tedtalks
2024-05-03 16:50:54,rodrifernandezt
2024-05-03 16:50:54,AOCSol
2024-05-03 16:50:54,MessariCrypto
2024-05-03 16:50:54,groupon
2024-05-03 16:50:54,h9xVqydk1b
2024-05-03 16:50:54,6thmanventures
2024-05-03 16:50:54,R7HIwo3Xuv
2024-05-03 16:50:54,cmsholdings_bot
2024-05-03 16:50:54,vanityfair
2024-05-03 16:50:54,madfes
2024-05-03 16:50:54,hyperpublic
2024-05-03 16:50:54,blockworksres
2024-05-08 17:02:28,DoTheySupportIt
2024-05-08 17:02:28,JweQt1UhRn
2024-05-08 17:02:28,RobinhoodApp
2024-05-08 17:02:28,SquawkCNBC
2024-05-08 17:02:28,NYTimes
2024-05-08 17:02:28,andrewrsorkin
2024-05-08 17:02:28,DealBook
2024-05-08 17:02:28,TravisBloom
2024-05-08 17:02:28,Spectral_Labs
2024-05-08 17:02:28,__sishir
2024-05-08 17:02:28,Showtime
2024-05-08 17:02:28,CFTCquintenz
2024-05-08 17:02:28,NYPL
2024-05-08 17:02:28,amk_dc
2024-05-08 17:02:28,Coinbase
2024-05-08 17:02:28,Ebenezerox
2024-05-08 17:02:28,0xmadisonn
2024-05-08 17:02:28,KevWysocki
2024-05-08 17:02:28,Anchorage
2024-05-08 17:02:28,robotventures
2024-05-08 17:02:28,BrianQuintenz
2024-05-08 17:02:28,vladtenev
2024-05-09 16:59:36,PJFWG45ASw
2024-05-09 16:59:36,GKmfXlFEQ0
2024-05-09 16:59:36,valeyo777
2024-05-09 16:59:36,QuasarFi
2024-05-09 16:59:36,union_build
2024-05-09 16:59:36,standwithcrypto
2024-05-09 16:59:36,Draper_U
2024-05-09 16:59:36,frizzaud
2024-05-09 16:59:36,BaseD_AO
2024-05-10 16:05:50,RollingStone
2024-05-10 16:05:50,RepWileyNickel
2024-05-10 16:05:50,WileyNickel
2024-05-10 16:05:50,CNBC
2024-05-10 16:05:50,schwartzbCNBC
2024-05-15 13:35:56,uber
2024-05-15 13:35:56,KariLake
2024-05-15 13:35:56,PBDsPodcast
2024-05-15 13:35:56,TroyMurs
2024-05-15 13:35:56,cnaylor_
2024-05-15 13:35:56,GwartyGwart
2024-05-15 13:35:56,art_pleb
2024-05-15 13:35:56,meta
2024-05-15 13:35:56,dappslap
2024-05-15 13:35:56,MollyJZuckerman
2024-05-15 13:35:56,Blockworks_
2024-05-15 13:35:56,lawler4ny
2024-05-15 13:35:56,a16zcrypto
2024-05-15 13:35:56,jeetsidhu_
2024-05-15 13:35:56,cloudkitchens
2024-05-15 13:35:56,ACJRNetwork
2024-05-20 19:45:46,HillaryAdler
2024-05-20 19:45:46,Harvard
2024-05-20 19:45:46,TheHill
2024-05-20 19:45:46,TheCrimson
2024-05-20 19:45:46,Coinage_media
2024-05-20 19:45:46,Uniswap
2024-05-20 19:45:46,hakeemjeffries
2024-05-20 19:45:46,VTDigger
2024-05-20 19:45:46,chuckschumer
2024-05-20 19:45:46,CoryMillsFL
2024-05-20 19:45:46,LATimes
2024-05-20 19:45:46,lbrycom
2024-05-20 19:45:46,POLITICO
2024-05-20 19:45:46,nomadstr
2024-05-20 19:45:46,Jasper_Goodman
2024-05-20 19:45:46,StoneColdJones
2024-05-20 19:45:46,RepJeffries
2024-05-20 19:45:46,repmillspress
2024-05-20 19:45:46,dYdX
2024-05-20 19:45:46,slope_finance
2024-05-20 19:45:46,HouseDemocrats
2024-05-20 19:45:46,Ripple
2024-05-20 19:45:46,jeremykauffman
2024-05-20 19:45:46,degentlemen_gg
2024-05-20 19:45:46,freestatenh
2024-05-20 19:45:46,JesseKellyDC
2024-05-20 19:45:46,0xLitquidity
2024-05-20 19:45:46,BostonGlobe
2024-05-20 19:45:46,playstation
2024-05-20 19:45:46,assetdash
2024-05-20 19:45:46,YahooFinance
2024-05-20 19:45:46,EclipseFND
2024-05-20 19:45:46,PuckNews
2024-05-20 19:45:46,RyanAFournier
2024-05-20 19:45:46,DegentlemanJohn
2024-05-20 19:45:46,foster_protocol
2024-05-20 19:45:46,SenSchumer
2024-05-20 19:45:46,zGuz
2024-05-20 19:45:46,teddyschleifer
