2024-04-05 20:56:20,Grayscale
2024-04-05 20:56:20,shimacapital
2024-04-05 20:56:20,HashKey_Capital
2024-04-05 20:56:20,gaycoinz
2024-04-05 20:56:20,sarahtavel
2024-04-05 20:56:20,OfflineProtocol
2024-04-05 20:56:20,stacks
2024-04-05 20:56:20,leptokurtic_
2024-04-05 20:56:20,piotr_wojtczak
2024-04-05 20:56:20,walletconnect
2024-04-05 20:56:20,newinternet_
2024-04-05 20:56:20,Archangel_ZK
2024-04-05 20:56:20,peterborjeson
2024-04-05 20:56:20,jamesjho_
2024-04-05 20:56:20,KeneticCapital
2024-04-05 20:56:20,StanfordGSB
2024-04-05 20:56:20,zhang_matt
2024-04-05 20:56:20,Cambridge_Uni
2024-04-05 20:56:20,lXohCzYUPa
2024-04-05 20:56:20,ethena_labs
2024-04-05 20:56:20,DTAPCAP
2024-04-05 20:56:20,LunoGlobal
2024-04-05 20:56:20,DCGco
2024-04-05 20:56:20,MorganStanley
2024-04-05 20:56:20,TheSpartanLabs
2024-04-05 20:56:20,dydx
2024-04-05 20:56:20,gnosisdao
2024-04-05 20:56:20,AlphaTradingSys
2024-04-05 20:56:20,Modular_Capital
2024-04-05 20:56:20,coinbase
2024-04-05 20:56:20,cHLIi5G7W5
2024-04-05 20:56:20,LucaNetz
2024-04-05 20:56:20,BobbyThakkar
2024-04-05 20:56:20,ldf_gm
2024-04-05 20:56:20,ManifoldTrading
2024-04-05 20:56:20,accelerateart
2024-04-05 20:56:20,MIT
2024-04-05 20:56:20,amya_wilks
2024-04-05 20:56:20,originslive
2024-04-05 20:56:20,NorthIslandVC
2024-04-05 20:56:20,Citi
2024-04-05 20:56:20,wharton
2024-04-05 20:56:20,0xproject
2024-04-05 20:56:20,pennengineers
2024-04-05 20:56:20,alnoki_
2024-04-05 20:56:20,TravisScher
2024-04-05 20:56:20,0xHutch
2024-04-05 20:56:20,makerdao
2024-04-05 20:56:20,CelestiaOrg
2024-04-05 20:56:20,bonsai_dn404
2024-04-05 20:56:20,iyk_app
2024-04-05 20:56:20,search?q=%24bonsai&src=cashtag_click
2024-04-05 20:56:20,cklemke
2024-04-05 20:56:20,Benchmark
2024-04-05 20:56:20,pinterest
2024-04-05 20:56:20,phantom
2024-04-05 20:56:20,yidagao
2024-04-05 20:56:20,EconiaLabs
2024-04-05 20:56:20,_jaechung
2024-04-05 20:56:20,Aptos
2024-04-05 20:56:20,Rockaway_X
2024-04-05 20:56:20,1RTPartners
2024-04-05 20:56:20,NEA
2024-04-05 20:56:20,travisscher
2024-04-05 20:56:20,pudgypenguins
2024-04-05 20:56:20,benroy__
2024-04-05 20:56:20,chainlink
2024-04-05 20:56:20,playoriginstory
2024-04-05 20:56:20,10tfund
2024-04-05 20:56:20,sxtvik
2024-04-05 20:56:20,Cryptomazeapp
2024-04-05 20:56:20,socialgraphvc
2024-04-05 20:56:20,sophon
2024-04-05 20:56:20,TheSpartanGroup
2024-04-05 20:56:20,takeupspacehq
2024-04-05 20:56:20,hivemindcap
2024-04-05 20:56:20,FoundryServices
2024-04-05 20:56:20,TheSaunaDao
2024-04-05 20:56:20,capital_spark
2024-04-05 20:56:20,LensProtocol
2024-04-05 20:56:20,seedclubhq
2024-04-05 20:56:20,Z0ryaxhV
2024-04-05 20:56:20,nickwh8te
2024-04-05 20:56:20,bayramov_eth
2024-04-05 20:56:20,solana
2024-04-05 20:56:20,matchaxyz
2024-04-05 20:56:20,Shenanigrahams
2024-04-05 20:56:20,thisispaff
2024-04-08 15:51:32,socialgraphvc
2024-04-08 15:51:32,AlphaTradingSys
2024-04-08 15:51:32,0xproject
2024-04-08 15:51:32,coinbase
2024-04-08 15:51:32,Cryptomazeapp
2024-04-08 15:51:32,gnosisdao
2024-04-08 15:51:32,bonsai_dn404
2024-04-08 15:51:32,dydx
2024-04-08 15:51:32,Rockaway_X
2024-04-08 15:51:32,Modular_Capital
2024-04-08 15:51:32,pudgypenguins
2024-04-08 15:51:32,Z0ryaxhV
2024-04-08 15:51:32,newinternet_
2024-04-08 15:51:32,OfflineProtocol
2024-04-08 15:51:32,nickwh8te
2024-04-08 15:51:32,seedclubhq
2024-04-08 15:51:32,MIT
2024-04-08 15:51:32,witconomist
2024-04-08 15:51:32,thisispaff
2024-04-08 15:51:32,Shenanigrahams
2024-04-08 15:51:32,sophon
2024-04-08 15:51:32,lXohCzYUPa
2024-04-08 15:51:32,FoundryServices
2024-04-08 15:51:32,solana
2024-04-08 15:51:32,ldf_gm
2024-04-08 15:51:32,playoriginstory
2024-04-08 15:51:32,KeneticCapital
2024-04-08 15:51:32,StanfordGSB
2024-04-08 15:51:32,wharton
2024-04-08 15:51:32,stacks
2024-04-08 15:51:32,search?q=%24bonsai&src=cashtag_click
2024-04-08 15:51:32,yidagao
2024-04-08 15:51:32,TheSaunaDao
2024-04-08 15:51:32,phantom
2024-04-08 15:51:32,Benchmark
2024-04-08 15:51:32,accelerateart
2024-04-08 15:51:32,MorganStanley
2024-04-08 15:51:32,pinterest
2024-04-08 15:51:32,DTAPCAP
2024-04-08 15:51:32,benroy__
2024-04-08 15:51:32,Grayscale
2024-04-08 15:51:32,LunoGlobal
2024-04-08 15:51:32,gaycoinz
2024-04-08 15:51:32,NEA
2024-04-08 15:51:32,Cambridge_Uni
2024-04-08 15:51:32,alnoki_
2024-04-08 15:51:32,amya_wilks
2024-04-08 15:51:32,TheSpartanGroup
2024-04-08 15:51:32,EconiaLabs
2024-04-08 15:51:32,TheSpartanLabs
2024-04-08 15:51:32,10tfund
2024-04-08 15:51:32,iyk_app
2024-04-08 15:51:32,bayramov_eth
2024-04-08 15:51:32,leptokurtic_
2024-04-08 15:51:32,ManifoldTrading
2024-04-08 15:51:32,walletconnect
2024-04-08 15:51:32,LensProtocol
2024-04-08 15:51:32,sarahtavel
2024-04-08 15:51:32,_jaechung
2024-04-08 15:51:32,zhang_matt
2024-04-08 15:51:32,originslive
2024-04-08 15:51:32,jamesjho_
2024-04-08 15:51:32,1RTPartners
2024-04-08 15:51:32,travisscher
2024-04-08 15:51:32,latinodes_
2024-04-08 15:51:32,sxtvik
2024-04-08 15:51:32,BobbyThakkar
2024-04-08 15:51:32,chainlink
2024-04-08 15:51:32,capital_spark
2024-04-08 15:51:32,Citi
2024-04-08 15:51:32,makerdao
2024-04-08 15:51:32,cklemke
2024-04-08 15:51:32,brennuet
2024-04-08 15:51:32,HashKey_Capital
2024-04-08 15:51:32,takeupspacehq
2024-04-08 15:51:32,peterborjeson
2024-04-08 15:51:32,CelestiaOrg
2024-04-08 15:51:32,0xHutch
2024-04-08 15:51:32,LucaNetz
2024-04-08 15:51:32,DCGco
2024-04-08 15:51:32,Archangel_ZK
2024-04-08 15:51:32,shefiorg
2024-04-08 15:51:32,shimacapital
2024-04-08 15:51:32,NorthIslandVC
2024-04-08 15:51:32,cHLIi5G7W5
2024-04-08 15:51:32,piotr_wojtczak
2024-04-08 15:51:32,hivemindcap
2024-04-08 15:51:32,TravisScher
2024-04-08 15:51:32,ethena_labs
2024-04-08 15:51:32,matchaxyz
2024-04-08 15:51:32,pennengineers
2024-04-08 15:51:32,Aptos
2024-04-17 13:00:36,Modular_Capital
2024-04-17 13:00:36,sarahtavel
2024-04-17 13:00:36,peterborjeson
2024-04-17 13:00:36,chainlink
2024-04-17 13:00:36,p00ls_
2024-04-17 13:00:36,jamesjho_
2024-04-17 13:00:36,loldefi
2024-04-17 13:00:36,Aave
2024-04-17 13:00:36,Q2JX6jXrrl
2024-04-17 13:00:36,Cambridge_Uni
2024-04-17 13:00:36,cryptohun3y
2024-04-17 13:00:36,TheSaunaDao
2024-04-17 13:00:36,ElevateFPS
2024-04-17 13:00:36,TravisScher
2024-04-17 13:00:36,LunoGlobal
2024-04-17 13:00:36,kandi_app
2024-04-17 13:00:36,0xproject
2024-04-17 13:00:36,onvessel_world
2024-04-17 13:00:36,hivemindcap
2024-04-17 13:00:36,sophon
2024-04-17 13:00:36,CelestiaOrg
2024-04-17 13:00:36,AlphaTradingSys
2024-04-17 13:00:36,KeneticCapital
2024-04-17 13:00:36,gnosisdao
2024-04-17 13:00:36,sayten89
2024-04-17 13:00:36,newinternet_
2024-04-17 13:00:36,thewoioioi
2024-04-17 13:00:36,alnoki_
2024-04-17 13:00:36,StanfordGSB
2024-04-17 13:00:36,NorthIslandVC
2024-04-17 13:00:36,pinterest
2024-04-17 13:00:36,ferascircle
2024-04-17 13:00:36,capital_spark
2024-04-17 13:00:36,cklemke
2024-04-17 13:00:36,BoysClubWorld
2024-04-17 13:00:36,Arnno39
2024-04-17 13:00:36,shimacapital
2024-04-17 13:00:36,stillxtal
2024-04-17 13:00:36,FoundryServices
2024-04-17 13:00:36,phantom
2024-04-17 13:00:36,0xHutch
2024-04-17 13:00:36,latinodes_
2024-04-17 13:00:36,solana
2024-04-17 13:00:36,web3qn
2024-04-17 13:00:36,eigenlayer
2024-04-17 13:00:36,Hazbobo1
2024-04-17 13:00:36,eigen_da
2024-04-17 13:00:36,stacks
2024-04-17 13:00:36,syncswap
2024-04-17 13:00:36,cHLIi5G7W5
2024-04-17 13:00:36,EconiaLabs
2024-04-17 13:00:36,seedclubhq
2024-04-17 13:00:36,originslive
2024-04-17 13:00:36,piotr_wojtczak
2024-04-17 13:00:36,DIgamY
2024-04-17 13:00:36,MIT
2024-04-17 13:00:36,FrankieStyless
2024-04-17 13:00:36,yidagao
2024-04-17 13:00:36,Aptos
2024-04-17 13:00:36,MorganStanley
2024-04-17 13:00:36,coinbase
2024-04-17 13:00:36,DuneAnalytics
2024-04-17 13:00:36,brennuet
2024-04-17 13:00:36,travisscher
2024-04-17 13:00:36,SyncSwapTR
2024-04-17 13:00:36,makerdao
2024-04-17 13:00:36,BobbyThakkar
2024-04-17 13:00:36,witconomist
2024-04-17 13:00:36,matchaxyz
2024-04-17 13:00:36,Rockaway_X
2024-04-17 13:00:36,UKtXTVCNa8
2024-04-17 13:00:36,playoriginstory
2024-04-17 13:00:36,shefiorg
2024-04-17 13:00:36,lXohCzYUPa
2024-04-17 13:00:36,who_anon_
2024-04-17 13:00:36,Benchmark
2024-04-17 13:00:36,DCGco
2024-04-17 13:00:36,nickwh8te
2024-04-17 13:00:36,bayramov_eth
2024-04-17 13:00:36,zhang_matt
2024-04-17 13:00:36,NEA
2024-04-17 13:00:36,socialgraphvc
2024-04-17 13:00:36,dydx
2024-04-17 13:00:36,fwbtweets
2024-04-17 13:00:36,Citi
2024-04-17 13:00:36,Grayscale
2024-04-17 13:00:36,rNDjV99nnS
2024-04-17 13:00:36,LayerZero_Labs
2024-05-03 16:31:07,sayten89
2024-05-03 16:31:07,riotgoools
2024-05-03 16:31:07,gogalamusic
2024-05-03 16:31:07,Arnno39
2024-05-03 16:31:07,cryptohun3y
2024-05-03 16:31:07,sarahtavel
2024-05-03 16:31:07,NessyTheRilla
2024-05-03 16:31:07,coinbase
2024-05-03 16:31:07,LouieCRhymes
2024-05-03 16:31:07,socialgraphvc
2024-05-03 16:31:07,p00ls_
2024-05-03 16:31:07,shimacapital
2024-05-03 16:31:07,DecentralGames
2024-05-03 16:31:07,ferascircle
2024-05-03 16:31:07,YUNICEMUSIC
2024-05-03 16:31:07,bybit_official
2024-05-03 16:31:07,lensprotocol
2024-05-03 16:31:07,ElevateFPS
2024-05-03 16:31:07,timdaub
2024-05-03 16:31:07,blokxstudio
2024-05-03 16:31:07,DIgamY
2024-05-03 16:31:07,stillxtal
2024-05-03 16:31:07,HubSpot
2024-05-03 16:31:07,internetkidsnet
2024-05-03 16:31:07,cklemke
2024-05-03 16:31:07,tim_khoury
2024-05-03 16:31:07,DXPEDILLA
2024-05-03 16:31:07,Savage_Tribe
2024-05-03 16:31:07,ZvJ8GJ3Ech
2024-05-03 16:31:07,originslive
2024-05-03 16:31:07,pinterest
2024-05-03 16:31:07,web3qn
2024-05-03 16:31:07,NEA
2024-05-03 16:31:07,search?q=%24dsqise&src=cashtag_click
2024-05-03 16:31:07,AlphaTradingSys
2024-05-03 16:31:07,stargatefinance
2024-05-03 16:31:07,747crash
2024-05-03 16:31:07,FreeAlexeyRoman
2024-05-03 16:31:07,LayerZero_Labs
2024-05-03 16:31:07,rNDjV99nnS
2024-05-03 16:31:07,__GENRE
2024-05-03 16:31:07,JameeCornelia
2024-05-03 16:31:07,Q2JX6jXrrl
2024-05-03 16:31:07,itspublu
2024-05-03 16:31:07,UKtXTVCNa8
2024-05-03 16:31:07,alnoki_
2024-05-03 16:31:07,kiwinewshq
2024-05-03 16:31:07,bayramov_eth
2024-05-03 16:31:07,EFDevconnect
2024-05-03 16:31:07,thelistenroom
2024-05-03 16:31:07,qidaoprotocol
2024-05-03 16:31:07,tttseocommunity
2024-05-03 16:31:07,playoriginstory
2024-05-03 16:31:07,Rockaway_X
2024-05-03 16:31:07,theblockcrunch
2024-05-03 16:31:07,amandatums
2024-05-03 16:31:07,DCGco
2024-05-03 16:31:07,FactionVC
2024-05-03 16:31:07,Togbe0x
2024-05-03 16:31:07,DuneAnalytics
2024-05-03 16:31:07,BWfRtLWa3i
2024-05-03 16:31:07,CertoraInc
2024-05-03 16:31:07,SolanaFndn
2024-05-03 16:31:07,jacqvaca
2024-05-03 16:31:07,shefiorg
2024-05-03 16:31:07,fund_defi
2024-05-03 16:31:07,kandi_app
2024-05-03 16:31:07,thewoioioi
2024-05-03 16:31:07,mGDBatn7Lj
2024-05-03 16:31:07,avara
2024-05-03 16:31:07,latinodes_
2024-05-03 16:31:07,eigenlayer
2024-05-03 16:31:07,EconiaLabs
2024-05-03 16:31:07,theindexshow
2024-05-03 16:31:07,loldefi
2024-05-03 16:31:07,Hazbobo1
2024-05-03 16:31:07,MIT
2024-05-03 16:31:07,TheSaunaDao
2024-05-03 16:31:07,SofarSounds
2024-05-03 16:31:07,who_anon_
2024-05-03 16:31:07,onvessel_world
2024-05-03 16:31:07,Aave
2024-05-03 16:31:07,decryptopodcast
2024-05-03 16:31:07,sansound3
2024-05-03 16:31:07,gavin_atk
2024-05-03 16:31:07,SagivMooly
2024-05-03 16:31:07,i0mtcZuoI0
2024-05-03 16:31:07,TelAvivUni
2024-05-03 16:31:07,s1Cu9qFKWK
2024-05-03 16:31:07,cryptoian
2024-05-03 16:31:07,res_computer
2024-05-03 16:31:07,Benchmark
2024-05-03 16:31:07,nickwh8te
2024-05-03 16:31:07,eigen_da
2024-05-03 16:31:07,CelestiaOrg
2024-05-03 16:31:07,LightspeedVP
2024-05-03 16:31:07,3ZKTMyxsTL
2024-05-03 16:31:07,seedclubhq
2024-05-03 16:31:07,SyncSwapTR
2024-05-03 16:31:07,w3rkxyz
2024-05-03 16:31:07,yidagao
2024-05-03 16:31:07,BobbyThakkar
2024-05-03 16:31:07,StanfordGSB
2024-05-03 16:31:07,krakenfx
2024-05-03 16:31:07,kualts
2024-05-03 16:31:07,dsqise
2024-05-03 16:31:07,leviathan_news
2024-05-03 16:31:07,witconomist
2024-05-03 16:31:07,BoysClubWorld
2024-05-03 16:31:07,semrush
2024-05-03 16:31:07,MorganStanley
2024-05-03 16:31:07,Smh2pGRNMl
2024-05-03 16:31:07,fwbtweets
2024-05-03 16:31:07,sophon
2024-05-03 16:31:07,peterborjeson
2024-05-03 16:31:07,matthewbarby
2024-05-03 16:31:07,FrankieStyless
2024-05-03 16:31:07,quiterightrecs
2024-05-03 16:31:07,aaronkow_
2024-05-03 16:31:07,Aptos
2024-05-03 16:31:07,brennuet
2024-05-03 16:31:07,EFDevcon
2024-05-03 16:31:07,joshsavagemusic
2024-05-03 16:31:07,syncswap
2024-05-08 16:55:23,0pL8u9bFYq
2024-05-08 16:55:23,madiha_right
2024-05-08 16:55:23,TensorWaveCloud
2024-05-08 16:55:23,AvailProject
2024-05-08 16:55:23,pJxenyMvcV
2024-05-08 16:55:23,The3D_
2024-05-08 16:55:23,3ri2GbXrQB
2024-05-08 16:55:23,erhartford
2024-05-08 16:55:23,ZvJ8GJ36mJ
2024-05-08 16:55:23,backlash_fi
2024-05-08 16:55:23,uncommonscrypto
2024-05-08 16:55:23,Nigiri0x
2024-05-08 16:55:23,ETHBerlin
2024-05-09 16:52:58,RNhb9Pv8kn
2024-05-09 16:52:58,nstlgiaxpress
2024-05-09 16:52:58,saucy_block
2024-05-15 13:29:26,family
2024-05-15 13:29:26,ikbenhan
2024-05-15 13:29:26,FLAIR_Ox
2024-05-15 13:29:26,UniofOxford
2024-05-15 13:29:26,MetaAI
2024-05-15 13:29:26,GoogleDeepmind
2024-05-15 13:29:26,rethink_x
2024-05-15 13:29:26,m_j_rossman
2024-05-15 13:29:26,tonyseba
2024-05-15 13:29:26,aave
2024-05-15 13:29:26,rugdotfun
2024-05-15 13:29:26,guildxyz
2024-05-15 13:29:26,StAnnesCollege
2024-05-15 13:29:26,Lightspeedvp
2024-05-15 13:29:26,Google
2024-05-15 13:29:26,GS
2024-05-15 13:29:26,harmonyprotocol
2024-05-15 13:29:26,GoogleBrain
2024-05-15 13:29:26,j_foerst
2024-05-15 13:29:26,bejitono
2024-05-15 13:29:26,awscloud
2024-05-15 13:29:26,leo_hao
2024-05-15 13:29:26,solreader
2024-05-15 13:29:26,StoryProtocol
2024-05-15 13:29:26,OpenAI
2024-05-20 19:39:01,pingpadio
2024-05-20 19:39:01,btprtio
2024-05-20 19:39:01,longhashvc
2024-05-20 19:39:01,emmacui
2024-05-20 19:39:01,dan_sickles
2024-05-20 19:39:01,reserveprotocol
2024-05-20 19:39:01,Beatport
2024-05-20 19:39:01,dpopstudios
2024-05-20 19:39:01,HBkJKBXXNm
2024-05-20 19:39:01,jamiearbib
2024-05-20 19:39:01,longhashX
2024-05-20 19:39:01,EricBalchunas
2024-05-20 19:39:01,Bloomberg
2024-05-20 19:39:01,0xJMG
2024-05-20 19:39:01,newherexyz
