2024-04-05 20:21:11,ucberkeley
2024-04-05 20:21:11,merkly_com
2024-04-05 20:21:11,CosmosHOSS
2024-04-05 20:21:11,MessariCrypto
2024-04-05 20:21:11,cPiVWCDEbE
2024-04-05 20:21:11,search?q=%24ORAI&src=cashtag_click
2024-04-05 20:21:11,MoonrockCapital
2024-04-05 20:21:11,stratosxyz
2024-04-05 20:21:11,Lukex
2024-04-05 20:21:11,0xNairolf
2024-04-05 20:21:11,calblockchain
2024-04-05 20:21:11,Remitarded
2024-04-05 20:21:11,RarePizzas
2024-04-05 20:21:11,search?q=%24WHALE&src=cashtag_click
2024-04-05 20:21:11,OuroborosCap8
2024-04-05 20:21:11,truffle_hq
2024-04-05 20:21:11,Metaplex
2024-04-05 20:21:11,StealthCoSpy
2024-04-05 20:21:11,irritatedeth
2024-04-05 20:21:11,egW2YPgCis
2024-04-05 20:21:11,search?q=%24STRD&src=cashtag_click
2024-04-05 20:21:11,OpenDiveHQ
2024-04-05 20:21:11,KTX_finance
2024-04-05 20:21:11,sjdedic
2024-04-05 20:21:11,LeatherBTC
2024-04-05 20:21:11,jito_labs
2024-04-05 20:21:11,SyncracyCapital
2024-04-05 20:21:11,EtherealVC
2024-04-05 20:21:11,BETTEW3ST
2024-04-05 20:21:11,EYEKONNFT
2024-04-05 20:21:11,orbital_command
2024-04-05 20:21:11,nuss_eli
2024-04-05 20:21:11,search?q=%24ANDR&src=cashtag_click
2024-04-05 20:21:11,PressStartCap
2024-04-05 20:21:11,FlipsideCrypto
2024-04-05 20:21:11,Leawin_eth
2024-04-05 20:21:11,OuroResearch
2024-04-05 20:21:11,KingWabii
2024-04-05 20:21:11,joinbingbong
2024-04-05 20:21:11,curiousgurnoor
2024-04-05 20:21:11,umbraresearch
2024-04-05 20:21:11,RyanWatkins_
2024-04-05 20:21:11,aoTheComputer
2024-04-05 20:21:11,PolkaHaus
2024-04-05 20:21:11,FoliusVentures
2024-04-05 20:21:11,FantomFDN
2024-04-05 20:21:11,degengambleh
2024-04-05 20:21:11,irvinxyz
2024-04-05 20:21:11,1fWNh60PMT
2024-04-05 20:21:11,nct_labs
2024-04-05 20:21:11,placeholdervc
2024-04-05 20:21:11,0xMITHarvard
2024-04-05 20:21:11,Equilibriafi
2024-04-05 20:21:11,search?q=%24LUNA&src=cashtag_click
2024-04-05 20:21:11,0xSoju
2024-04-05 20:21:11,tfm_com
2024-04-05 20:21:11,becausebitcoin
2024-04-05 20:21:11,xKgCejt1BQ
2024-04-05 20:21:11,GazelleProtocol
2024-04-05 20:21:11,dymension
2024-04-05 20:21:11,mirafoundation_
2024-04-05 20:21:11,holaplex
2024-04-05 20:21:11,nim_network
2024-04-05 20:21:11,cometbft
2024-04-05 20:21:11,BBWealthMGMT
2024-04-05 20:21:11,nostrafinance
2024-04-05 20:21:11,AgoraDollar
2024-04-05 20:21:11,Karan_patell1
2024-04-05 20:21:11,sjpark_21
2024-04-05 20:21:11,eIbyCZMhjL
2024-04-05 20:21:11,BitesDigitalGrp
2024-04-05 20:21:11,jito_sol
2024-04-05 20:21:11,search?q=%24INJ&src=cashtag_click
2024-04-05 20:21:11,dWalletNetwork
2024-04-05 20:21:11,search?q=%24MARS&src=cashtag_click
2024-04-05 20:21:11,skalenetwork
2024-04-05 20:21:11,Obi_Money_
2024-04-05 20:21:11,ParallelTCG
2024-04-05 20:21:11,0xOmri
2024-04-05 20:21:11,Jiritsu_Network
2024-04-05 20:21:11,pudgylicious
2024-04-05 20:21:11,Cobblerja
2024-04-05 20:21:11,goodentrylabs
2024-04-05 20:21:11,modularcloud1
2024-04-05 20:21:11,rebel_defi
2024-04-05 20:21:11,buffalu__
2024-04-05 20:21:11,dWalletLabs
2024-04-05 20:21:11,Crouserrr
2024-04-05 20:21:11,polkachu_intern
2024-04-05 20:21:11,CircuitTrading_
2024-04-05 20:21:11,9IHFkkuCsA
2024-04-05 20:21:11,MulticoinCap
2024-04-05 20:21:11,RDNTCapital
2024-04-05 20:21:11,CC2Ventures
2024-04-05 20:21:11,metaplex
2024-04-05 20:21:11,belle__sol
2024-04-05 20:21:11,polka_chu
2024-04-05 20:21:11,rollbitcom
2024-04-05 20:21:11,tohbee_eth
2024-04-08 15:36:59,EtherealVC
2024-04-08 15:36:59,Remitarded
2024-04-08 15:36:59,MulticoinCap
2024-04-08 15:36:59,nuss_eli
2024-04-08 15:36:59,Cobblerja
2024-04-08 15:36:59,joinbingbong
2024-04-08 15:36:59,jito_sol
2024-04-08 15:36:59,0xminion
2024-04-08 15:36:59,becausebitcoin
2024-04-08 15:36:59,goodentrylabs
2024-04-08 15:36:59,buffalu__
2024-04-08 15:36:59,cPiVWCDEbE
2024-04-08 15:36:59,DegenCitadel
2024-04-08 15:36:59,AltstreetBet
2024-04-08 15:36:59,RarePizzas
2024-04-08 15:36:59,BitesDigitalGrp
2024-04-08 15:36:59,SyncracyCapital
2024-04-08 15:36:59,ParallelTCG
2024-04-08 15:36:59,irritatedeth
2024-04-08 15:36:59,BETTEW3ST
2024-04-08 15:36:59,PenguinsBots
2024-04-08 15:36:59,aoTheComputer
2024-04-08 15:36:59,OpenDiveHQ
2024-04-08 15:36:59,Lukex
2024-04-08 15:36:59,curiousgurnoor
2024-04-08 15:36:59,egW2YPgCis
2024-04-08 15:36:59,irvinxyz
2024-04-08 15:36:59,ayyyeandy
2024-04-08 15:36:59,tohbee_eth
2024-04-08 15:36:59,stratosxyz
2024-04-08 15:36:59,umbraresearch
2024-04-08 15:36:59,dWalletLabs
2024-04-08 15:36:59,modularcloud1
2024-04-08 15:36:59,skalenetwork
2024-04-08 15:36:59,CircuitTrading_
2024-04-08 15:36:59,rollbitcom
2024-04-08 15:36:59,CosmosHOSS
2024-04-08 15:36:59,1fWNh60PMT
2024-04-08 15:36:59,FantomFDN
2024-04-08 15:36:59,KTX_finance
2024-04-08 15:36:59,dymension
2024-04-08 15:36:59,PudgyPenguins
2024-04-08 15:36:59,9IHFkkuCsA
2024-04-08 15:36:59,AgoraDollar
2024-04-08 15:36:59,GazelleProtocol
2024-04-08 15:36:59,LilPudgysBot
2024-04-08 15:36:59,polkachu_intern
2024-04-08 15:36:59,Karan_patell1
2024-04-08 15:36:59,OuroResearch
2024-04-08 15:36:59,search?q=%24ORAI&src=cashtag_click
2024-04-08 15:36:59,degengambleh
2024-04-08 15:36:59,FlipsideCrypto
2024-04-08 15:36:59,merkly_com
2024-04-08 15:36:59,0xMITHarvard
2024-04-08 15:36:59,RyanWatkins_
2024-04-08 15:36:59,holaplex
2024-04-08 15:36:59,HosipO7uEA
2024-04-08 15:36:59,sjdedic
2024-04-08 15:36:59,therollupco
2024-04-08 15:36:59,coinage_media
2024-04-08 15:36:59,EYEKONNFT
2024-04-08 15:36:59,FoliusVentures
2024-04-08 15:36:59,Crouserrr
2024-04-08 15:36:59,Metaplex
2024-04-08 15:36:59,0xNairolf
2024-04-08 15:36:59,LeatherBTC
2024-04-08 15:36:59,Jiritsu_Network
2024-04-08 15:36:59,placeholdervc
2024-04-08 15:36:59,cometbft
2024-04-08 15:36:59,truffle_hq
2024-04-08 15:36:59,Obi_Money_
2024-04-08 15:36:59,gbvofficial
2024-04-08 15:36:59,CC2Ventures
2024-04-08 15:36:59,OuroborosCap8
2024-04-08 15:36:59,nct_labs
2024-04-08 15:36:59,daic_capital
2024-04-08 15:36:59,KingWabii
2024-04-08 15:36:59,coinage_x_daic
2024-04-08 15:36:59,nim_network
2024-04-08 15:36:59,StealthCoSpy
2024-04-08 15:36:59,polka_chu
2024-04-08 15:36:59,eIbyCZMhjL
2024-04-08 15:36:59,metaplex
2024-04-08 15:36:59,0xOmri
2024-04-08 15:36:59,xKgCejt1BQ
2024-04-08 15:36:59,HsakaTrades
2024-04-08 15:36:59,RDNTCapital
2024-04-08 15:36:59,FynnToTheMoon
2024-04-08 15:36:59,PressStartCap
2024-04-08 15:36:59,calblockchain
2024-04-08 15:36:59,ucberkeley
2024-04-08 15:36:59,search?q=%24INJ&src=cashtag_click
2024-04-08 15:36:59,gq53cljiou
2024-04-08 15:36:59,BBWealthMGMT
2024-04-08 15:36:59,pudgylicious
2024-04-08 15:36:59,PolkaHaus
2024-04-08 15:36:59,jito_labs
2024-04-08 15:36:59,belle__sol
2024-04-08 15:36:59,MessariCrypto
2024-04-08 15:36:59,mirafoundation_
2024-04-08 15:36:59,MoonrockCapital
2024-04-08 15:36:59,Leawin_eth
2024-04-08 15:36:59,Equilibriafi
2024-04-08 15:36:59,HuobiGlobal
2024-04-08 15:36:59,dWalletNetwork
2024-04-17 12:47:28,skalenetwork
2024-04-17 12:47:28,egW2YPgCis
2024-04-17 12:47:28,ArchNtwrk
2024-04-17 12:47:28,marginfi
2024-04-17 12:47:28,nim_network
2024-04-17 12:47:28,ucberkeley
2024-04-17 12:47:28,PolkaHaus
2024-04-17 12:47:28,degengambleh
2024-04-17 12:47:28,Equilibriafi
2024-04-17 12:47:28,irritatedeth
2024-04-17 12:47:28,curiousgurnoor
2024-04-17 12:47:28,joinbingbong
2024-04-17 12:47:28,tfm_com
2024-04-17 12:47:28,nct_labs
2024-04-17 12:47:28,aoTheComputer
2024-04-17 12:47:28,becausebitcoin
2024-04-17 12:47:28,placeholdervc
2024-04-17 12:47:28,watchking69
2024-04-17 12:47:28,FlipsideCrypto
2024-04-17 12:47:28,goodentrylabs
2024-04-17 12:47:28,QuantMeta
2024-04-17 12:47:28,SyncracyCapital
2024-04-17 12:47:28,dWalletNetwork
2024-04-17 12:47:28,rebel_defi
2024-04-17 12:47:28,cometbft
2024-04-17 12:47:28,KTX_finance
2024-04-17 12:47:28,6glejkHwE4
2024-04-17 12:47:28,merkly_com
2024-04-17 12:47:28,belle__sol
2024-04-17 12:47:28,BETTEW3ST
2024-04-17 12:47:28,9IHFkkuCsA
2024-04-17 12:47:28,OuroborosCap8
2024-04-17 12:47:28,dWalletLabs
2024-04-17 12:47:28,Remitarded
2024-04-17 12:47:28,nostrafinance
2024-04-17 12:47:28,KingWabii
2024-04-17 12:47:28,MessariCrypto
2024-04-17 12:47:28,solana
2024-04-17 12:47:28,OpenDiveHQ
2024-04-17 12:47:28,RarePizzas
2024-04-17 12:47:28,OuroResearch
2024-04-17 12:47:28,ParallelTCG
2024-04-17 12:47:28,truffle_hq
2024-04-17 12:47:28,LeatherBTC
2024-04-17 12:47:28,irvinxyz
2024-04-17 12:47:28,solayer_labs
2024-04-17 12:47:28,modularcloud1
2024-04-17 12:47:28,mirafoundation_
2024-04-17 12:47:28,GazelleProtocol
2024-04-17 12:47:28,RDNTCapital
2024-04-17 12:47:28,KelsierVentures
2024-04-17 12:47:28,AgoraDollar
2024-04-17 12:47:28,kuzco_xyz
2024-04-17 12:47:28,0xNairolf
2024-04-17 12:47:28,dymension
2024-04-17 12:47:28,cthomasdavis
2024-04-17 12:47:28,Crouserrr
2024-04-17 12:47:28,StealthCoSpy
2024-04-17 12:47:28,calblockchain
2024-04-17 12:47:28,pivotglobal_xyz
2024-04-17 12:47:28,Jiritsu_Network
2024-04-17 12:47:28,cambrianone
2024-04-17 12:47:28,RyanWatkins_
2024-04-17 12:47:28,The_Barrows
2024-04-17 12:47:28,Karan_patell1
2024-04-17 12:47:28,xKgCejt1BQ
2024-04-17 12:47:28,Metaplex
2024-04-17 12:47:28,holaplex
2024-04-17 12:47:28,BitesDigitalGrp
2024-04-17 12:47:28,FantomFDN
2024-04-17 12:47:28,EYEKONNFT
2024-04-17 12:47:28,rollbitcom
2024-04-17 12:47:28,solBOOGLE
2024-04-17 12:47:28,Obi_Money_
2024-04-17 12:47:28,cPiVWCDEbE
2024-04-17 12:47:28,metaplex
2024-04-17 12:47:28,BBWealthMGMT
2024-04-17 12:47:28,CC2Ventures
2024-04-17 12:47:28,edgarpavlovsky
2024-05-03 16:14:03,XterioGames
2024-05-03 16:14:03,holaplex
2024-05-03 16:14:03,NorthIslandVC
2024-05-03 16:14:03,search?q=%24MARS&src=cashtag_click
2024-05-03 16:14:03,NT9hlFAoVz
2024-05-03 16:14:03,QVBDSC6ceK
2024-05-03 16:14:03,solayer_labs
2024-05-03 16:14:03,search?q=%24LUNA&src=cashtag_click
2024-05-03 16:14:03,Pentosh1
2024-05-03 16:14:03,btrflybaby333
2024-05-03 16:14:03,xKgCejt1BQ
2024-05-03 16:14:03,solana
2024-05-03 16:14:03,9IHFkkuCsA
2024-05-03 16:14:03,LowLifeForms
2024-05-03 16:14:03,LuminaDEX
2024-05-03 16:14:03,search?q=%24STRD&src=cashtag_click
2024-05-03 16:14:03,ParallelTCG
2024-05-03 16:14:03,metaplex
2024-05-03 16:14:03,egW2YPgCis
2024-05-03 16:14:03,search?q=%24BFF&src=cashtag_click
2024-05-03 16:14:03,uptopsearch
2024-05-03 16:14:03,rebel_defi
2024-05-03 16:14:03,jito_labs
2024-05-03 16:14:03,BinanceLabs
2024-05-03 16:14:03,gohypelab
2024-05-03 16:14:03,Jiritsu_Network
2024-05-03 16:14:03,FantomFDN
2024-05-03 16:14:03,MinaProtocol
2024-05-03 16:14:03,BLOCKLORDS
2024-05-03 16:14:03,meritcircle_io
2024-05-03 16:14:03,jito_sol
2024-05-03 16:14:03,KelsierVentures
2024-05-03 16:14:03,alex_scharrer
2024-05-03 16:14:03,Aeon_HQ
2024-05-03 16:14:03,ethereum
2024-05-03 16:14:03,6glejkHwE4
2024-05-03 16:14:03,BETTEW3ST
2024-05-03 16:14:03,puppybearsnft
2024-05-03 16:14:03,belle__sol
2024-05-03 16:14:03,dWalletNetwork
2024-05-03 16:14:03,AgoraDollar
2024-05-03 16:14:03,QuantMeta
2024-05-03 16:14:03,truffle_hq
2024-05-03 16:14:03,hbscryptoclub
2024-05-03 16:14:03,TheLionDao
2024-05-03 16:14:03,Hoogii_app
2024-05-03 16:14:03,LEVR_bet
2024-05-03 16:14:03,YFeNiNJxlC
2024-05-03 16:14:03,ApolloByZeus
2024-05-03 16:14:03,getgrass_io
2024-05-03 16:14:03,eoracle_network
2024-05-03 16:14:03,nostrafinance
2024-05-03 16:14:03,pivotglobal_xyz
2024-05-03 16:14:03,diHLlVQQnd
2024-05-03 16:14:03,cthomasdavis
2024-05-03 16:14:03,MNXiV0kOyR
2024-05-03 16:14:03,Harvard
2024-05-03 16:14:03,marginfi
2024-05-03 16:14:03,ArchNtwrk
2024-05-03 16:14:03,TeamIntella
2024-05-03 16:14:03,K6TJbWECRJ
2024-05-03 16:14:03,edgarpavlovsky
2024-05-03 16:14:03,ProsperityTime_
2024-05-03 16:14:03,search?q=%24BTC&src=cashtag_click
2024-05-03 16:14:03,gsrventures
2024-05-03 16:14:03,kentlinyy
2024-05-03 16:14:03,McKinsey
2024-05-03 16:14:03,0xPolygon
2024-05-03 16:14:03,ZeusNetworkHQ
2024-05-03 16:14:03,eigenlayer
2024-05-03 16:14:03,bsx_labs
2024-05-03 16:14:03,search?q=%24WHALE&src=cashtag_click
2024-05-03 16:14:03,Obi_Money_
2024-05-03 16:14:03,OverworldPlay
2024-05-03 16:14:03,stmharry
2024-05-03 16:14:03,KWOjyQ9ttU
2024-05-03 16:14:03,search?q=%24ANDR&src=cashtag_click
2024-05-03 16:14:03,Bitflow_Finance
2024-05-03 16:14:03,Base
2024-05-03 16:14:03,The_Barrows
2024-05-03 16:14:03,buffalu__
2024-05-03 16:14:03,TheRyanLion
2024-05-03 16:14:03,RennickPalley
2024-05-03 16:14:03,K3jhKs95XO
2024-05-03 16:14:03,AIWayfinder
2024-05-03 16:14:03,mysten_labs
2024-05-03 16:14:03,orbital_command
2024-05-03 16:14:03,NEARFoundation
2024-05-03 16:14:03,Stacks
2024-05-03 16:14:03,suinetwork
2024-05-03 16:14:03,kuzco_xyz
2024-05-03 16:14:03,umbraresearch
2024-05-03 16:14:03,BullpenFi
2024-05-03 16:14:03,jsM0D9zBG2
2024-05-03 16:14:03,solBOOGLE
2024-05-03 16:14:03,TravisScher
2024-05-03 16:14:03,metakingstudios
2024-05-03 16:14:03,DavidTiczon
2024-05-03 16:14:03,tfm_com
2024-05-03 16:14:03,Karan_patell1
2024-05-03 16:14:03,GSRVfund
2024-05-03 16:14:03,sophon
2024-05-03 16:14:03,cambrianone
2024-05-03 16:14:03,HashgreenLabs
2024-05-03 16:14:03,watchking69
2024-05-08 16:49:52,Zli5GtOnDe
2024-05-08 16:49:52,hF7mxmJRC3
2024-05-08 16:49:52,WilderWorld
2024-05-08 16:49:52,FeederRotation
2024-05-08 16:49:52,DenariiLabs
2024-05-08 16:49:52,DrewAustin
2024-05-08 16:49:52,knightsofdegen
2024-05-08 16:49:52,RedBeardVC
2024-05-08 16:49:52,WadeandWendy
2024-05-08 19:14:38,0xBalloonLover
2024-05-15 13:24:25,urbitfoundation
2024-05-15 13:24:25,epicenterbtc
2024-05-15 13:24:25,LNV7sE4rjF
2024-05-15 13:24:25,crainbf
2024-05-15 13:24:25,BrenzCrypto
2024-05-15 13:24:25,buildonbeam
2024-05-15 13:24:25,CryptoCapo_
2024-05-15 13:24:25,chorusone
2024-05-15 13:24:25,interchain_io
2024-05-20 19:34:11,HuobiGlobal
2024-05-20 19:34:11,0xminion
2024-05-20 19:34:11,Ripple
2024-05-20 19:34:11,Uniswap
2024-05-20 19:34:11,gbvofficial
2024-05-20 19:34:11,search?q=%24SOL&src=cashtag_click
2024-05-20 19:34:11,EclipseFND
2024-05-20 19:34:11,Allenbaez126
2024-05-20 19:34:11,wolfcapital_
2024-05-20 19:34:11,dYdX
2024-05-20 19:34:11,0xLitquidity
2024-05-20 19:34:11,DegenCitadel
2024-05-20 19:34:11,solsniperxyz
