2024-04-05 21:48:18,azeemk_
2024-04-05 21:48:18,ucberkeley
2024-04-05 21:48:18,ayyyeandy
2024-04-05 21:48:18,sandraaleow
2024-04-05 21:48:18,nomic_ai
2024-04-05 21:48:18,ChapterOne
2024-04-05 21:48:18,x707r7ICRX
2024-04-05 21:48:18,chiefaioffice
2024-04-05 21:48:18,search?q=%24PRIME&src=cashtag_click
2024-04-05 21:48:18,contrary_res
2024-04-05 21:48:18,BitwiseInvest
2024-04-05 21:48:18,UMAprotocol
2024-04-05 21:48:18,nansen_ai
2024-04-05 21:48:18,uwcse
2024-04-05 21:48:18,samecwilliams
2024-04-05 21:48:18,ModdedQuad
2024-04-05 21:48:18,base
2024-04-05 21:48:18,therollupco
2024-04-05 21:48:18,ego_ai_
2024-04-05 21:48:18,jpmorgan
2024-04-05 21:48:18,a16z
2024-04-05 21:48:18,WEF
2024-04-05 21:48:18,partyhatDAO
2024-04-05 21:48:18,hal2001
2024-04-05 21:48:18,Rothmus
2024-04-05 21:48:18,StanfordGSB
2024-04-05 21:48:18,GoldmanSachs
2024-04-05 21:48:18,winnielaux_
2024-04-05 21:48:18,fj1w7BM8K5
2024-04-05 21:48:18,KevinAFischer
2024-04-05 21:48:18,ethena_labs
2024-04-05 21:48:18,natashajaques
2024-04-05 21:48:18,GwartyGwart
2024-04-05 21:48:18,robotventures
2024-04-05 21:48:18,peggy_wang
2024-04-05 21:48:18,AcrossProtocol
2024-04-05 21:48:18,IamTalin
2024-04-05 21:48:18,LangChainAI
2024-04-05 21:48:18,GoogleAI
2024-04-05 21:48:18,hashdex
2024-04-05 21:48:18,uIIGNL3VSj
2024-04-05 21:48:18,NE5yfJ2LgC
2024-04-05 21:48:18,MIT
2024-04-05 21:48:18,UNICEF
2024-04-05 21:48:18,ambergroup_io
2024-04-05 21:48:18,tyw3wjhbp6
2024-04-05 21:48:18,OpenSoulsPBC
2024-04-05 21:48:18,Affinity
2024-04-05 21:48:18,WolvesDAO
2024-04-05 21:48:18,davidchalmers42
2024-04-05 21:48:18,AIWayfinder
2024-04-05 21:48:18,EchelonFND
2024-04-05 21:48:18,vertex_protocol
2024-04-05 21:48:18,neuralink
2024-04-05 21:48:18,Gitcoin
2024-04-05 21:48:18,virtuals_io
2024-04-05 21:48:18,JackLipstone
2024-04-05 21:48:18,blocktower
2024-04-05 21:48:18,packyM
2024-04-05 21:48:18,SolBrah
2024-04-05 21:48:18,RealityLabs
2024-04-05 21:48:18,santiagoroel
2024-04-05 21:48:18,suno_ai_
2024-04-05 21:48:18,ForesightVen
2024-04-05 21:48:18,k2pilot
2024-04-05 21:48:18,speedrun
2024-04-05 21:48:18,dlawant
2024-04-05 21:48:18,stanford
2024-04-05 21:48:18,Meta
2024-04-05 21:48:18,cerebral_valley
2024-04-05 21:48:18,k4Jh6QkERw
2024-04-05 21:48:18,HzSSlGmmwm
2024-04-05 21:48:18,AhmedZRashad
2024-04-05 21:48:18,uBiJzOCHXn
2024-04-05 21:48:18,MacroMate8
2024-04-05 21:48:18,praxisnation
2024-04-05 21:48:18,itsandrewgao
2024-04-05 21:48:18,falconxnetwork
2024-04-05 21:48:18,smF2yQcmvI
2024-04-05 21:48:18,DoraHacks
2024-04-05 21:48:18,_kaitoai
2024-04-05 21:48:18,ParallelTCG
2024-04-05 21:48:18,MorphL2
2024-04-05 21:48:18,8yBF7D03bZ
2024-04-05 21:48:18,Columbia
2024-04-05 21:48:18,Murfski_
2024-04-05 21:48:18,fwdresearch
2024-04-05 21:48:18,v3JCobIT8q
2024-04-05 21:48:18,metastreetxyz
2024-04-05 21:48:18,ErickNomad
2024-04-05 21:48:18,goodalexander
2024-04-08 16:25:21,contrary_res
2024-04-08 16:25:21,HzSSlGmmwm
2024-04-08 16:25:21,tyw3wjhbp6
2024-04-08 16:25:21,a16z
2024-04-08 16:25:21,falconxnetwork
2024-04-08 16:25:21,fwdresearch
2024-04-08 16:25:21,UMAprotocol
2024-04-08 16:25:21,8yBF7D03bZ
2024-04-08 16:25:21,hal2001
2024-04-08 16:25:21,ParallelTCG
2024-04-08 16:25:21,k4Jh6QkERw
2024-04-08 16:25:21,metastreetxyz
2024-04-08 16:25:21,MacroMate8
2024-04-08 16:25:21,OpenSoulsPBC
2024-04-08 16:25:21,ayyyeandy
2024-04-08 16:25:21,MIT
2024-04-08 16:25:21,MorphL2
2024-04-08 16:25:21,davidchalmers42
2024-04-08 16:25:21,Affinity
2024-04-08 16:25:21,Gitcoin
2024-04-08 16:25:21,ForesightVen
2024-04-08 16:25:21,uIIGNL3VSj
2024-04-08 16:25:21,NE5yfJ2LgC
2024-04-08 16:25:21,v3JCobIT8q
2024-04-08 16:25:21,DoraHacks
2024-04-08 16:25:21,StanfordGSB
2024-04-08 16:25:21,sandraaleow
2024-04-08 16:25:21,partyhatDAO
2024-04-08 16:25:21,GoldmanSachs
2024-04-08 16:25:21,Columbia
2024-04-08 16:25:21,fj1w7BM8K5
2024-04-08 16:25:21,vertex_protocol
2024-04-08 16:25:21,packyM
2024-04-08 16:25:21,itsandrewgao
2024-04-08 16:25:21,ChapterOne
2024-04-08 16:25:21,ErickNomad
2024-04-08 16:25:21,search?q=%24PRIME&src=cashtag_click
2024-04-08 16:25:21,ambergroup_io
2024-04-08 16:25:21,WEF
2024-04-08 16:25:21,chiefaioffice
2024-04-08 16:25:21,smF2yQcmvI
2024-04-08 16:25:21,AhmedZRashad
2024-04-08 16:25:21,therollupco
2024-04-08 16:25:21,IamTalin
2024-04-08 16:25:21,GwartyGwart
2024-04-08 16:25:21,AlloraNetwork
2024-04-08 16:25:21,AIWayfinder
2024-04-08 16:25:21,GoogleAI
2024-04-08 16:25:21,robotventures
2024-04-08 16:25:21,uwcse
2024-04-08 16:25:21,dlawant
2024-04-08 16:25:21,k2pilot
2024-04-08 16:25:21,suno_ai_
2024-04-08 16:25:21,ModdedQuad
2024-04-08 16:25:21,JackLipstone
2024-04-08 16:25:21,AdXUVjS3iF
2024-04-08 16:25:21,AcrossProtocol
2024-04-08 16:25:21,azeemk_
2024-04-08 16:25:21,samecwilliams
2024-04-08 16:25:21,RealityLabs
2024-04-08 16:25:21,base
2024-04-08 16:25:21,winnielaux_
2024-04-08 16:25:21,ego_ai_
2024-04-08 16:25:21,uBiJzOCHXn
2024-04-08 16:25:21,SolBrah
2024-04-08 16:25:21,jpmorgan
2024-04-08 16:25:21,goodalexander
2024-04-08 16:25:21,neuralink
2024-04-08 16:25:21,nansen_ai
2024-04-08 16:25:21,EchelonFND
2024-04-08 16:25:21,nomic_ai
2024-04-08 16:25:21,natashajaques
2024-04-08 16:25:21,Meta
2024-04-08 16:25:21,virtuals_io
2024-04-08 16:25:21,Murfski_
2024-04-08 16:25:21,x707r7ICRX
2024-04-08 16:25:21,WolvesDAO
2024-04-08 16:25:21,Rothmus
2024-04-08 16:25:21,ucberkeley
2024-04-08 16:25:21,peggy_wang
2024-04-08 16:25:21,UNICEF
2024-04-08 16:25:21,speedrun
2024-04-08 16:25:21,cerebral_valley
2024-04-08 16:25:21,santiagoroel
2024-04-08 16:25:21,hashdex
2024-04-08 16:25:21,LangChainAI
2024-04-08 16:25:21,blocktower
2024-04-08 16:25:21,_kaitoai
2024-04-08 16:25:21,BitwiseInvest
2024-04-08 16:25:21,stanford
2024-04-08 16:25:21,praxisnation
2024-04-08 16:25:21,ethena_labs
2024-04-08 16:25:21,KevinAFischer
2024-04-08 12:05:21,nebula_ai
2024-04-08 12:05:21,JackLipstone
2024-04-08 12:05:21,partyhatDAO
2024-04-08 12:05:21,OpenSoulsPBC
2024-04-08 12:05:21,therollupco
2024-04-08 12:05:21,AlloraNetwork
2024-04-08 12:05:21,k4Jh6QkERw
2024-04-08 12:05:21,ErickNomad
2024-04-08 12:05:21,uIIGNL3VSj
2024-04-08 12:05:21,virtuals_io
2024-04-08 12:05:21,peggy_wang
2024-04-08 12:05:21,winnielaux_
2024-04-08 12:05:21,DoraHacks
2024-04-08 12:05:21,praxisnation
2024-04-08 12:05:21,x707r7ICRX
2024-04-08 12:05:21,ForesightVen
2024-04-08 12:05:21,lagrangedao
2024-04-08 12:05:21,WEF
2024-04-08 12:05:21,LangChainAI
2024-04-08 12:05:21,davidchalmers42
2024-04-08 12:05:21,uwcse
2024-04-08 12:05:21,goodalexander
2024-04-08 12:05:21,AhmedZRashad
2024-04-08 12:05:21,AdXUVjS3iF
2024-04-08 12:05:21,UMAprotocol
2024-04-08 12:05:21,jpmorgan
2024-04-08 12:05:21,natashajaques
2024-04-08 12:05:21,GwartyGwart
2024-04-08 12:05:21,MIT
2024-04-08 12:05:21,a16z
2024-04-08 12:05:21,Gitcoin
2024-04-08 12:05:21,IamTalin
2024-04-08 12:05:21,fwdresearch
2024-04-08 12:05:21,MorphL2
2024-04-08 12:05:21,ethena_labs
2024-04-08 12:05:21,falconxnetwork
2024-04-08 12:05:21,ego_ai_
2024-04-08 12:05:21,nomic_ai
2024-04-08 12:05:21,EchelonFND
2024-04-08 12:05:21,Meta
2024-04-08 12:05:21,chiefaioffice
2024-04-08 12:05:21,GoldmanSachs
2024-04-08 12:05:21,UNICEF
2024-04-08 12:05:21,DeGodsNFT
2024-04-08 12:05:21,metastreetxyz
2024-04-08 12:05:21,ucberkeley
2024-04-08 12:05:21,samecwilliams
2024-04-08 12:05:21,Murfski_
2024-04-08 12:05:21,suno_ai_
2024-04-08 12:05:21,hal2001
2024-04-08 12:05:21,base
2024-04-08 12:05:21,BitwiseInvest
2024-04-08 12:05:21,ayyyeandy
2024-04-08 12:05:21,Techstars
2024-04-08 12:05:21,Affinity
2024-04-08 12:05:21,v3JCobIT8q
2024-04-08 12:05:21,stanford
2024-04-08 12:05:21,GoogleAI
2024-04-08 12:05:21,ParallelTCG
2024-04-08 12:05:21,8yBF7D03bZ
2024-04-08 12:05:21,Columbia
2024-04-08 12:05:21,blocktower
2024-04-08 12:05:21,itsandrewgao
2024-04-08 12:05:21,NE5yfJ2LgC
2024-04-08 12:05:21,hashdex
2024-04-08 12:05:21,neuralink
2024-04-08 12:05:21,RealityLabs
2024-04-08 12:05:21,vertex_protocol
2024-04-08 12:05:21,contrary_res
2024-04-08 12:05:21,StanfordGSB
2024-04-08 12:05:21,search?q=%24PRIME&src=cashtag_click
2024-04-08 12:05:21,WolvesDAO
2024-04-08 12:05:21,smF2yQcmvI
2024-04-08 12:05:21,SolBrah
2024-04-08 12:05:21,cerebral_valley
2024-04-08 12:05:21,ModdedQuad
2024-04-08 12:05:21,_kaitoai
2024-04-08 12:05:21,azeemk_
2024-04-08 12:05:21,nansen_ai
2024-04-08 12:05:21,AIWayfinder
2024-04-08 12:05:21,HzSSlGmmwm
2024-04-08 12:05:21,fj1w7BM8K5
2024-04-08 12:05:21,dlawant
2024-04-08 12:05:21,packyM
2024-04-08 12:05:21,k2pilot
2024-04-08 12:05:21,santiagoroel
2024-04-08 12:05:21,tyw3wjhbp6
2024-04-08 12:05:21,uBiJzOCHXn
2024-04-08 12:05:21,DeAthleticsxyz
2024-04-08 12:05:21,0xcharlescao
2024-04-08 12:05:21,ChapterOne
2024-04-08 12:05:21,speedrun
2024-04-08 12:05:21,KevinAFischer
2024-04-08 12:05:21,MacroMate8
2024-04-08 12:05:21,sandraaleow
2024-04-08 12:05:21,sunnymaanz
2024-04-08 12:05:21,AcrossProtocol
2024-04-08 12:05:21,robotventures
2024-04-08 12:05:21,ambergroup_io
2024-04-08 12:05:21,swan_chain
2024-04-08 12:05:21,Rothmus
2024-04-17 13:32:28,neoclassiccap
2024-04-17 13:32:28,ucberkeley
2024-04-17 13:32:28,virtuals_io
2024-04-17 13:32:28,NousResearch
2024-04-17 13:32:28,TeraWulfInc
2024-04-17 13:32:28,Safaryclub
2024-04-17 13:32:28,theinformation
2024-04-17 13:32:28,GCRClassic
2024-04-17 13:32:28,karan4d
2024-04-17 13:32:28,ambergroup_io
2024-04-17 13:32:28,ego_ai_
2024-04-17 13:32:28,dlawant
2024-04-17 13:32:28,fwdresearch
2024-04-17 13:32:28,OpenSoulsPBC
2024-04-17 13:32:28,UNICEF
2024-04-17 13:32:28,chiefaioffice
2024-04-17 13:32:28,goodgamepodxyz
2024-04-17 13:32:28,winnielaux_
2024-04-17 13:32:28,MorphL2
2024-04-17 13:32:28,FoliusVentures
2024-04-17 13:32:28,RealityLabs
2024-04-17 13:32:28,Yueqi_Yang
2024-04-17 13:32:28,_kaitoai
2024-04-17 13:32:28,suno_ai_
2024-04-17 13:32:28,nomic_ai
2024-04-17 13:32:28,StanfordGSB
2024-04-17 13:32:28,x707r7ICRX
2024-04-17 13:32:28,bidclubio
2024-04-17 13:32:28,sfrankel9
2024-04-17 13:32:28,BitwiseInvest
2024-04-17 13:32:28,ModdedQuad
2024-04-17 13:32:28,smF2yQcmvI
2024-04-17 13:32:28,k4Jh6QkERw
2024-04-17 13:32:28,warp_contracts
2024-04-17 13:32:28,lmrankhan
2024-04-17 13:32:28,GoldmanSachs
2024-04-17 13:32:28,a16z
2024-04-17 13:32:28,partyhatDAO
2024-04-17 13:32:28,contrary_res
2024-04-17 13:32:28,falconxnetwork
2024-04-17 13:32:28,Gitcoin
2024-04-17 13:32:28,IamTalin
2024-04-17 13:32:28,GoogleAI
2024-04-17 13:32:28,uIIGNL3VSj
2024-04-17 13:32:28,base
2024-04-17 13:32:28,EchelonFND
2024-04-17 13:32:28,Marcin_Kaz13
2024-04-17 13:32:28,qwqiao
2024-04-17 13:32:28,uwcse
2024-04-17 13:32:28,redstone_defi
2024-04-17 13:32:28,sandraaleow
2024-04-17 13:32:28,JackLipstone
2024-04-17 13:32:28,uBiJzOCHXn
2024-04-17 13:32:28,azeemk_
2024-04-17 13:32:28,ParallelTCG
2024-04-17 13:32:28,VCBrags
2024-04-17 13:32:28,ETHWarsaw
2024-04-17 13:32:28,SolBrah
2024-04-17 13:32:28,Rothmus
2024-04-17 13:32:28,MIT
2024-04-17 13:32:28,MikeBucella
2024-04-17 13:32:28,CarnegieMellon
2024-04-17 13:32:28,KevinAFischer
2024-04-17 13:32:28,MapleLeafCap
2024-04-17 13:32:28,packyM
2024-04-17 13:32:28,hashdex
2024-04-17 13:32:28,ForesightVen
2024-04-17 13:32:28,k2pilot
2024-04-17 13:32:28,nansen_ai
2024-04-17 13:32:28,kernel0x
2024-04-17 13:32:28,coinbase
2024-04-17 13:32:28,ChapterOne
2024-04-17 13:32:28,peggy_wang
2024-04-17 13:32:28,SaGT3y9AtE
2024-04-17 13:32:28,goodalexander
2024-04-17 13:32:28,v3JCobIT8q
2024-04-17 13:32:28,praxisnation
2024-04-17 13:32:28,culturefever
2024-04-17 13:32:28,itsandrewgao
2024-04-17 13:32:28,GiganticRebirth
2024-04-17 13:32:28,jpmorgan
2024-04-17 13:32:28,PlayableWorlds
2024-04-17 13:32:28,davidchalmers42
2024-04-17 13:32:28,raphkoster
2024-04-17 13:32:28,speedrun
2024-04-17 13:32:28,AIWayfinder
2024-04-17 13:32:28,binji_x
2024-04-17 13:32:28,hyperbolic_labs
2024-04-17 13:32:28,AhmedZRashad
2024-04-17 13:32:28,Meta
2024-04-17 13:32:28,blocktower
2024-04-17 13:32:28,natashajaques
2024-04-17 13:32:28,neuralink
2024-04-17 13:32:28,samecwilliams
2024-04-17 13:32:28,tyw3wjhbp6
2024-04-17 13:32:28,LangChainAI
2024-04-17 13:32:28,alliancedao
2024-04-17 13:32:28,stanford
2024-04-17 13:32:28,WEF
2024-04-17 13:32:28,u4X6lczRRX
2024-04-17 13:32:28,DeltaPrimeDefi
2024-04-17 13:32:28,optimism
2024-04-17 13:32:28,search?q=%24PRIME&src=cashtag_click
2024-04-17 13:32:28,WolvesDAO
2024-05-03 16:55:38,IAmNickDodson
2024-05-03 16:55:38,safe
2024-05-03 16:55:38,VectorInst
2024-05-03 16:55:38,_Kelly_Ye_
2024-05-03 16:55:38,ashleevance
2024-05-03 16:55:38,fractalclearing
2024-05-03 16:55:38,Mclader
2024-05-03 16:55:38,InstitutVecteur
2024-05-03 16:55:38,HBO
2024-05-03 16:55:38,blumcrypto
2024-05-03 16:55:38,uniswap
2024-05-03 16:55:38,guDR0d4IA7
2024-05-03 16:55:38,fuel_network
2024-05-03 16:55:38,xmJsD4671g
2024-05-03 16:55:38,Delphi_Ventures
2024-05-03 16:55:38,Kevin_Kelly_II
2024-05-03 16:55:38,12lAgpqoYo
2024-05-03 16:55:38,Delphi_Digital
2024-05-08 17:06:03,adcock_brett
2024-05-08 17:06:03,Figure_robot
2024-05-08 17:06:03,YanLiberman
2024-05-09 17:02:33,AyokiRoll
2024-05-09 17:02:33,stevedaines
2024-05-09 17:02:33,kelly_cfa
2024-05-09 17:02:33,taylorjbarr
2024-05-09 17:02:33,AmericaFrontier
2024-05-09 17:02:33,AcrossProtocol
2024-05-09 17:02:33,DigitalChamber
2024-05-09 17:02:33,digitalpowerus
2024-05-09 17:02:33,shoyu_nft
2024-05-09 17:02:33,sushiswap
2024-05-10 16:09:03,6FJw1MUInY
2024-05-10 16:09:03,EEVuLzXlrt
2024-05-10 16:09:03,dawnsongtweets
2024-05-10 16:09:03,zsy7xn4mDk
2024-05-15 13:39:28,adamsulik1988
2024-05-15 13:39:28,OpenAI
2024-05-15 13:39:28,janleike
2024-05-15 13:39:28,EpochAIResearch
