2024-04-05 22:54:22,ucberkeley
2024-04-05 22:54:22,OpenPipeAI
2024-04-05 22:54:22,ItsAlwaysZonny
2024-04-05 22:54:22,pumatheuma
2024-04-05 22:54:22,sinitias
2024-04-05 22:54:22,solsniperxyz
2024-04-05 22:54:22,calblockchain
2024-04-05 22:54:22,linera_io
2024-04-05 22:54:22,blockworks_
2024-04-05 22:54:22,OpenAI
2024-04-05 22:54:22,Ljcu33kYzv
2024-04-05 22:54:22,MetricsDAO
2024-04-05 22:54:22,Harvard
2024-04-05 22:54:22,monkedao
2024-04-05 22:54:22,lighthouseproto
2024-04-05 22:54:22,baxusco
2024-04-05 22:54:22,Hydrogen_Labs
2024-04-05 22:54:22,ycombinator
2024-04-05 22:54:22,Stanford
2024-04-05 22:54:22,0xjaypeg
2024-04-05 22:54:22,jacobdotsol
2024-04-05 22:54:22,mattyklein_
2024-04-05 22:54:22,ionet
2024-04-05 22:54:22,HighCoinviction
2024-04-05 22:54:22,ethena_labs
2024-04-05 22:54:22,LightDotSo
2024-04-05 22:54:22,trentdotsol
2024-04-05 22:54:22,BainandCompany
2024-04-05 22:54:22,BinanceLabs
2024-04-05 22:54:22,moodrowghani
2024-04-05 22:54:22,thebellcurvepod
2024-04-05 22:54:22,avax
2024-04-05 22:54:22,SyncracyCapital
2024-04-05 22:54:22,agentopsai
2024-04-05 22:54:22,Filecoin
2024-04-05 22:54:22,momack28
2024-04-05 22:54:22,WalletConnect
2024-04-05 22:54:22,punwaiw
2024-04-05 22:54:22,emceecoy_
2024-04-05 22:54:22,JumperExchange
2024-04-05 22:54:22,SashaSpiegelman
2024-04-05 22:54:22,0xHushky
2024-04-05 22:54:22,angelaywyi
2024-04-05 22:54:22,curiousgurnoor
2024-04-05 22:54:22,anagramxyz
2024-04-05 22:54:22,kuzco_xyz
2024-04-05 22:54:22,0xen1
2024-04-05 22:54:22,Rd6T1qdPLj
2024-04-05 22:54:22,foomvc
2024-04-05 22:54:22,nickymontanaa
2024-04-05 22:54:22,BAXUSco
2024-04-05 22:54:22,tensor_hq
2024-04-05 22:54:22,leantJPG
2024-04-05 22:54:22,Nascentxyz
2024-04-05 22:54:22,jg_bernardes
2024-04-05 22:54:22,IPFS
2024-04-05 22:54:22,jaredq_
2024-04-05 22:54:22,web3princess
2024-04-05 22:54:22,Mega_Fund
2024-04-05 22:54:22,AlexReibman
2024-04-05 22:54:22,placeholdervc
2024-04-05 22:54:22,TheSpaceVC
2024-04-05 22:54:22,google
2024-04-05 22:54:22,r5t8blnkMN
2024-04-05 22:54:22,ConorRyder
2024-04-05 22:54:22,pageonegg
2024-04-05 22:54:22,columbia
2024-04-05 22:54:22,tervoooo
2024-04-05 22:54:22,shunkakinoki
2024-04-05 22:54:22,dJGr6LgzPA
2024-04-05 22:54:22,Treasury_GMI
2024-04-05 22:54:22,anza_xyz
2024-04-05 22:54:22,ArchNtwrk
2024-04-05 22:54:22,0xfinetuned
2024-04-05 22:54:22,MeirBank
2024-04-05 22:54:22,initiaFDN
2024-04-05 22:54:22,hGdUJZgPDZ
2024-04-05 22:54:22,bondcap
2024-04-05 22:54:22,mlfoundry
2024-04-05 22:54:22,KaikoData
2024-04-05 22:54:22,q5mHPJDobs
2024-04-05 22:54:22,Blockdaemon
2024-04-05 22:54:22,circle
2024-04-05 22:54:22,paddi_hansen
2024-04-05 22:54:22,beefman37
2024-04-05 22:54:22,ProtocolLabs
2024-04-05 22:54:22,citi
2024-04-05 22:54:22,aptoslabs
2024-04-05 22:54:22,succinctlabs
2024-04-05 22:54:22,moquN9Tm2q
2024-04-05 22:54:22,lifiprotocol
2024-04-05 22:54:22,corbtt
2024-04-05 22:54:22,DeepMind
2024-04-05 22:54:22,6glejkHwE4
2024-04-05 22:54:22,lacostejonathan
2024-04-05 22:54:22,MyzTtMZXWR
2024-04-05 22:54:22,bidclubio
2024-04-05 22:54:22,MD9jXsNW0X
2024-04-05 22:54:22,ConsenSys
2024-04-05 22:54:22,ionet_official
2024-04-05 22:54:22,bergealex4
2024-04-05 22:54:22,solana
2024-04-05 22:54:22,solanalabs
2024-04-05 22:54:22,zkPass
2024-04-08 16:59:21,CV5Ov5Vmcd
2024-04-08 16:59:21,Mega_Fund
2024-04-08 16:59:21,baxusco
2024-04-08 16:59:21,WalletConnect
2024-04-08 16:59:21,succinctlabs
2024-04-08 16:59:21,moodrowghani
2024-04-08 16:59:21,Harvard
2024-04-08 16:59:21,ycombinator
2024-04-08 16:59:21,SyncracyCapital
2024-04-08 16:59:21,IPFS
2024-04-08 16:59:21,jg_bernardes
2024-04-08 16:59:21,MetricsDAO
2024-04-08 16:59:21,foomvc
2024-04-08 16:59:21,solanalabs
2024-04-08 16:59:21,tensor_hq
2024-04-08 16:59:21,Filecoin
2024-04-08 16:59:21,nickymontanaa
2024-04-08 16:59:21,angelaywyi
2024-04-08 16:59:21,Rd6T1qdPLj
2024-04-08 16:59:21,agentopsai
2024-04-08 16:59:21,TheSpaceVC
2024-04-08 16:59:21,pumatheuma
2024-04-08 16:59:21,solana
2024-04-08 16:59:21,OpenAI
2024-04-08 16:59:21,shunkakinoki
2024-04-08 16:59:21,Blockdaemon
2024-04-08 16:59:21,Ryanair
2024-04-08 16:59:21,citi
2024-04-08 16:59:21,emceecoy_
2024-04-08 16:59:21,lifiprotocol
2024-04-08 16:59:21,jaredq_
2024-04-08 16:59:21,DeepMind
2024-04-08 16:59:21,6glejkHwE4
2024-04-08 16:59:21,hGdUJZgPDZ
2024-04-08 16:59:21,JumperExchange
2024-04-08 16:59:21,bergealex4
2024-04-08 16:59:21,bondcap
2024-04-08 16:59:21,lacostejonathan
2024-04-08 16:59:21,initiaFDN
2024-04-08 16:59:21,leantJPG
2024-04-08 16:59:21,mlfoundry
2024-04-08 16:59:21,trentdotsol
2024-04-08 16:59:21,MD9jXsNW0X
2024-04-08 16:59:21,OpenPipeAI
2024-04-08 16:59:21,columbia
2024-04-08 16:59:21,corbtt
2024-04-08 16:59:21,MyzTtMZXWR
2024-04-08 16:59:21,punwaiw
2024-04-08 16:59:21,0xHushky
2024-04-08 16:59:21,0xen1
2024-04-08 16:59:21,r5t8blnkMN
2024-04-08 16:59:21,BAXUSco
2024-04-08 16:59:21,BainandCompany
2024-04-08 16:59:21,pageonegg
2024-04-08 16:59:21,linera_io
2024-04-08 16:59:21,momack28
2024-04-08 16:59:21,Stanford
2024-04-08 16:59:21,Nascentxyz
2024-04-08 16:59:21,moquN9Tm2q
2024-04-08 16:59:21,tervoooo
2024-04-08 16:59:21,askryanair
2024-04-08 16:59:21,HighCoinviction
2024-04-08 16:59:21,blockworks_
2024-04-08 16:59:21,Ljcu33kYzv
2024-04-08 16:59:21,Treasury_GMI
2024-04-08 16:59:21,kuzco_xyz
2024-04-08 16:59:21,KaikoData
2024-04-08 16:59:21,Hydrogen_Labs
2024-04-08 16:59:21,ItsAlwaysZonny
2024-04-08 16:59:21,web3princess
2024-04-08 16:59:21,avax
2024-04-08 16:59:21,dJGr6LgzPA
2024-04-08 16:59:21,google
2024-04-08 16:59:21,0xjaypeg
2024-04-08 16:59:21,zkPass
2024-04-08 16:59:21,LightDotSo
2024-04-08 16:59:21,mattyklein_
2024-04-08 16:59:21,MeirBank
2024-04-08 16:59:21,ProtocolLabs
2024-04-08 16:59:21,AlexReibman
2024-04-08 16:59:21,BinanceLabs
2024-04-08 16:59:21,ConorRyder
2024-04-08 16:59:21,ConsenSys
2024-04-08 16:59:21,anagramxyz
2024-04-08 16:59:21,anza_xyz
2024-04-08 16:59:21,stanford
2024-04-08 16:59:21,thebellcurvepod
2024-04-08 16:59:21,sinitias
2024-04-08 16:59:21,ethena_labs
2024-04-08 16:59:21,ionet
2024-04-08 12:25:48,trentdotsol
2024-04-08 12:25:48,foomvc
2024-04-08 12:25:48,thebellcurvepod
2024-04-08 12:25:48,CV5Ov5Vmcd
2024-04-08 12:25:48,blockworks_
2024-04-08 12:25:48,anza_xyz
2024-04-08 12:25:48,shunkakinoki
2024-04-08 12:25:48,jaredq_
2024-04-08 12:25:48,ConsenSys
2024-04-08 12:25:48,solanalabs
2024-04-08 12:25:48,OpenPipeAI
2024-04-08 12:25:48,mlfoundry
2024-04-08 12:25:48,jg_bernardes
2024-04-08 12:25:48,anagramxyz
2024-04-08 12:25:48,ycombinator
2024-04-08 12:25:48,LightDotSo
2024-04-08 12:25:48,HighCoinviction
2024-04-08 12:25:48,nickymontanaa
2024-04-08 12:25:48,bergealex4
2024-04-08 12:25:48,google
2024-04-08 12:25:48,ProtocolLabs
2024-04-08 12:25:48,Ryanair
2024-04-08 12:25:48,Blockdaemon
2024-04-08 12:25:48,MetricsDAO
2024-04-08 12:25:48,moquN9Tm2q
2024-04-08 12:25:48,SyncracyCapital
2024-04-08 12:25:48,emceecoy_
2024-04-08 12:25:48,BinanceLabs
2024-04-08 12:25:48,WalletConnect
2024-04-08 12:25:48,AlexReibman
2024-04-08 12:25:48,DeepMind
2024-04-08 12:25:48,Mega_Fund
2024-04-08 12:25:48,agentopsai
2024-04-08 12:25:48,Stanford
2024-04-08 12:25:48,askryanair
2024-04-08 12:25:48,corbtt
2024-04-17 14:07:45,ConorRyder
2024-04-17 14:07:45,Rd6T1qdPLj
2024-04-17 14:07:45,OpenPipeAI
2024-04-17 14:07:45,foomvc
2024-04-17 14:07:45,ucberkeley
2024-04-17 14:07:45,r5t8blnkMN
2024-04-17 14:07:45,0xen1
2024-04-17 14:07:45,aptoslabs
2024-04-17 14:07:45,thebellcurvepod
2024-04-17 14:07:45,citi
2024-04-17 14:07:45,anagramxyz
2024-04-17 14:07:45,curiousgurnoor
2024-04-17 14:07:45,leantJPG
2024-04-17 14:07:45,columbia
2024-04-17 14:07:45,AlexReibman
2024-04-17 14:07:45,placeholdervc
2024-04-17 14:07:45,mattyklein_
2024-04-17 14:07:45,BAXUSco
2024-04-17 14:07:45,dJGr6LgzPA
2024-04-17 14:07:45,IPFS
2024-04-17 14:07:45,SolanaFndn
2024-04-17 14:07:45,linera_io
2024-04-17 14:07:45,JumperExchange
2024-04-17 14:07:45,MD9jXsNW0X
2024-04-17 14:07:45,tensor_hq
2024-04-17 14:07:45,hGdUJZgPDZ
2024-04-17 14:07:45,pageonegg
2024-04-17 14:07:45,SyncracyCapital
2024-04-17 14:07:45,punwaiw
2024-04-17 14:07:45,angelaywyi
2024-04-17 14:07:45,lifiprotocol
2024-04-17 14:07:45,ethena_labs
2024-04-17 14:07:45,momack28
2024-04-17 14:07:45,Treasury_GMI
2024-04-17 14:07:45,KaikoData
2024-04-17 14:07:45,6glejkHwE4
2024-04-17 14:07:45,Nascentxyz
2024-04-17 14:07:45,OpenAI
2024-04-17 14:07:45,CV5Ov5Vmcd
2024-04-17 14:07:45,Filecoin
2024-04-17 14:07:45,ItsAlwaysZonny
2024-04-17 14:07:45,BinanceLabs
2024-04-17 14:07:45,zkPass
2024-04-17 14:07:45,trentdotsol
2024-04-17 14:07:45,ProtocolLabs
2024-04-17 14:07:45,solana
2024-04-17 14:07:45,web3princess
2024-04-17 14:07:45,BainandCompany
2024-04-17 14:07:45,MeirBank
2024-04-17 14:07:45,Harvard
2024-04-17 14:07:45,google
2024-04-17 14:07:45,bondcap
2024-04-17 14:07:45,rexstjohn
2024-04-17 14:07:45,ionet
2024-04-17 14:07:45,ConsenSys
2024-04-17 14:07:45,LightDotSo
2024-04-17 14:07:45,DriftFDN
2024-04-17 14:07:45,jg_bernardes
2024-04-17 14:07:45,SashaSpiegelman
2024-04-17 14:07:45,Ryanair
2024-04-17 14:07:45,askryanair
2024-04-17 14:07:45,solanaguvnor
2024-04-17 14:07:45,Blockdaemon
2024-04-17 14:07:45,mlfoundry
2024-04-17 14:07:45,moquN9Tm2q
2024-04-17 14:07:45,sinitias
2024-04-17 14:07:45,_FilOz
2024-04-17 14:07:45,corbtt
2024-04-17 14:07:45,avax
2024-04-17 14:07:45,ReFiSummit
2024-04-17 14:07:45,HighCoinviction
2024-04-17 14:07:45,initiaFDN
2024-04-17 14:07:45,agentopsai
2024-04-17 14:07:45,succinctlabs
2024-04-17 14:07:45,emceecoy_
2024-04-17 14:07:45,kuzco_xyz
2024-04-17 14:07:45,ycombinator
2024-04-17 14:07:45,TheSpaceVC
2024-04-17 14:07:45,bergealex4
2024-04-17 14:07:45,jaredq_
2024-04-17 14:07:45,calblockchain
2024-04-17 14:07:45,Mega_Fund
2024-04-17 14:07:45,TimGarcia0
2024-04-17 14:07:45,anza_xyz
2024-04-17 14:07:45,baxusco
2024-04-17 14:07:45,lacostejonathan
2024-04-17 14:07:45,MetricsDAO
2024-04-17 14:07:45,Hydrogen_Labs
2024-04-17 14:07:45,moodrowghani
2024-04-17 14:07:45,MyzTtMZXWR
2024-04-17 14:07:45,BitcoinMagazine
2024-04-17 14:07:45,solanalabs
2024-04-17 14:07:45,tervoooo
2024-04-17 14:07:45,shunkakinoki
2024-04-17 14:07:45,pumatheuma
2024-04-17 14:07:45,0xHushky
2024-04-17 14:07:45,Stanford
2024-04-17 14:07:45,0xjaypeg
2024-04-17 14:07:45,stanford
2024-04-17 14:07:45,nickymontanaa
2024-04-17 14:07:45,DeepMind
2024-04-17 14:07:45,blockworks_
2024-04-17 14:07:45,Ljcu33kYzv
2024-05-03 17:11:49,delphi_labs
2024-05-03 17:11:49,GauravTdhinait
2024-05-03 17:11:49,SmokeyTheBera
2024-05-03 17:11:49,paradigm
2024-05-03 17:11:49,berachain
2024-05-03 17:11:49,ma2bd
2024-05-03 17:11:49,rOpfWgElhH
2024-05-03 17:11:49,OffchainLabs
2024-05-03 17:11:49,Figuremarkets
2024-05-03 17:11:49,watchesio
2024-05-03 17:11:49,arjunnchand
2024-05-03 17:11:49,nazkabbani
2024-05-03 17:11:49,Figure
2024-05-03 17:11:49,ArchNtwrk
2024-05-03 17:11:49,mcagney
2024-05-03 17:11:49,Square
2024-05-03 17:11:49,CryptoIsCute
2024-05-03 17:11:49,buildabera
2024-05-03 17:11:49,Bridgewater
2024-05-03 17:11:49,ethstatus
2024-05-03 17:11:49,AnonPlatform
2024-05-03 17:11:49,S0I6ucPAHk
2024-05-03 17:11:49,stacks
2024-05-03 17:11:49,Sei_FND
2024-05-03 17:11:49,Docker
2024-05-03 17:11:49,Anchorage
2024-05-03 17:11:49,PlonskierJake
2024-05-03 17:11:49,jumperexchange
2024-05-03 17:11:49,mattyTokenomics
2024-05-03 17:11:49,diogomonica
2024-05-08 17:21:06,HivemapperFndn
2024-05-08 17:21:06,TravisBickle0x
2024-05-08 17:21:06,0xMikado
2024-05-08 17:21:06,0xKipit
2024-05-08 17:21:06,fantasy_top_
2024-05-10 16:20:35,based16z
2024-05-15 13:51:23,HFAresearch
2024-05-15 13:51:23,fanduel
2024-05-15 13:51:23,0xSteadyLads
2024-05-15 13:51:23,CryptoMarketWiz
2024-05-15 13:51:23,proofofmud
2024-05-15 13:51:23,JustinCBram
2024-05-15 13:51:23,0xMantle
2024-05-15 13:51:23,AstariaXYZ
2024-05-15 13:51:23,Kevin0x4A
2024-05-15 13:51:23,bet_hog
2024-05-15 13:51:23,nigeleccles
2024-05-15 13:51:23,TaikiMaeda2
2024-05-15 13:51:23,archntwrk
2024-05-15 13:51:23,SeliniCapital
2024-05-15 13:51:23,gametheorizing
2024-05-15 13:51:23,betdexlabs
2024-05-20 20:01:32,snxambassadors
2024-05-20 20:01:32,blockworksres
2024-05-20 20:01:32,brandontulsi
2024-05-20 20:01:32,WestieCapital
2024-05-20 20:01:32,Truffle_HQ
2024-05-20 20:01:32,backpack
2024-05-20 20:01:32,metaplex
