2024-04-05 22:03:30,oslocations
2024-04-05 22:03:30,zackabaker
2024-04-05 22:03:30,TNA_Capital
2024-04-05 22:03:30,yueko__
2024-04-05 22:03:30,planet_nerf
2024-04-05 22:03:30,drowsynet
2024-04-05 22:03:30,realtarquinism
2024-04-05 22:03:30,hashthetics
2024-04-05 22:03:30,unanon_
2024-04-05 22:03:30,jcbstwsk
2024-04-05 22:03:30,puritysniper
2024-04-05 22:03:30,mindpalaceai
2024-04-05 22:03:30,mmrsrv
2024-04-05 22:03:30,GrahamDuncanNYC
2024-04-05 22:03:30,echodotxyz
2024-04-05 22:03:30,HxroNetwork
2024-04-05 22:03:30,betafuzz
2024-04-05 22:03:30,houses
2024-04-05 22:03:30,Gallus48314510
2024-04-05 22:03:30,tom777cruise
2024-04-05 22:03:30,redaction
2024-04-05 22:03:30,kmkmxo
2024-04-05 22:03:30,qvale
2024-04-05 22:03:30,jaesop_
2024-04-05 22:03:30,Pars3c1
2024-04-05 22:03:30,search?q=%24CNV&src=cashtag_click
2024-04-05 22:03:30,DeadCaitBounce
2024-04-05 22:03:30,octra
2024-04-05 22:03:30,uncorkcap
2024-04-05 22:03:30,0xdasha
2024-04-05 22:03:30,disintermedi8
2024-04-05 22:03:30,FWBtweets
2024-04-05 22:03:30,britesense
2024-04-05 22:03:30,remilio64
2024-04-05 22:03:30,jamespoulos
2024-04-05 22:03:30,Chaos17488465
2024-04-05 22:03:30,0xTheGreatApe
2024-04-05 22:03:30,egirl_capital
2024-04-05 22:03:30,johannesbay
2024-04-05 22:03:30,ThePepperDEX
2024-04-05 22:03:30,212jv
2024-04-05 22:03:30,init_infinity
2024-04-05 22:03:30,GoGetItMan28
2024-04-05 22:03:30,realtarquinable
2024-04-05 22:03:30,EVIAEAI
2024-04-05 22:03:30,max21e8
2024-04-05 22:03:30,moonwalkfitness
2024-04-05 22:03:30,bitfond
2024-04-05 22:03:30,ConcaveFi
2024-04-05 22:03:30,CL207
2024-04-05 22:03:30,thomasmurphy__
2024-04-05 22:03:30,study_cap
2024-04-05 22:03:30,water_miner
2024-04-05 22:03:30,init_malachi
2024-04-08 16:32:46,Eco
2024-04-08 16:32:46,Arete_xyz
2024-04-08 16:32:46,chrx_h
2024-04-08 16:32:46,DriftProtocol
2024-04-08 16:32:46,uncorkcap
2024-04-08 16:32:46,joeykrug
2024-04-08 16:32:46,Pars3c1
2024-04-08 16:32:46,HaikuJAM
2024-04-08 16:32:46,init_malachi
2024-04-08 16:32:46,DeadCaitBounce
2024-04-08 16:32:46,Little_Machines
2024-04-08 16:32:46,planet_nerf
2024-04-08 16:32:46,mmrsrv
2024-04-08 16:32:46,iHMlSrk6bI
2024-04-08 16:32:46,NateHindman
2024-04-08 16:32:46,ConcaveFi
2024-04-08 16:32:46,cindyleowtt
2024-04-08 16:32:46,Bancor
2024-04-08 16:32:46,echodotxyz
2024-04-08 16:32:46,mindpalaceai
2024-04-08 16:32:46,FreeAlexeyRoman
2024-04-08 16:32:46,ThePepperDEX
2024-04-08 16:32:46,FWBtweets
2024-04-08 16:32:46,patentdrop
2024-04-08 16:32:46,0xTheGreatApe
2024-04-08 16:32:46,oceanprotocol
2024-04-08 16:32:46,lowerboundjames
2024-04-08 16:32:46,mayk_it_app
2024-04-08 16:32:46,moonwalkfitness
2024-04-08 16:32:46,scagria
2024-04-08 16:32:46,GrahamDuncanNYC
2024-04-08 16:32:46,eco
2024-04-08 16:32:46,GoGetItMan28
2024-04-08 16:32:46,EVIAEAI
2024-04-08 16:32:46,0xdasha
2024-04-08 16:32:46,_______yara
2024-04-08 16:32:46,Amit_D_Tal
2024-04-08 16:32:46,CL207
2024-04-08 16:32:46,disintermedi8
2024-04-08 16:32:46,realtarquinable
2024-04-08 16:32:46,akshaybd
2024-04-08 16:32:46,FoundersFund
2024-04-08 16:32:46,statelayer
2024-04-08 16:32:46,houses
2024-04-08 16:32:46,search?q=%24CNV&src=cashtag_click
2024-04-08 16:32:46,jaesop_
2024-04-08 16:32:46,yllll_yl
2024-04-08 16:32:46,init_infinity
2024-04-08 16:32:46,212jv
2024-04-08 16:32:46,drowsynet
2024-04-08 16:32:46,AugurProject
2024-04-08 16:32:46,Carbondefixyz
2024-04-08 16:32:46,Gallus48314510
2024-04-08 16:32:46,puritysniper
2024-04-08 16:32:46,octra
2024-04-08 16:32:46,jcbstwsk
2024-04-08 16:32:46,study_cap
2024-04-08 16:32:46,realtarquinism
2024-04-08 16:32:46,tom777cruise
2024-04-08 16:32:46,Chaos17488465
2024-04-08 16:32:46,betafuzz
2024-04-08 16:32:46,xIxQ07mgti
2024-04-08 16:32:46,sudoswap
2024-04-08 16:32:46,kmkmxo
2024-04-08 16:32:46,HxroNetwork
2024-04-08 16:32:46,TNA_Capital
2024-04-08 16:32:46,thisisneer
2024-04-08 16:32:46,CircuitTrading_
2024-04-08 16:32:46,egirl_capital
2024-04-08 16:32:46,yueko__
2024-04-08 12:13:09,Pars3c1
2024-04-08 12:13:09,ThePepperDEX
2024-04-08 12:13:09,CL207
2024-04-08 12:13:09,HaikuJAM
2024-04-08 12:13:09,octra
2024-04-08 12:13:09,cindyleowtt
2024-04-08 12:13:09,xIxQ07mgti
2024-04-08 12:13:09,Little_Machines
2024-04-08 12:13:09,scagria
2024-04-08 12:13:09,Eco
2024-04-08 12:13:09,lowerboundjames
2024-04-08 12:13:09,chrx_h
2024-04-08 12:13:09,kmkmxo
2024-04-08 12:13:09,GrahamDuncanNYC
2024-04-08 12:13:09,sudoswap
2024-04-08 12:13:09,statelayer
2024-04-08 12:13:09,yueko__
2024-04-08 12:13:09,moonwalkfitness
2024-04-08 12:13:09,FoundersFund
2024-04-08 12:13:09,thisisneer
2024-04-08 12:13:09,init_infinity
2024-04-08 12:13:09,init_malachi
2024-04-08 12:13:09,Gallus48314510
2024-04-08 12:13:09,212jv
2024-04-08 12:13:09,AugurProject
2024-04-08 12:13:09,Amit_D_Tal
2024-04-08 12:13:09,HxroNetwork
2024-04-08 12:13:09,0xTheGreatApe
2024-04-08 12:13:09,study_cap
2024-04-08 12:13:09,search?q=%24CNV&src=cashtag_click
2024-04-08 12:13:09,CircuitTrading_
2024-04-08 12:13:09,Bancor
2024-04-08 12:13:09,NateHindman
2024-04-08 12:13:09,disintermedi8
2024-04-08 12:13:09,TNA_Capital
2024-04-08 12:13:09,Carbondefixyz
2024-04-08 12:13:09,egirl_capital
2024-04-08 12:13:09,FWBtweets
2024-04-08 12:13:09,joeykrug
2024-04-08 12:13:09,DriftProtocol
2024-04-08 12:13:09,houses
2024-04-08 12:13:09,DeadCaitBounce
2024-04-08 12:13:09,echodotxyz
2024-04-08 12:13:09,_______yara
2024-04-08 12:13:09,iHMlSrk6bI
2024-04-08 12:13:09,mayk_it_app
2024-04-08 12:13:09,akshaybd
2024-04-08 12:13:09,uncorkcap
2024-04-08 12:13:09,ConcaveFi
2024-04-08 12:13:09,FreeAlexeyRoman
2024-04-08 12:13:09,betafuzz
2024-04-08 12:13:09,patentdrop
2024-04-08 12:13:09,oceanprotocol
2024-04-08 12:13:09,yllll_yl
2024-04-08 12:13:09,eco
2024-04-08 12:13:09,puritysniper
2024-04-08 12:13:09,Arete_xyz
2024-04-08 12:13:09,realtarquinable
2024-04-08 12:13:09,mindpalaceai
2024-04-08 12:13:09,realtarquinism
2024-04-08 12:13:09,planet_nerf
2024-04-17 13:41:43,psy_dao
2024-04-17 13:41:43,Ben_Reinhardt
2024-04-17 13:41:43,idiap_ch
2024-04-17 13:41:43,DayOneVC
2024-04-17 13:41:43,LauraMinquini
2024-04-17 13:41:43,DrMorganLevine
2024-04-17 13:41:43,HarvardDBMI
2024-04-17 13:41:43,fAV75yWrsG
2024-04-17 13:41:43,Gradio
2024-04-17 13:41:43,apolloaisafety
2024-04-17 13:41:43,editasmed
2024-04-17 13:41:43,vita_dao
2024-04-17 13:41:43,BerkeleyBioE
2024-04-17 13:41:43,GolatoTyler
2024-04-17 13:41:43,iVWTaFOzt2
2024-04-17 13:41:43,broadinstitute
2024-04-17 13:41:43,nyuniversity
2024-04-17 13:41:43,xhZ3CEXGjp
2024-04-17 13:41:43,YBd4qE6jR6
2024-04-17 13:41:43,hifortunahealth
2024-04-17 13:41:43,nih
2024-04-17 13:41:43,RetroBio_
2024-04-17 13:41:43,lab_dao
2024-04-17 13:41:43,ai_risks
2024-04-17 13:41:43,ArtirKel
2024-04-17 13:41:43,impetusgrants
2024-04-17 13:41:43,GeoffLewisOrg
2024-04-17 13:41:43,HuggingFace
2024-04-17 13:41:43,a2jYeAYhft
2024-04-17 13:41:43,AndrewCritchPhD
2024-04-17 13:41:43,mykigai
2024-04-17 13:41:43,singareddynm
2024-04-17 13:41:43,thielfellowship
2024-04-17 13:41:43,spec__tech
2024-04-17 13:41:43,LNuzhna
2024-04-17 13:41:43,Niklas_TR
2024-04-17 13:41:43,UTAustin
2024-04-17 13:41:43,unibirmingham
2024-04-17 13:41:43,Unige_en
2024-04-17 13:41:43,drydenwtbrown
2024-04-17 13:41:43,LauraDeming
2024-04-17 13:41:43,TheAISalonSF
2024-04-17 13:41:43,age1vc
2024-04-17 13:41:43,ElliotHershberg
2024-04-17 13:41:43,Figure_robot
2024-04-17 13:41:43,OpenAI
2024-04-17 13:41:43,a16z
2024-04-17 13:41:43,loyalfordogs
2024-04-17 13:41:43,merettm
2024-04-17 13:41:43,mmbronstein
2024-04-17 13:41:43,Pavel_Izmailov
2024-04-17 13:41:43,CUAZwLppMr
2024-04-17 13:41:43,Tgale96
2024-04-17 13:41:43,KKajderowicz
2024-04-17 13:41:43,runpod_io
2024-04-17 13:41:43,MagicLeap
2024-04-17 13:41:43,AstroMechanica
2024-04-17 13:41:43,notboringco
2024-04-17 13:41:43,bio_xyz
2024-04-17 13:41:43,hyperstition_x
2024-04-17 13:41:43,Bedrock
2024-04-17 13:41:43,SoImhWr11i
2024-04-17 13:41:43,danielhavir
2024-04-17 13:41:43,1q07mb3TzE
2024-04-17 13:41:43,EPFL_en
2024-04-17 13:41:43,MIT
2024-04-17 13:41:43,q2Qoey80Gx
2024-04-17 13:41:43,pdsoros
2024-04-17 13:41:43,GoogleDeepMind
2024-04-17 13:41:43,ArcInstitute
2024-04-17 13:41:43,athena_DAO_
2024-04-17 13:41:43,Caltech
2024-04-17 13:41:43,jpsenescence
2024-04-17 13:41:43,ScienceStanley
2024-04-17 13:41:43,UniofOxford
2024-04-17 13:41:43,francoisfleuret
2024-04-17 13:41:43,k2pilot
2024-04-17 13:41:43,NASA
2024-04-17 13:41:43,mashadrokova
2024-04-17 13:41:43,alexeyguzey
2024-04-17 13:41:43,TeraflopAI
2024-04-17 13:41:43,SakanaAILabs
2024-04-17 13:41:43,praxisnation
2024-04-17 13:41:43,priva_xyz
2024-04-17 13:41:43,_akhaliq
2024-04-17 13:41:43,Ar_Douillard
2024-04-17 13:41:43,harvard
2024-04-17 13:41:43,3XO8B8H4yG
2024-04-17 13:41:43,kZpGpDzYeV
2024-04-17 13:41:43,nc_shape
2024-04-17 13:41:43,katebaumli
2024-04-17 13:41:43,Cornell
2024-04-17 13:41:43,mattertolife
2024-04-17 13:41:43,mkaeberlein
2024-04-17 13:41:43,molecule_dao
2024-04-17 13:41:43,dkfz
2024-04-17 13:41:43,BroadInstitute
2024-04-17 13:41:43,METR_Evals
2024-04-17 13:41:43,celinehalioua
2024-04-17 13:41:43,Stanford
2024-04-17 13:41:43,pdhsu
2024-04-17 13:41:43,arankomatsuzaki
2024-04-17 13:41:43,LukePiette
2024-04-17 13:41:43,ProjectCETI
2024-04-17 13:41:43,adcock_brett
2024-04-17 13:41:43,ExeterCollegeOx
2024-04-17 13:41:43,manveerxyz
2024-04-17 13:41:43,Andercot
2024-05-03 16:59:51,Chobani
2024-05-03 16:59:51,VSCO
2024-05-03 16:59:51,TMCInnovation
2024-05-03 16:59:51,ipFMYGuR84
2024-05-03 16:59:51,NewAtlantisDAO
2024-05-03 16:59:51,thomastraum
2024-05-03 16:59:51,VitaliaCity
2024-05-03 16:59:51,jessechenglyu
2024-05-03 16:59:51,newcomputer
2024-05-03 16:59:51,omkizzy
2024-05-03 16:59:51,oneisonline
2024-05-03 16:59:51,chapterone
2024-05-03 16:59:51,huemin_art
2024-05-03 16:59:51,_EricHu
2024-05-03 16:59:51,alexdotshannon
2024-05-03 16:59:51,utswnews
2024-05-03 16:59:51,heyellieday
2024-05-03 16:59:51,PropheticAI
2024-05-03 16:59:51,UcMYvnFOcP
2024-05-03 16:59:51,BuyjmutoBh
2024-05-03 16:59:51,annaarthoe
2024-05-03 16:59:51,7cfqgugUtW
2024-05-03 16:59:51,aigrant
2024-05-03 16:59:51,betuelbenitez
2024-05-03 16:59:51,AnythingIo
2024-05-03 16:59:51,StabilityAI
2024-05-03 16:59:51,RuxandraTeslo
2024-05-03 16:59:51,MultiOn_AI
2024-05-03 16:59:51,K4rw0suQKG
2024-05-03 16:59:51,Mykalt45
2024-05-03 16:59:51,dIQp42Qtyv
2024-05-03 16:59:51,hume_ai
2024-05-03 16:59:51,bakkenbaeck
2024-05-03 16:59:51,sangerinstitute
2024-05-03 16:59:51,adlabossiere
2024-05-03 16:59:51,ghost
2024-05-03 16:59:51,AI4ER_CDT
2024-05-03 16:59:51,TSp2ehcOdS
2024-05-03 16:59:51,4RvBywXJSk
2024-05-03 16:59:51,Amazon
2024-05-03 16:59:51,Prosperahn
2024-05-03 16:59:51,Cambridge_Uni
2024-05-03 16:59:51,ttoolchain
2024-05-03 16:59:51,NIH_OITE
2024-05-03 16:59:51,uwaterloo
2024-05-03 16:59:51,Molecule_dao
2024-05-03 16:59:51,UCSC
2024-05-03 16:59:51,Penn
2024-05-03 16:59:51,intrstllrninja
2024-05-03 16:59:51,DeSciBerlin
2024-05-03 16:59:51,deliprao
2024-05-03 16:59:51,AiEleuther
2024-05-03 16:59:51,StableDiffusion
2024-05-03 16:59:51,mDWAVOlBss
2024-05-03 16:59:51,danielgross
2024-05-03 16:59:51,trauminc
2024-05-03 16:59:51,protectyoufrom
2024-05-03 16:59:51,Twitter
2024-05-03 16:59:51,rabbit_hmi
2024-05-03 16:59:51,2112Power
2024-05-03 16:59:51,scienceman2023
2024-05-03 16:59:51,AISafetyInst
2024-05-03 16:59:51,NiklasAnzinger
2024-05-03 16:59:51,benjileibo
2024-05-03 16:59:51,Y3Ksystems
2024-05-03 16:59:51,doF7XRNyNt
2024-05-03 16:59:51,foresightinst
2024-05-03 16:59:51,autodesk
2024-05-03 16:59:51,NZsHpnOzcn
2024-05-03 16:59:51,jugendingenieur
2024-05-03 16:59:51,culturaltutor
2024-05-03 16:59:51,OpenPurpose
2024-05-03 16:59:51,ReCodeTX
2024-05-03 16:59:51,wcUHxX0nhm
2024-05-03 16:59:51,johnshopkins
2024-05-03 16:59:51,herbiebradley
2024-05-03 16:59:51,joakimjansson
2024-05-03 16:59:51,TheDeSciPodcast
2024-05-03 16:59:51,cartainc
2024-05-03 16:59:51,CrossBridgeBio
2024-05-03 16:59:51,dvdwinden
2024-05-08 17:10:25,HeinrichKuttler
2024-05-08 17:10:25,GordianBio
2024-05-08 17:10:25,langdock_hq
2024-05-08 17:10:25,ZFellows
2024-05-08 17:10:25,FutureHouseSF
2024-05-08 17:10:25,MITCoCoSci
2024-05-08 17:10:25,xAI
2024-05-08 17:10:25,shibshib89
2024-05-08 17:10:25,SpringerNature
2024-05-08 17:10:25,lagrangedev
2024-05-08 17:10:25,IllinoisCS
2024-05-08 17:10:25,LCVenema
2024-05-08 17:10:25,igisci
2024-05-08 17:10:25,Microsoft
2024-05-08 17:10:25,davidrliu
2024-05-08 17:10:25,0xRodney
2024-05-08 17:10:25,atrembath
2024-05-08 17:10:25,angellist
2024-05-08 17:10:25,googledeepmind
2024-05-08 17:10:25,AIatMeta
2024-05-08 17:10:25,cognition_labs
2024-05-08 17:10:25,julien_c
2024-05-08 17:10:25,HF0Residency
2024-05-08 17:10:25,IsomorphicLabs
2024-05-08 17:10:25,AlexJColville
2024-05-08 17:10:25,jahvascript
2024-05-08 17:10:25,G5s3O8Asst
2024-05-08 17:10:25,NatMachIntell
2024-05-08 17:10:25,cofactoryai
2024-05-08 17:10:25,akileshpotti
2024-05-08 17:10:25,openai
2024-05-08 17:10:25,angle_health
2024-05-08 17:10:25,MIT_LISLab
2024-05-08 17:10:25,DeepMind
2024-05-08 17:10:25,doudna_lab
2024-05-08 17:10:25,asimov_co
2024-05-08 17:10:25,realGeorgeHotz
2024-05-08 17:10:25,comma_ai
2024-05-08 17:10:25,stanford
2024-05-08 17:10:25,UofR
2024-05-08 17:10:25,Parthion
2024-05-08 17:10:25,stanfordmed
2024-05-08 17:10:25,PrimeIntellect
2024-05-08 17:10:25,MartinBJensen
2024-05-08 17:10:25,OpenChatDev
2024-05-08 17:10:25,du_yilun
2024-05-08 17:10:25,intercom
2024-05-08 17:10:25,ansonyuu
2024-05-08 17:10:25,blakeandersonw
2024-05-08 17:10:25,Liv_Boeree
2024-05-08 17:10:25,hitorilabs
2024-05-08 17:10:25,BuckInstitute
2024-05-08 17:10:25,TheBTI
2024-05-08 17:10:25,tobiaskemkes
2024-05-08 17:10:25,Thomas_Rando
2024-05-08 17:10:25,ritualnet
2024-05-08 17:10:25,bioaccc
2024-05-08 17:10:25,vuecason
2024-05-08 17:10:25,janestreetgroup
2024-05-08 17:10:25,eoghan
2024-05-08 17:10:25,gneubig
2024-05-08 17:10:25,SilasAlberti
2024-05-08 17:10:25,pika_labs
2024-05-08 17:10:25,Google
2024-05-08 17:10:25,UCBerkeley
2024-05-08 17:10:25,GoogleAI
2024-05-08 17:10:25,davidrliu1
2024-05-08 17:10:25,lenschmi
2024-05-08 17:10:25,hack_vc
2024-05-08 17:10:25,Polytechnique
2024-05-08 17:10:25,KWEUni9245
2024-05-08 17:10:25,0xai_dev
2024-05-08 17:10:25,RenPhil21
2024-05-08 17:10:25,__tinygrad__
2024-05-08 17:10:25,socraticainfo
2024-05-08 17:10:25,EnricoShippole
2024-05-08 17:10:25,UMichCSE
2024-05-08 17:10:25,huggingface
2024-05-08 17:10:25,andrewwhite01
2024-05-08 17:10:25,jannik_stra
2024-05-08 17:10:25,Dr_Singularity
2024-05-08 17:10:25,MetaAI
2024-05-08 17:10:25,AlpayAriyak
2024-05-08 17:10:25,SafeWithAtlas
2024-05-08 17:10:25,InflectionAI
2024-05-08 17:10:25,4c1bFOTy89
2024-05-08 17:10:25,y0b1byte
2024-05-08 17:10:25,VicktoriaKlich
2024-05-08 17:10:25,LMU_Muenchen
2024-05-08 17:10:25,hf0residency
2024-05-08 17:10:25,xingyaow_
2024-05-09 17:05:15,hp
2024-05-09 17:05:15,wintermute_t
2024-05-09 17:05:15,tesla
2024-05-09 17:05:15,inflectionxyz
2024-05-09 17:05:15,AustinMRobinson
2024-05-09 17:05:15,_jamico
2024-05-09 17:05:15,bloc97_
2024-05-09 17:05:15,MWCvitkovic
2024-05-09 17:05:15,IntegralNeuro
2024-05-09 17:05:15,EvgenyGaevoy
2024-05-09 17:05:15,GensynAI
2024-05-09 17:05:15,AaloAtomics
2024-05-10 16:11:52,Vita_DAO
2024-05-10 16:11:52,pebble_bed
2024-05-10 16:11:52,longevion
2024-05-10 16:11:52,oslocations
2024-05-10 16:11:52,JeffBezos
2024-05-10 16:11:52,ucsd_cse
2024-05-10 16:11:52,hashthetics
2024-05-10 16:11:52,2kXqhhvLsb
2024-05-10 16:11:52,AWS
2024-05-10 16:11:52,multimodalart
2024-05-10 16:11:52,mlfoundry
2024-05-10 16:11:52,huiwensun_
2024-05-10 16:11:52,siddrrsh
2024-05-10 16:11:52,RWTH
2024-05-10 16:11:52,Lux_Capital
2024-05-10 16:11:52,bitfond
2024-05-10 16:11:52,EdgeAGI
2024-05-10 16:11:52,UnslothAI
2024-05-10 16:11:52,JellyfishDAO
2024-05-10 16:11:52,1Gmc1SDElj
2024-05-10 16:11:52,qvale
2024-05-10 16:11:52,xprize
2024-05-10 16:11:52,TobyPhln
2024-05-15 13:41:58,joinlunchcat
2024-05-15 13:41:58,aaron_defazio
2024-05-15 13:41:58,OxfordAlumni
2024-05-15 13:41:58,ridezum
2024-05-15 13:41:58,XIKhk2FDDd
2024-05-15 13:41:58,vmfunc
2024-05-15 13:41:58,shayne_coplan
2024-05-15 13:41:58,wildtypefoods
2024-05-15 13:41:58,Prigoose
2024-05-15 13:41:58,discord
2024-05-15 13:41:58,ericjang11
2024-05-15 13:41:58,TTSLabsAI
2024-05-15 13:41:58,sethbannon
2024-05-15 13:41:58,pariljain
2024-05-15 13:41:58,Tesla_AI
2024-05-15 13:41:58,healthspancap
2024-05-15 13:41:58,epalrestat
2024-05-15 13:41:58,Princeton
2024-05-15 13:41:58,Si_Boehm
2024-05-15 13:41:58,PerlaraPBC
2024-05-15 13:41:58,eFg4WXhg0p
2024-05-15 13:41:58,itsmountaintop
2024-05-15 13:41:58,fiftyyears
2024-05-15 13:41:58,RemiliaCorp333
2024-05-15 13:41:58,ldjconfirmed
2024-05-15 13:41:58,ycombinator
2024-05-15 13:41:58,CJKRaymond
2024-05-15 13:41:58,descriptapp
2024-05-15 13:41:58,l4tent
2024-05-15 13:41:58,ilqQnEHlZ1
2024-05-15 13:41:58,polymarket
2024-05-15 13:41:58,postmates
2024-05-15 13:41:58,TylerAlterman
2024-05-15 13:41:58,HugoMartingale
2024-05-15 13:41:58,losalamosnatlab
2024-05-15 13:41:58,fractal_nyc
2024-05-15 13:41:58,lukeholoubek
2024-05-15 13:41:58,psychofauna
2024-05-15 13:41:58,StanfordLaw
2024-05-15 13:41:58,NousResearch
2024-05-15 13:41:58,sparkcapital
2024-05-15 13:41:58,ZGc47xuFt9
2024-05-15 13:41:58,jesslivingston
2024-05-15 13:41:58,kvogt
2024-05-15 13:41:58,QueensUAlumni
2024-05-15 13:41:58,RemiQuarterly
2024-05-15 13:41:58,oklo
2024-05-15 13:41:58,unitygames
2024-05-15 13:41:58,stripe
2024-05-15 13:41:58,K7oSiNnI2C
2024-05-15 13:41:58,OIIOxford
2024-05-15 13:41:58,adeptailabs
2024-05-15 13:41:58,nabeel
2024-05-15 13:41:58,thebotcompany
2024-05-15 13:41:58,instawork
2024-05-15 13:41:58,suchenzang
2024-05-15 13:41:58,AnthropicAI
2024-05-15 13:41:58,AngelList
2024-05-15 13:41:58,collision
2024-05-15 13:41:58,eperlste
2024-05-15 13:41:58,__nmca__
2024-05-15 13:41:58,cruise
2024-05-15 13:41:58,dysonspheretech
2024-05-15 13:41:58,CharlotteFang77
2024-05-15 13:41:58,visakanv
2024-05-15 13:41:58,pter
2024-05-15 13:41:58,pdAqU85GCC
2024-05-15 13:41:58,jakedewitte
2024-05-15 13:41:58,Polymarket
2024-05-15 13:41:58,anton_bakhtin
2024-05-15 13:41:58,realNathanCheng
2024-05-20 19:52:24,techno0ptimist
2024-05-20 19:52:24,aj_kourabi
2024-05-20 19:52:24,advxtor
2024-05-20 19:52:24,AlecStapp
2024-05-20 19:52:24,owen_roe
2024-05-20 19:52:24,mcmasteru
2024-05-20 19:52:24,RemiCadene
2024-05-20 19:52:24,oyhsu
2024-05-20 19:52:24,AdrienLE
2024-05-20 19:52:24,YQYNZrCxan
2024-05-20 19:52:24,milquepoast
2024-05-20 19:52:24,MaxwellRainsAI
2024-05-20 19:52:24,zfellows_
2024-05-20 19:52:24,topology_ai
2024-05-20 19:52:24,joininteract
2024-05-20 19:52:24,convergent_fros
2024-05-20 19:52:24,elysian_labs
2024-05-20 19:52:24,megs_io
2024-05-20 19:52:24,websim_ai
2024-05-20 19:52:24,SebMcKinnon
2024-05-20 19:52:24,schmidtfutures
2024-05-20 19:52:24,willieneis
2024-05-20 19:52:24,LukeFarritor
2024-05-20 19:52:24,ETH
2024-05-20 19:52:24,MicrosoftHelps
2024-05-20 19:52:24,spikedoanz
2024-05-20 19:52:24,atomic_semi
2024-05-20 19:52:24,RDouady
2024-05-20 19:52:24,USC
2024-05-20 19:52:24,SCSatCMU
2024-05-20 19:52:24,jenny____ai
2024-05-20 19:52:24,mosdotcom
2024-05-20 19:52:24,OfficialLoganK
2024-05-20 19:52:24,mustafasuleyman
2024-05-20 19:52:24,cryopets
2024-05-20 19:52:24,IFP
2024-05-20 19:52:24,higheronchain
2024-05-20 19:52:24,joinstacked
2024-05-20 19:52:24,zacxbt
2024-05-20 19:52:24,vibecamp_
2024-05-20 19:52:24,NucleusGenomics
2024-05-20 19:52:24,KianSadeghi5
2024-05-20 19:52:24,CorticalLabs
2024-05-20 19:52:24,pandya_marut
2024-05-20 19:52:24,Runpod_io
2024-05-20 19:52:24,arbwes
2024-05-20 19:52:24,gptbrooke
2024-05-20 19:52:24,tnsdotcamp
2024-05-20 19:52:24,andela
