2024-04-05 21:13:28,apple
2024-04-05 21:13:28,opensea
2024-04-05 21:13:28,aztecnetwork
2024-04-05 21:13:28,0xPeterK
2024-04-05 21:13:28,LunarCrush
2024-04-05 21:13:28,BertKellerman
2024-04-05 21:13:28,buildwithtoki
2024-04-05 21:13:28,akashnet
2024-04-05 21:13:28,0xjackson_
2024-04-05 21:13:28,specialmech
2024-04-05 21:13:28,SlingMoney
2024-04-05 21:13:28,marginfi
2024-04-05 21:13:28,yotpo
2024-04-05 21:13:28,mhudack
2024-04-05 21:13:28,afkehaya
2024-04-05 21:13:28,michaeldehoog
2024-04-05 21:13:28,graphprotocol
2024-04-05 21:13:28,theindexshow
2024-04-05 21:13:28,6BhhDP1Hcy
2024-04-05 21:13:28,movementlabsxyz
2024-04-05 21:13:28,a16z
2024-04-05 21:13:28,ComicDaveSmith
2024-04-05 21:13:28,kelxyz_
2024-04-05 21:13:28,b_potts23
2024-04-05 21:13:28,BaseD_AO
2024-04-05 21:13:28,eco
2024-04-05 21:13:28,MTCoppel
2024-04-05 21:13:28,VidIQ
2024-04-05 21:13:28,winnielaux_
2024-04-05 21:13:28,mtndao
2024-04-05 21:13:28,Blackrock
2024-04-05 21:13:28,3rm_co
2024-04-05 21:13:28,zeroXbrock
2024-04-05 21:13:28,bounce_bit
2024-04-05 21:13:28,teamf16y
2024-04-05 21:13:28,MITEcon
2024-04-05 21:13:28,bloXrouteLabs
2024-04-05 21:13:28,0xBalloonLover
2024-04-05 21:13:28,affinidi
2024-04-05 21:13:28,valeyo777
2024-04-05 21:13:28,angellist
2024-04-05 21:13:28,franklin_dao
2024-04-05 21:13:28,optimisticl2s
2024-04-05 21:13:28,Draper_U
2024-04-05 21:13:28,1kxnetwork
2024-04-05 21:13:28,SolanaFndn
2024-04-05 21:13:28,Hootie_R
2024-04-05 21:13:28,SpaceX
2024-04-05 21:13:28,BuddyLinkApp
2024-04-05 21:13:28,hedera
2024-04-05 21:13:28,carrawu
2024-04-05 21:13:28,edgarpavlovsky
2024-04-05 21:13:28,cyberfund_
2024-04-05 21:13:28,0xRodney
2024-04-05 21:13:28,GrahamDuncanNYC
2024-04-05 21:13:28,blocknative
2024-04-05 21:13:28,hash3xyz
2024-04-05 21:13:28,rirQwqebxL
2024-04-05 21:13:28,angle_health
2024-04-05 21:13:28,Polymer_Labs
2024-04-05 21:13:28,hack_vc
2024-04-05 21:13:28,reflexerfinance
2024-04-05 21:13:28,harvard
2024-04-05 21:13:28,TheGymBears
2024-04-05 21:13:28,cubexch
2024-04-05 21:13:28,Deliveroo
2024-04-05 21:13:28,hololens
2024-04-05 21:13:28,wecommerce_co
2024-04-05 21:13:28,union_build
2024-04-05 21:13:28,skillsprotocol
2024-04-05 21:13:28,owletbabycare
2024-04-05 21:13:28,caitlinxyz
2024-04-05 21:13:28,Fwiz
2024-04-05 21:13:28,CapHillCrypto
2024-04-05 21:13:28,blockchainassn
2024-04-05 21:13:28,M1V7T9R7TP
2024-04-05 21:13:28,class_lambda
2024-04-05 21:13:28,jack_venture
2024-04-05 21:13:28,rushimanche
2024-04-05 21:13:28,SmartestBeta
2024-04-05 21:13:28,osmosiszone
2024-04-05 21:13:28,Facebook
2024-04-05 21:13:28,MylesOneil
2024-04-05 21:13:28,messaricrypto
2024-04-05 21:13:28,regen_network
2024-04-05 21:13:28,sgershuni
2024-04-05 21:13:28,Coinbase
2024-04-05 21:13:28,tpfZwEwGiq
2024-04-05 21:13:28,ecomelise
2024-04-05 21:13:28,Monzo
2024-04-05 21:13:28,emo_eth
2024-04-05 21:13:28,manifoldxyz
2024-04-05 21:13:28,bloombergbeta
2024-04-05 21:13:28,Optimism
2024-04-05 21:13:28,DianacBiggs
2024-04-05 21:13:28,DaveyChiang
2024-04-05 21:13:28,pennblockchain
2024-04-05 21:13:28,hi_reverie
2024-04-05 21:13:28,beam_eco
2024-04-05 21:13:28,vikramcantsingh
2024-04-05 21:13:28,portalventures
2024-04-05 21:13:28,cooper_kunz
2024-04-05 21:13:28,Slokh
2024-04-05 21:13:28,umichMath
2024-04-05 21:13:28,Consensys
2024-04-05 21:13:28,galaxyhq
2024-04-05 21:13:28,QuasarFi
2024-04-05 21:13:28,johanknorberg
2024-04-05 21:13:28,paradigm
2024-04-05 21:13:28,bitfurygroup
2024-04-05 21:13:28,missedslot
2024-04-05 21:13:28,MaxResnick1
2024-04-05 21:13:28,Holaplex
2024-04-05 21:13:28,mrgntrade
2024-04-05 21:13:28,foundmyfitness
2024-04-05 21:13:28,cognition_labs
2024-04-05 21:13:28,0xMasonH
2024-04-05 21:13:28,hiframework
2024-04-05 21:13:28,txsequencer
2024-04-08 16:03:38,buildwithtoki
2024-04-08 16:03:38,tpfZwEwGiq
2024-04-08 16:03:38,vikramcantsingh
2024-04-08 16:03:38,caitlinxyz
2024-04-08 16:03:38,1kxnetwork
2024-04-08 16:03:38,union_build
2024-04-08 16:03:38,0xPeterK
2024-04-08 16:03:38,bloombergbeta
2024-04-08 16:03:38,MTCoppel
2024-04-08 16:03:38,a16z
2024-04-08 16:03:38,umichMath
2024-04-08 16:03:38,johanknorberg
2024-04-08 16:03:38,afkehaya
2024-04-08 16:03:38,theindexshow
2024-04-08 16:03:38,angle_health
2024-04-08 16:03:38,manifoldxyz
2024-04-08 16:03:38,valeyo777
2024-04-08 16:03:38,osmosiszone
2024-04-08 16:03:38,3rm_co
2024-04-08 16:03:38,blockchainassn
2024-04-08 16:03:38,beam_eco
2024-04-08 16:03:38,Fwiz
2024-04-08 16:03:38,affinidi
2024-04-08 16:03:38,CapHillCrypto
2024-04-08 16:03:38,b_potts23
2024-04-08 16:03:38,sgershuni
2024-04-08 16:03:38,SolanaFndn
2024-04-08 16:03:38,jay_azhang
2024-04-08 16:03:38,zeroXbrock
2024-04-08 16:03:38,MaxResnick1
2024-04-08 16:03:38,txsequencer
2024-04-08 16:03:38,bitfurygroup
2024-04-08 16:03:38,franklin_dao
2024-04-08 16:03:38,foundmyfitness
2024-04-08 16:03:38,Draper_U
2024-04-08 16:03:38,cyberfund_
2024-04-08 16:03:38,0xBalloonLover
2024-04-08 16:03:38,pennblockchain
2024-04-08 16:03:38,aztecnetwork
2024-04-08 16:03:38,0xMasonH
2024-04-08 16:03:38,emo_eth
2024-04-08 16:03:38,DianacBiggs
2024-04-08 16:03:38,BuddyLinkApp
2024-04-08 16:03:38,movementlabsxyz
2024-04-08 16:03:38,messaricrypto
2024-04-08 16:03:38,mtndao
2024-04-08 16:03:38,ComicDaveSmith
2024-04-08 16:03:38,Facebook
2024-04-08 16:03:38,angellist
2024-04-08 16:03:38,akashnet
2024-04-08 16:03:38,owletbabycare
2024-04-08 16:03:38,edgarpavlovsky
2024-04-08 16:03:38,BertKellerman
2024-04-08 16:03:38,hololens
2024-04-08 16:03:38,SlingMoney
2024-04-08 16:03:38,0xRodney
2024-04-08 16:03:38,QuasarFi
2024-04-08 16:03:38,cubexch
2024-04-08 16:03:38,cognition_labs
2024-04-08 16:03:38,0xjackson_
2024-04-08 16:03:38,galaxyhq
2024-04-08 16:03:38,marginfi
2024-04-08 16:03:38,mrgntrade
2024-04-08 16:03:38,hiframework
2024-04-08 16:03:38,GrahamDuncanNYC
2024-04-08 16:03:38,carrawu
2024-04-08 16:03:38,reflexerfinance
2024-04-08 16:03:38,eco
2024-04-08 16:03:38,mhudack
2024-04-08 16:03:38,everartai
2024-04-08 16:03:38,bloXrouteLabs
2024-04-08 16:03:38,rushimanche
2024-04-08 16:03:38,yotpo
2024-04-08 16:03:38,Holaplex
2024-04-08 16:03:38,michaeldehoog
2024-04-08 16:03:38,6BhhDP1Hcy
2024-04-08 16:03:38,Polymer_Labs
2024-04-08 16:03:38,regen_network
2024-04-08 16:03:38,cooper_kunz
2024-04-08 16:03:38,Hootie_R
2024-04-08 16:03:38,missedslot
2024-04-08 16:03:38,graphprotocol
2024-04-08 16:03:38,winnielaux_
2024-04-08 16:03:38,Blackrock
2024-04-08 16:03:38,M1V7T9R7TP
2024-04-08 16:03:38,Deliveroo
2024-04-08 16:03:38,Optimism
2024-04-08 16:03:38,harvard
2024-04-08 16:03:38,Slokh
2024-04-08 16:03:38,hash3xyz
2024-04-08 16:03:38,MylesOneil
2024-04-08 16:03:38,class_lambda
2024-04-08 16:03:38,ecomelise
2024-04-08 16:03:38,paradigm
2024-04-08 16:03:38,apple
2024-04-08 16:03:38,optimisticl2s
2024-04-08 16:03:38,LunarCrush
2024-04-08 16:03:38,hedera
2024-04-08 16:03:38,MITEcon
2024-04-08 16:03:38,hack_vc
2024-04-08 16:03:38,Monzo
2024-04-08 16:03:38,Coinbase
2024-04-08 16:03:38,VidIQ
2024-04-08 16:03:38,kelxyz_
2024-04-08 16:03:38,hi_reverie
2024-04-08 16:03:38,bounce_bit
2024-04-08 16:03:38,specialmech
2024-04-08 16:03:38,Consensys
2024-04-08 16:03:38,wecommerce_co
2024-04-08 16:03:38,jack_venture
2024-04-08 16:03:38,DaveyChiang
2024-04-08 16:03:38,blocknative
2024-04-08 16:03:38,BaseD_AO
2024-04-08 16:03:38,opensea
2024-04-08 16:03:38,SmartestBeta
2024-04-08 16:03:38,portalventures
2024-04-08 16:03:38,skillsprotocol
2024-04-08 16:03:38,TheGymBears
2024-04-08 16:03:38,rirQwqebxL
2024-04-08 16:03:38,SpaceX
2024-04-08 16:03:38,teamf16y
2024-04-17 13:10:51,0xRodney
2024-04-17 13:10:51,ComicDaveSmith
2024-04-17 13:10:51,Holaplex
2024-04-17 13:10:51,angle_health
2024-04-17 13:10:51,Deliveroo
2024-04-17 13:10:51,myprasanna
2024-04-17 13:10:51,hack_vc
2024-04-17 13:10:51,pennblockchain
2024-04-17 13:10:51,marginfi
2024-04-17 13:10:51,0xPPL_
2024-04-17 13:10:51,SmartestBeta
2024-04-17 13:10:51,regen_network
2024-04-17 13:10:51,Blackrock
2024-04-17 13:10:51,6BhhDP1Hcy
2024-04-17 13:10:51,Polymer_Labs
2024-04-17 13:10:51,Facebook
2024-04-17 13:10:51,Rippling
2024-04-17 13:10:51,VidIQ
2024-04-17 13:10:51,portalventures
2024-04-17 13:10:51,everartai
2024-04-17 13:10:51,0xMasonH
2024-04-17 13:10:51,SolanaFndn
2024-04-17 13:10:51,M1V7T9R7TP
2024-04-17 13:10:51,movementlabsxyz
2024-04-17 13:10:51,cognition_labs
2024-04-17 13:10:51,winnielaux_
2024-04-17 13:10:51,osmosiszone
2024-04-17 13:10:51,Slokh
2024-04-17 13:10:51,cubexch
2024-04-17 13:10:51,akashnet
2024-04-17 13:10:51,cyberfund_
2024-04-17 13:10:51,theindexshow
2024-04-17 13:10:51,MITEcon
2024-04-17 13:10:51,jack_venture
2024-04-17 13:10:51,emo_eth
2024-04-17 13:10:51,MaxResnick1
2024-04-17 13:10:51,a16z
2024-04-17 13:10:51,bitfurygroup
2024-04-17 13:10:51,SpaceX
2024-04-17 13:10:51,opensea
2024-04-17 13:10:51,0xBalloonLover
2024-04-17 13:10:51,angellist
2024-04-17 13:10:51,DaveyChiang
2024-04-17 13:10:51,Coinbase
2024-04-17 13:10:51,Consensys
2024-04-17 13:10:51,ecomelise
2024-04-17 13:10:51,galaxyhq
2024-04-17 13:10:51,michaeldehoog
2024-04-17 13:10:51,Draper_U
2024-04-17 13:10:51,ethglobal
2024-04-17 13:10:51,0xPeterK
2024-04-17 13:10:51,DianacBiggs
2024-04-17 13:10:51,missedslot
2024-04-17 13:10:51,Shopify
2024-04-17 13:10:51,owletbabycare
2024-04-17 13:10:51,hedera
2024-04-17 13:10:51,kelxyz_
2024-04-17 13:10:51,BertKellerman
2024-04-17 13:10:51,vikramcantsingh
2024-04-17 13:10:51,Fwiz
2024-04-17 13:10:51,skillsprotocol
2024-04-17 13:10:51,0xflashmine
2024-04-17 13:10:51,eigenlayer
2024-04-17 13:10:51,Microsoft
2024-04-17 13:10:51,union_build
2024-04-17 13:10:51,eigen_da
2024-04-17 13:10:51,SamBroner
2024-04-17 13:10:51,yotpo
2024-04-17 13:10:51,1kxnetwork
2024-04-17 13:10:51,cooper_kunz
2024-04-17 13:10:51,txsequencer
2024-04-17 13:10:51,QuasarFi
2024-04-17 13:10:51,tpfZwEwGiq
2024-04-17 13:10:51,CandiceMalcolm
2024-04-17 13:10:51,blockchainassn
2024-04-17 13:10:51,franklin_dao
2024-04-17 13:10:51,CanadaKaz
2024-04-17 13:10:51,rushimanche
2024-04-17 13:10:51,aztecnetwork
2024-04-17 13:10:51,pjiWi4E1Bl
2024-04-17 13:10:51,eco
2024-04-17 13:10:51,mhudack
2024-04-17 13:10:51,liamihorne
2024-04-17 13:10:51,bounce_bit
2024-04-17 13:10:51,specialmech
2024-04-17 13:10:51,LunarCrush
2024-04-17 13:10:51,class_lambda
2024-04-17 13:10:51,BaseD_AO
2024-04-17 13:10:51,affinidi
2024-04-17 13:10:51,BuddyLinkApp
2024-04-17 13:10:51,rirQwqebxL
2024-04-17 13:10:51,messaricrypto
2024-04-17 13:10:51,Monzo
2024-04-17 13:10:51,teamf16y
2024-04-17 13:10:51,optimisticl2s
2024-04-17 13:10:51,SlingMoney
2024-04-17 13:10:51,sgershuni
2024-04-17 13:10:51,beam_eco
2024-04-17 13:10:51,jay_azhang
2024-04-17 13:10:51,harvard
2024-04-17 13:10:51,wecommerce_co
2024-04-17 13:10:51,MTCoppel
2024-04-17 13:10:51,afkehaya
2024-04-17 13:10:51,reflexerfinance
2024-04-17 13:10:51,apple
2024-04-17 13:10:51,hash3xyz
2024-04-17 13:10:51,bloombergbeta
2024-04-17 13:10:51,bloXrouteLabs
2024-04-17 13:10:51,foundmyfitness
2024-04-17 13:10:51,carrawu
2024-04-17 13:10:51,valeyo777
2024-04-17 13:10:51,buildwithtoki
2024-04-17 13:10:51,Optimism
2024-04-17 13:10:51,edgarpavlovsky
2024-04-17 13:10:51,graphprotocol
2024-04-17 13:10:51,Hootie_R
2024-04-17 13:10:51,umichMath
2024-04-17 13:10:51,hololens
2024-04-17 13:10:51,optimism
2024-04-17 13:10:51,blocknative
2024-04-17 13:10:51,manifoldxyz
2024-05-03 16:45:14,MorphoLabs
2024-05-03 16:45:14,CryptoFightWeek
2024-05-03 16:45:14,cashapp
2024-05-03 16:45:14,northwesternu
2024-05-03 16:45:14,azakharov
2024-05-03 16:45:14,ether_fi
2024-05-03 16:45:14,WindrangerLabs
2024-05-03 16:45:14,0TaNkknFrg
2024-05-03 16:45:14,TechnionLive
2024-05-03 16:45:14,Stanford
2024-05-03 16:45:14,ballsyalchemist
2024-05-03 16:45:14,ottrfinance
2024-05-03 16:45:14,fun
2024-05-03 16:45:14,alliancedao
2024-05-03 16:45:14,sorellalabs
2024-05-03 16:45:14,ConstitutionDAO
2024-05-03 16:45:14,AlexKFine
2024-05-03 16:45:14,chaos_labs
2024-05-03 16:45:14,0xPenryn
2024-05-03 16:45:14,V3iZMKnoio
2024-05-03 16:45:14,newcomputer
2024-05-03 16:45:14,bainandcompany
2024-05-03 16:45:14,realScamSniffer
2024-05-03 16:45:14,jjacobsberg
2024-05-03 16:45:14,Sommfinance
2024-05-03 16:45:14,fenbushi
2024-05-03 16:45:14,SHL0MS
2024-05-03 16:45:14,pendle_fi
2024-05-03 16:45:14,goodgamepodxyz
2024-05-03 16:45:14,voltcapital
2024-05-03 16:45:14,gordonlawltd
2024-05-03 16:45:14,omeragoldberg
2024-05-03 16:45:14,redstone_defi
2024-05-03 16:45:14,worldcoin
2024-05-03 16:45:14,lmrankhan
2024-05-03 16:45:14,tfh_technology
2024-05-03 16:45:14,WorldIDCounter
2024-05-03 16:45:14,pkxICgvm71
2024-05-03 16:45:14,instagram
2024-05-03 16:45:14,oYTpJ34DoX
2024-05-03 16:45:14,westhamgc
2024-05-03 16:45:14,meta
2024-05-03 16:45:14,TheO2
2024-05-03 16:45:14,VenusProtocol
2024-05-03 16:45:14,lyft
2024-05-03 16:45:14,kOENakvsCL
2024-05-03 16:45:14,jasonyuandesign
2024-05-03 16:45:14,enshriningplebs
2024-05-03 16:45:14,jaosef
2024-05-08 16:58:46,mvphackathon
2024-05-08 16:58:46,sentdefender
2024-05-08 16:58:46,PcUbewvWPr
2024-05-10 16:02:33,AlysMartinezTV
2024-05-15 13:32:52,avax
2024-05-15 13:32:52,uwcse
2024-05-15 13:32:52,merettm
2024-05-15 13:32:52,SaGT3y9AtE
2024-05-15 13:32:52,octoaicloud
2024-05-15 13:32:52,citsecurities
2024-05-15 13:32:52,miramurati
2024-05-15 13:32:52,zjasper666
2024-05-15 13:32:52,dydx
2024-05-15 13:32:52,Yuchenj_UW
2024-05-15 13:32:52,hyperbolic_labs
2024-05-15 13:32:52,ApacheTVM
2024-05-15 13:32:52,UCBerkeley
2024-05-15 13:32:52,gdb
2024-05-15 13:32:52,OpenAI
2024-05-15 13:32:52,Hyperbolic_Labs
2024-05-15 13:32:52,ivo_crnkovic
2024-05-20 19:42:25,fusewallet
2024-05-20 19:42:25,ExocoreNetwork
2024-05-20 19:42:25,MessariCrypto
2024-05-20 19:42:25,anoma
2024-05-20 19:42:25,brokendown_node
2024-05-20 19:42:25,PreVeil
2024-05-20 19:42:25,TACEO_IO
2024-05-20 19:42:25,rte
2024-05-20 19:42:25,ralucaadapopa
2024-05-20 19:42:25,fluentxyz
2024-05-20 19:42:25,block42
2024-05-20 19:42:25,SquadsLabs
2024-05-20 19:42:25,BrokkrFinance
2024-05-20 19:42:25,OwnerChip
2024-05-20 19:42:25,OpaqueSys
2024-05-20 19:42:25,namada
2024-05-20 19:42:25,squadsprotocol
2024-05-20 19:42:25,heliaxdev
2024-05-20 19:42:25,eawosikaa
2024-05-20 19:42:25,GigaBasedDad
2024-05-20 19:42:25,gm_usi
2024-05-20 19:42:25,hourglasshq
2024-05-20 19:42:25,Ethereum2077
2024-05-20 19:42:25,0xDinoEggs
2024-05-20 19:42:25,adrianbrink
2024-05-20 19:42:25,KidKrypt0
