2024-04-05 21:28:21,ZachBruch
2024-04-05 21:28:21,MaRSDD
2024-04-05 21:28:21,search?q=%24QI&src=cashtag_click
2024-04-05 21:28:21,danielkenobe
2024-04-05 21:28:21,13yroldwithcc
2024-04-05 21:28:21,MerlinLayer2
2024-04-05 21:28:21,OpenAI
2024-04-05 21:28:21,trustmachinesco
2024-04-05 21:28:21,kaledora
2024-04-05 21:28:21,newinternet_
2024-04-05 21:28:21,reflectorbital
2024-04-05 21:28:21,daBWNQPUGA
2024-04-05 21:28:21,GCRClassic
2024-04-05 21:28:21,3xplcom
2024-04-05 21:28:21,OstiumLabs
2024-04-05 21:28:21,gmhuntergm
2024-04-05 21:28:21,ycombinator
2024-04-05 21:28:21,peaqnetwork
2024-04-05 21:28:21,intel
2024-04-05 21:28:21,degenRobot
2024-04-05 21:28:21,hyperstition_x
2024-04-05 21:28:21,QuaiNetwork
2024-04-05 21:28:21,bold
2024-04-05 21:28:21,DanielSchmacht1
2024-04-05 21:28:21,Livepeer
2024-04-05 21:28:21,wef
2024-04-05 21:28:21,bnj
2024-04-05 21:28:21,JosephJacks_
2024-04-05 21:28:21,NorthwesternU
2024-04-05 21:28:21,sibeleth
2024-04-05 21:28:21,ConsilienceNews
2024-04-05 21:28:21,etekis
2024-04-05 21:28:21,coinbase
2024-04-05 21:28:21,atomic_semi
2024-04-05 21:28:21,kglteater
2024-04-05 21:28:21,BobbyThakkar
2024-04-05 21:28:21,Columbia_Biz
2024-04-05 21:28:21,pleasrdao
2024-04-05 21:28:21,7eTxErvAs7
2024-04-05 21:28:21,Crypto_McKenna
2024-04-05 21:28:21,avara
2024-04-05 21:28:21,shanvasion
2024-04-05 21:28:21,StackingDAO
2024-04-05 21:28:21,infura_io
2024-04-05 21:28:21,04xPCbaS17
2024-04-05 21:28:21,hikikomorihaven
2024-04-05 21:28:21,Solchatcoin
2024-04-05 21:28:21,Stacks
2024-04-05 21:28:21,myprizecom
2024-04-05 21:28:21,myshell_ai
2024-04-05 21:28:21,OSSCapital
2024-04-05 21:28:21,search?q=%24MEW&src=cashtag_click
2024-04-05 21:28:21,alliancedao
2024-04-05 21:28:21,harvard
2024-04-05 21:28:21,ZytF2jZnsa
2024-04-05 21:28:21,3pJHKYWuQ9
2024-04-05 21:28:21,nftftc
2024-04-05 21:28:21,berachain
2024-04-05 21:28:21,miramurati
2024-04-05 21:28:21,planetrefi
2024-04-05 21:28:21,AveryChing
2024-04-05 21:28:21,columbia
2024-04-05 21:28:21,ackeeblockchain
2024-04-05 21:28:21,ohAe9HFOE7
2024-04-05 21:28:21,VoltCapital
2024-04-05 21:28:21,ekincixyz
2024-04-05 21:28:21,ArchNtwrk
2024-04-05 21:28:21,k2pilot
2024-04-05 21:28:21,financecanada
2024-04-05 21:28:21,bridgewater
2024-04-05 21:28:21,SmokeyTheBera
2024-04-05 21:28:21,artyfact_game
2024-04-05 21:28:21,06CEqm0m9S
2024-04-05 21:28:21,sonar
2024-04-05 21:28:21,o1_labs
2024-04-05 21:28:21,MohamedFFouda
2024-04-05 21:28:21,ZestProtocol
2024-04-05 21:28:21,tinathesis
2024-04-05 21:28:21,MewsWorld
2024-04-05 21:28:21,DeepDishEnjoyer
2024-04-05 21:28:21,harphacker1
2024-04-05 21:28:21,nikzh
2024-04-05 21:28:21,cherdougie
2024-04-05 21:28:21,primamateria__
2024-04-05 21:28:21,TychoOnnasch
2024-04-05 21:28:21,MinaProtocol
2024-04-05 21:28:21,seedclubhq
2024-04-05 21:28:21,search?q=%24QUAI&src=cashtag_click
2024-04-05 21:28:21,BitmapTech
2024-04-05 21:28:21,ostiumlabs
2024-04-05 21:28:21,buildabera
2024-04-05 21:28:21,Blockchair
2024-04-05 21:28:21,Esv2OuCsE4
2024-04-05 21:28:21,tlXxXlrOtd
2024-04-05 21:28:21,consensys
2024-04-05 21:28:21,postmates
2024-04-08 16:12:11,Arete_xyz
2024-04-08 16:12:11,coinbase
2024-04-08 16:12:11,reflectorbital
2024-04-08 16:12:11,search?q=%24MEW&src=cashtag_click
2024-04-08 16:12:11,postmates
2024-04-08 16:12:11,7eTxErvAs7
2024-04-08 16:12:11,StackingDAO
2024-04-08 16:12:11,eawosikaa
2024-04-08 16:12:11,o1_labs
2024-04-08 16:12:11,avara
2024-04-08 16:12:11,newinternet_
2024-04-08 16:12:11,ycombinator
2024-04-08 16:12:11,Solchatcoin
2024-04-08 16:12:11,Esv2OuCsE4
2024-04-08 16:12:11,Blockchair
2024-04-08 16:12:11,B3BMNUGxo0
2024-04-08 16:12:11,seedclubhq
2024-04-08 16:12:11,ohAe9HFOE7
2024-04-08 16:12:11,NorthwesternU
2024-04-08 16:12:11,OstiumLabs
2024-04-08 16:12:11,VoltCapital
2024-04-08 16:12:11,MohamedFFouda
2024-04-08 16:12:11,TychoOnnasch
2024-04-08 16:12:11,search?q=%24JKL&src=cashtag_click
2024-04-08 16:12:11,daBWNQPUGA
2024-04-08 16:12:11,OpenAI
2024-04-08 16:12:11,degenRobot
2024-04-08 16:12:11,Crypto_McKenna
2024-04-08 16:12:11,Ethereum2077
2024-04-08 16:12:11,ostiumlabs
2024-04-08 16:12:11,ekincixyz
2024-04-08 16:12:11,tinathesis
2024-04-08 16:12:11,sibeleth
2024-04-08 16:12:11,myprizecom
2024-04-08 16:12:11,MewsWorld
2024-04-08 16:12:11,nftftc
2024-04-08 16:12:11,kglteater
2024-04-08 16:12:11,planetrefi
2024-04-08 16:12:11,BitmapTech
2024-04-08 16:12:11,Trugard_Labs
2024-04-08 16:12:11,financecanada
2024-04-08 16:12:11,columbia
2024-04-08 16:12:11,Columbia_Biz
2024-04-08 16:12:11,ZytF2jZnsa
2024-04-08 16:12:11,3xplcom
2024-04-08 16:12:11,06CEqm0m9S
2024-04-08 16:12:11,artyfact_game
2024-04-08 16:12:11,ANQQVrsgMh
2024-04-08 16:12:11,cherdougie
2024-04-08 16:12:11,alliancedao
2024-04-08 16:12:11,wef
2024-04-08 16:12:11,DanielSchmacht1
2024-04-08 16:12:11,bridgewater
2024-04-08 16:12:11,search?q=%24QUAI&src=cashtag_click
2024-04-08 16:12:11,peaqnetwork
2024-04-08 16:12:11,k2pilot
2024-04-08 16:12:11,myshell_ai
2024-04-08 16:12:11,miramurati
2024-04-08 16:12:11,harphacker1
2024-04-08 16:12:11,Livepeer
2024-04-08 16:12:11,ZestProtocol
2024-04-08 16:12:11,04xPCbaS17
2024-04-08 16:12:11,SmokeyTheBera
2024-04-08 16:12:11,hikikomorihaven
2024-04-08 16:12:11,MaRSDD
2024-04-08 16:12:11,kaledora
2024-04-08 16:12:11,infura_io
2024-04-08 16:12:11,AveryChing
2024-04-08 16:12:11,DeepDishEnjoyer
2024-04-08 16:12:11,shanvasion
2024-04-08 16:12:11,pleasrdao
2024-04-08 16:12:11,gmhuntergm
2024-04-08 16:12:11,Jackal_Protocol
2024-04-08 16:12:11,harvard
2024-04-08 16:12:11,hyperstition_x
2024-04-08 16:12:11,MerlinLayer2
2024-04-08 16:12:11,JosephJacks_
2024-04-08 16:12:11,ConsilienceNews
2024-04-08 16:12:11,ackeeblockchain
2024-04-08 16:12:11,ZachBruch
2024-04-08 16:12:11,3pJHKYWuQ9
2024-04-08 16:12:11,etekis
2024-04-08 16:12:11,BobbyThakkar
2024-04-08 16:12:11,Stacks
2024-04-08 16:12:11,tlXxXlrOtd
2024-04-08 16:12:11,consensys
2024-04-08 16:12:11,atomic_semi
2024-04-08 16:12:11,MinaProtocol
2024-04-08 16:12:11,intel
2024-04-08 16:12:11,sonar
2024-04-08 16:12:11,search?q=%24QI&src=cashtag_click
2024-04-08 16:12:11,berachain
2024-04-08 16:12:11,GCRClassic
2024-04-08 16:12:11,ArchNtwrk
2024-04-08 16:12:11,bnj
2024-04-08 16:12:11,buildabera
2024-04-08 16:12:11,trustmachinesco
2024-04-08 16:12:11,OSSCapital
2024-04-08 16:12:11,13yroldwithcc
2024-04-08 16:12:11,QuaiNetwork
2024-04-08 16:12:11,vistaralabs
2024-04-08 16:12:11,nikzh
2024-04-08 16:12:11,bold
2024-04-08 16:12:11,primamateria__
2024-04-08 16:12:11,danielkenobe
2024-04-17 13:23:29,Livepeer
2024-04-17 13:23:29,Trugard_Labs
2024-04-17 13:23:29,ArchNtwrk
2024-04-17 13:23:29,ohAe9HFOE7
2024-04-17 13:23:29,rauchg
2024-04-17 13:23:29,SimoneSyed
2024-04-17 13:23:29,postmates
2024-04-17 13:23:29,sibeleth
2024-04-17 13:23:29,B3BMNUGxo0
2024-04-17 13:23:29,kglteater
2024-04-17 13:23:29,06CEqm0m9S
2024-04-17 13:23:29,valaratomics
2024-04-17 13:23:29,degenRobot
2024-04-17 13:23:29,eawosikaa
2024-04-17 13:23:29,GCRClassic
2024-04-17 13:23:29,columbia
2024-04-17 13:23:29,search?q=%24MEW&src=cashtag_click
2024-04-17 13:23:29,PayPal
2024-04-17 13:23:29,MewsWorld
2024-04-17 13:23:29,AveryChing
2024-04-17 13:23:29,MohamedFFouda
2024-04-17 13:23:29,LendingClub
2024-04-17 13:23:29,MerlinLayer2
2024-04-17 13:23:29,myprizecom
2024-04-17 13:23:29,newinternet_
2024-04-17 13:23:29,inflectionxyz
2024-04-17 13:23:29,tlXxXlrOtd
2024-04-17 13:23:29,atomic_inc
2024-04-17 13:23:29,infura_io
2024-04-17 13:23:29,Ethereum2077
2024-04-17 13:23:29,search?q=%24QUAI&src=cashtag_click
2024-04-17 13:23:29,bridgewater
2024-04-17 13:23:29,OstiumLabs
2024-04-17 13:23:29,1confirmation
2024-04-17 13:23:29,avara
2024-04-17 13:23:29,JosephJacks_
2024-04-17 13:23:29,04xPCbaS17
2024-04-17 13:23:29,OpenAI
2024-04-17 13:23:29,search?q=%24JKL&src=cashtag_click
2024-04-17 13:23:29,bnj
2024-04-17 13:23:29,SaeedAmidi
2024-04-17 13:23:29,financecanada
2024-04-17 13:23:29,buildabera
2024-04-17 13:23:29,Crypto_McKenna
2024-04-17 13:23:29,vercel
2024-04-17 13:23:29,MaRSDD
2024-04-17 13:23:29,gmhuntergm
2024-04-17 13:23:29,Google
2024-04-17 13:23:29,nftftc
2024-04-17 13:23:29,DanielSchmacht1
2024-04-17 13:23:29,TychoOnnasch
2024-04-17 13:23:29,tinathesis
2024-04-17 13:23:29,wef
2024-04-17 13:23:29,QuaiNetwork
2024-04-17 13:23:29,ZytF2jZnsa
2024-04-17 13:23:29,sonar
2024-04-17 13:23:29,7eTxErvAs7
2024-04-17 13:23:29,artyfact_game
2024-04-17 13:23:29,hyperstition_x
2024-04-17 13:23:29,Solchatcoin
2024-04-17 13:23:29,search?q=%24QI&src=cashtag_click
2024-04-17 13:23:29,ostiumlabs
2024-04-17 13:23:29,DeepDishEnjoyer
2024-04-17 13:23:29,daBWNQPUGA
2024-04-17 13:23:29,seedclubhq
2024-04-17 13:23:29,isaiah_p_taylor
2024-04-17 13:23:29,Esv2OuCsE4
2024-04-17 13:23:29,MinaProtocol
2024-04-17 13:23:29,intel
2024-04-17 13:23:29,Arete_xyz
2024-04-17 13:23:29,Stacks
2024-04-17 13:23:29,trustmachinesco
2024-04-17 13:23:29,consensys
2024-04-17 13:23:29,Blockchair
2024-04-17 13:23:29,ConsilienceNews
2024-04-17 13:23:29,planetrefi
2024-04-17 13:23:29,myshell_ai
2024-04-17 13:23:29,atomic_semi
2024-04-17 13:23:29,Columbia_Biz
2024-04-17 13:23:29,k2pilot
2024-04-17 13:23:29,ekincixyz
2024-04-17 13:23:29,nikzh
2024-04-17 13:23:29,VoltCapital
2024-04-17 13:23:29,SmokeyTheBera
2024-04-17 13:23:29,coinbase
2024-04-17 13:23:29,ycombinator
2024-04-17 13:23:29,vistaralabs
2024-04-17 13:23:29,ZestProtocol
2024-04-17 13:23:29,shanvasion
2024-04-17 13:23:29,miramurati
2024-04-17 13:23:29,BobbyThakkar
2024-04-17 13:23:29,berachain
2024-04-17 13:23:29,primamateria__
2024-04-17 13:23:29,danielkenobe
2024-04-17 13:23:29,Jackal_Protocol
2024-04-17 13:23:29,ZachBruch
2024-04-17 13:23:29,reflectorbital
2024-04-17 13:23:29,3xplcom
2024-04-17 13:23:29,pleasrdao
2024-04-17 13:23:29,o1_labs
2024-04-17 13:23:29,harvard
2024-04-17 13:23:29,NorthwesternU
2024-04-17 13:23:29,StackingDAO
2024-04-17 13:23:29,ackeeblockchain
2024-04-17 13:23:29,NTmoney
2024-04-17 13:23:29,EarlybirdVC
2024-04-17 13:23:29,OSSCapital
2024-04-17 13:23:29,IndexVentures
2024-04-17 13:23:29,BitmapTech
2024-04-17 13:23:29,etekis
2024-04-17 13:23:29,harphacker1
2024-04-17 13:23:29,aphysicist
2024-04-17 13:23:29,hikikomorihaven
2024-04-17 13:23:29,AlexLangeVC
2024-04-17 13:23:29,kaledora
2024-04-17 13:23:29,ANQQVrsgMh
2024-04-17 13:23:29,bold
2024-04-17 13:23:29,alliancedao
2024-04-17 13:23:29,DropBox
2024-04-17 13:23:29,13yroldwithcc
2024-04-17 13:23:29,3pJHKYWuQ9
2024-04-17 13:23:29,PlugandPlayTC
2024-04-17 13:23:29,cherdougie
2024-04-17 13:23:29,KadrianStahley_
2024-04-17 13:23:29,peaqnetwork
2024-04-17 13:23:29,nextjs
2024-05-03 16:47:58,mcuevasm
2024-05-03 16:47:58,TO
2024-05-03 16:47:58,FeederRotation
2024-05-03 16:47:58,SpaceX
2024-05-03 16:47:58,MartinShkreli
2024-05-03 16:47:58,247LS
2024-05-03 16:47:58,zackabaker
2024-05-03 16:47:58,_drewarmstrong_
2024-05-03 16:47:58,accel
2024-05-03 16:47:58,aleohq
2024-05-03 16:47:58,search?q=%24ETH&src=cashtag_click
2024-05-03 16:47:58,mach_industries
2024-05-03 16:47:58,TheOrdinalShow
2024-05-03 16:47:58,Lhh178sIjq
2024-05-03 16:47:58,natfriedman
2024-05-03 16:47:58,johannestknd
2024-05-03 16:47:58,karansirdesai
2024-05-03 16:47:58,QXmBRloVpR
2024-05-03 16:47:58,gregosuri
2024-05-03 16:47:58,rune_coin
2024-05-03 16:47:58,jacksondahl
2024-05-03 16:47:58,search?q=%24CBTTF&src=cashtag_click
2024-05-03 16:47:58,tszzl
2024-05-03 16:47:58,0xBalloonLover
2024-05-03 16:47:58,search?q=%24MEME&src=cashtag_click
2024-05-03 16:47:58,USC
2024-05-03 16:47:58,Galadriel_AI
2024-05-03 16:47:58,AlbyHojel
2024-05-03 16:47:58,ScottNorman
2024-05-03 16:47:58,Consensys
2024-05-03 16:47:58,teddyfeld
2024-05-03 16:47:58,megaeth_labs
2024-05-03 16:47:58,100Thieves
2024-05-03 16:47:58,search?q=%24AKT&src=cashtag_click
2024-05-03 16:47:58,apple
2024-05-03 16:47:58,DuU6MMqcgQ
2024-05-03 16:47:58,ciaobelindazhou
2024-05-03 16:47:58,hummingbirdvc
2024-05-03 16:47:58,zjasper666
2024-05-03 16:47:58,shardingcapital
2024-05-03 16:47:58,_mayurc
2024-05-03 16:47:58,ninjalerts
2024-05-03 16:47:58,hotpot_dao
2024-05-03 16:47:58,akashnet_
2024-05-03 16:47:58,tbwachiatla
2024-05-03 16:47:58,avax
2024-05-03 16:47:58,stakeland
2024-05-03 16:47:58,Paradigm
2024-05-03 16:47:58,TKSaville
2024-05-03 16:47:58,bcg
2024-05-03 16:47:58,raihan_
2024-05-03 16:47:58,Logo_Daedalus
2024-05-03 16:47:58,rabbithole_gg
2024-05-03 16:47:58,cameron62s
2024-05-03 16:47:58,ShardDubai
2024-05-03 16:47:58,danielgross
2024-05-03 16:47:58,lowercase
2024-05-03 16:47:58,RainmakerCorp
2024-05-03 16:47:58,terraformindies
2024-05-03 16:47:58,berkeley_ai
2024-05-03 16:47:58,jumpnationhq
2024-05-03 16:47:58,forstmeier
2024-05-03 16:47:58,pIR2RwGMwX
2024-05-03 16:47:58,UMG
2024-05-03 16:47:58,cwamidon
2024-05-03 16:47:58,BA82mT7Ahq
2024-05-03 16:47:58,goth600
2024-05-03 16:47:58,NZsHpnOzcn
2024-05-03 16:47:58,WiedenKennedy
2024-05-03 16:47:58,tamarajtran
2024-05-03 16:47:58,ADoricko
2024-05-03 16:47:58,oMIiyJcIzk
2024-05-03 16:47:58,McMasterCarr
2024-05-03 16:47:58,LA_stevens_
2024-05-03 16:47:58,qdYjO47FCP
2024-05-03 16:47:58,nftnow
2024-05-03 16:47:58,btcfrontierfund
2024-05-03 16:47:58,McKinsey
2024-05-03 16:47:58,harvardhbs
2024-05-03 16:47:58,Hyperbolic_Labs
2024-05-03 16:47:58,dukeU
2024-05-03 16:47:58,yavuzyilanci
2024-05-03 16:47:58,mirafoundation_
2024-05-03 16:47:58,brendahashtag
2024-05-03 16:47:58,search?q=%24CBIT&src=cashtag_click
2024-05-03 16:47:58,brennenschlu
2024-05-03 16:47:58,jordsnel
2024-05-03 16:47:58,SindriLabs
2024-05-03 16:47:58,nissaszabo
2024-05-03 16:47:58,CJHandmer
2024-05-03 16:47:58,UCBerkeley
2024-05-03 16:47:58,lzin5ByH0t
2024-05-03 16:47:58,CathedraBitcoin
2024-05-03 16:47:58,citsecurities
2024-05-08 17:01:09,muasIr0PuD
2024-05-08 17:01:09,t_blom
2024-05-08 17:01:09,ZachBDell
2024-05-08 17:01:09,gocardless
2024-05-08 17:01:09,anduriltech
2024-05-08 17:01:09,vanlancker
2024-05-08 17:01:09,GUy99qMi2O
2024-05-08 17:01:09,1517fund
2024-05-08 17:01:09,basepowerco
2024-05-08 17:01:09,JLopas
2024-05-08 17:01:09,Hashnote_Labs
2024-05-08 17:01:09,nstlgiaxpress
2024-05-08 17:01:09,zeroknowledgeGC
2024-05-08 17:01:09,ThriveCapital
2024-05-08 17:01:09,Basepowerco
2024-05-08 17:01:09,monzo
2024-05-08 17:01:09,Blackstone
2024-05-08 17:01:09,RNhb9Pv8kn
2024-05-09 16:58:17,BlueberryFDN
2024-05-09 16:58:17,0xDYAD
2024-05-09 16:58:17,stakeupprotocol
2024-05-09 16:58:17,SlaterHeil
2024-05-09 16:58:17,quainetwork
2024-05-10 16:04:41,terraincap
2024-05-10 16:04:41,0x94305
2024-05-10 16:04:41,MihailoBjelic
2024-05-10 16:04:41,BHA2G5Tydu
2024-05-10 16:04:41,amyvanwinkle
2024-05-10 16:04:41,0xPolygon
2024-05-15 13:34:58,kevinakwok
2024-05-15 13:34:58,mhdempsey
2024-05-15 13:34:58,beek_io
2024-05-15 13:34:58,compoundvc
2024-05-15 13:34:58,keilafong
2024-05-15 13:34:58,CoinFund_io
2024-05-15 13:34:58,maxbulger
2024-05-15 13:34:58,Arbelosxyz
2024-05-15 13:34:58,grubhub
2024-05-15 13:34:58,SolanaRules
2024-05-15 13:34:58,eugenewei
2024-05-15 13:34:58,dberenzon
2024-05-15 13:34:58,threadooorDAO
2024-05-15 13:34:58,pinterest
2024-05-15 13:34:58,polymarket
2024-05-15 13:34:58,Bo11inger
2024-05-15 13:34:58,0xmads
2024-05-15 13:34:58,onecaseman
2024-05-15 13:34:58,eventbrite
2024-05-15 13:34:58,CalBlockchain
2024-05-15 13:34:58,GreylockVC
2024-05-15 13:34:58,adeptailabs
2024-05-15 13:34:58,saammotamedi
2024-05-15 13:34:58,BerkeleyHaas
2024-05-15 13:34:58,31xFn7UvDb
2024-05-15 13:34:58,1kxnetwork
2024-05-15 13:34:58,z
2024-05-15 13:34:58,archetypevc
2024-05-15 13:34:58,reforge
2024-05-15 13:34:58,shyp
2024-05-20 19:44:29,AdNuyGyLll
2024-05-20 19:44:29,synthetix_io
2024-05-20 19:44:29,Grizzlyshort
2024-05-20 19:44:29,stripe
2024-05-20 19:44:29,createstreets
2024-05-20 19:44:29,gnosisPM
2024-05-20 19:44:29,bswud
