2024-04-05 23:32:39,ShoeVentures
2024-04-05 23:32:39,goku_nft
2024-04-05 23:32:39,BullpenFi
2024-04-05 23:32:39,RaviMonke
2024-04-05 23:32:39,Bloomberg
2024-04-05 23:32:39,bonk_inu
2024-04-05 23:32:39,null_ish
2024-04-05 23:32:39,neilhar_
2024-04-05 23:32:39,j0hnwang
2024-04-05 23:32:39,level941
2024-04-05 23:32:39,usbgf
2024-04-05 23:32:39,CgaoMfhUHd
2024-04-05 23:32:39,KaminoFinance
2024-04-05 23:32:39,AndromedaProt
2024-04-05 23:32:39,ionet
2024-04-05 23:32:39,a1lon9
2024-04-05 23:32:39,thisjackkaido
2024-04-05 23:32:39,jito_labs
2024-04-05 23:32:39,helium_mobile
2024-04-05 23:32:39,baalazamon
2024-04-05 23:32:39,TheOrdinalShow
2024-04-05 23:32:39,helium
2024-04-05 23:32:39,solBOOGLE
2024-04-05 23:32:39,pumpdotfun
2024-04-05 23:32:39,umbraresearch
2024-04-05 23:32:39,Rd6T1qdPLj
2024-04-05 23:32:39,search?q=%24Crypto&src=cashtag_click
2024-04-05 23:32:39,suilendprotocol
2024-04-05 23:32:39,PinkBrains_io
2024-04-05 23:32:39,ahitposter
2024-04-05 23:32:39,6ixthEvent
2024-04-05 23:32:39,StepFinance_
2024-04-05 23:32:39,aciiiidhouse
2024-04-05 23:32:39,CodeCanvas_Art
2024-04-05 23:32:39,SolanaCompass
2024-04-05 23:32:39,madladsnft
2024-04-05 23:32:39,ambient_finance
2024-04-05 23:32:39,r5t8blnkMN
2024-04-05 23:32:39,cubexch
2024-04-05 23:32:39,muKSZAdjho
2024-04-05 23:32:39,blockgraze
2024-04-05 23:32:39,anza_xyz
2024-04-05 23:32:39,AustinBarack
2024-04-05 23:32:39,search?q=%24BTC&src=cashtag_click
2024-04-05 23:32:39,amirhaleem
2024-04-05 23:32:39,messaricrypto
2024-04-05 23:32:39,csin02
2024-04-05 23:32:39,wagieeacc
2024-04-05 23:32:39,q5mHPJDobs
2024-04-05 23:32:39,CryptoCurb
2024-04-05 23:32:39,jito_sol
2024-04-05 23:32:39,DefiIgnas
2024-04-05 23:32:39,GnqSDkEWla
2024-04-05 23:32:39,aptoslabs
2024-04-05 23:32:39,NarwhalNation
2024-04-05 23:32:39,OrdinalMaxiBiz
2024-04-05 23:32:39,0xrooter
2024-04-05 23:32:39,Ravers
2024-04-05 23:32:39,AgentChud
2024-04-05 23:32:39,madskullsnft
2024-04-05 23:32:39,solanapoet
2024-04-05 23:32:39,CraigOPodcast
2024-04-05 23:32:39,Cornell_Tech
2024-04-05 23:32:39,cdrvalkyrie
2024-04-05 23:32:39,armorlabs
2024-04-05 23:32:39,SolanaFloor
2024-04-05 23:32:39,notjohnlestudio
2024-04-05 23:32:39,BodoggosNFT
2024-04-05 23:32:39,DegenDaoLLC
2024-04-05 23:32:39,hivemapper
2024-04-05 23:32:39,boldleonidas
2024-04-05 23:32:39,stacks
2024-04-05 23:32:39,mattyTokenomics
2024-04-05 23:32:39,quekz_
2024-04-05 23:32:39,7O0WAdXUnT
2024-04-05 23:32:39,ShapeShift
2024-04-05 23:32:39,DEShawGroup
2024-04-05 23:32:39,sershokunin
2024-04-05 23:32:39,allnick
2024-04-05 23:32:39,delphi_labs
2024-04-05 23:32:39,TheDailyHPotter
2024-04-05 23:32:39,kelxyz_
2024-04-05 23:32:39,LeonidasNFT
2024-04-05 23:32:39,relayercapital
2024-04-05 23:32:39,5I8qHw5GNN
2024-04-05 23:32:39,solendprotocol
2024-04-05 23:32:39,opendelta_
2024-04-05 23:32:39,Re7Capital
2024-04-05 23:32:39,ord_io
2024-04-05 23:32:39,Quekz_
2024-04-05 23:32:39,BigBrainSui
2024-04-05 23:32:39,immutable
2024-04-05 23:32:39,niftyportal
2024-04-05 23:32:39,MonkeyBabyBiz
2024-04-05 23:32:39,perhapsrabbits
2024-04-05 23:32:39,_ledao
2024-04-05 23:32:39,search?q=%24SOL&src=cashtag_click
2024-04-05 23:32:39,coinfund_io
2024-04-05 23:32:39,alexc_xyz
2024-04-05 23:32:39,0xdoug
2024-04-05 23:32:39,search?q=%24ETH&src=cashtag_click
2024-04-05 23:32:39,ObeyAlliance
2024-04-05 23:32:39,PrimitiveMoney
2024-04-05 23:32:39,exchgART
2024-04-05 23:32:39,QEDNgGT3Wu
2024-04-05 23:32:39,jordaaash
2024-04-05 23:32:39,LexproofHQ
2024-04-05 23:32:39,salxyz
2024-04-05 23:32:39,GalaxyHQ
2024-04-05 23:32:39,bigbrainvc
2024-04-05 23:32:39,SolJakey
2024-04-05 23:32:39,thecandymachine
2024-04-05 23:32:39,_LewisHarland_
2024-04-05 23:32:39,JoshuaRosenthal
2024-04-05 23:32:39,Orlando_btc
2024-04-05 23:32:39,UnlayeredPod
2024-04-05 23:32:39,hubbleprotocol
2024-04-05 23:32:39,vFZF03OlUR
2024-04-05 23:32:39,veets__
2024-04-05 23:32:39,Bridgewater
2024-04-05 23:32:39,The_Barrows
2024-04-05 23:32:39,Columbia
2024-04-05 23:32:39,paradigm
2024-04-05 23:32:39,sharkyfi
2024-04-05 23:32:39,buffalu__
2024-04-05 23:32:39,metastreetxyz
2024-04-05 23:32:39,FVn3NRNrLe
2024-04-05 23:32:39,ethstatus
2024-04-05 23:32:39,bidclubio
2024-04-05 23:32:39,y2kappa
2024-04-05 23:32:39,solana
2024-04-05 23:32:39,solanalabs
2024-04-05 23:32:39,drip_haus
2024-04-08 17:21:53,wagieeacc
2024-04-08 17:21:53,ord_io
2024-04-08 17:21:53,hubbleprotocol
2024-04-08 17:21:53,drip_haus
2024-04-08 17:21:53,SolanaFloor
2024-04-08 17:21:53,search?q=%24Crypto&src=cashtag_click
2024-04-08 17:21:53,solBOOGLE
2024-04-08 17:21:53,jito_sol
2024-04-08 17:21:53,y2kappa
2024-04-08 17:21:53,JoshuaRosenthal
2024-04-08 17:21:53,GalaxyHQ
2024-04-08 17:21:53,thisjackkaido
2024-04-08 17:21:53,exchgART
2024-04-08 17:21:53,AgentChud
2024-04-08 17:21:53,search?q=%24ETH&src=cashtag_click
2024-04-08 17:21:53,ShoeVentures
2024-04-08 17:21:53,SolanaCompass
2024-04-08 17:21:53,csin02
2024-04-08 17:21:53,Bloomberg
2024-04-08 17:21:53,goku_nft
2024-04-08 17:21:53,perhapsrabbits
2024-04-08 17:21:53,5I8qHw5GNN
2024-04-08 17:21:53,GnqSDkEWla
2024-04-08 17:21:53,umbraresearch
2024-04-08 17:21:53,FVn3NRNrLe
2024-04-08 17:21:53,delphi_labs
2024-04-08 17:21:53,Rd6T1qdPLj
2024-04-08 17:21:53,boldleonidas
2024-04-08 17:21:53,amirhaleem
2024-04-08 17:21:53,solana
2024-04-08 17:21:53,vFZF03OlUR
2024-04-08 17:21:53,SolJakey
2024-04-08 17:21:53,quekz_
2024-04-08 17:21:53,Columbia
2024-04-08 17:21:53,baalazamon
2024-04-08 17:21:53,RaviMonke
2024-04-08 17:21:53,cubexch
2024-04-08 17:21:53,solendprotocol
2024-04-08 17:21:53,cdrvalkyrie
2024-04-08 17:21:53,alexc_xyz
2024-04-08 17:21:53,hivemapper
2024-04-08 17:21:53,CgaoMfhUHd
2024-04-08 17:21:53,muKSZAdjho
2024-04-08 17:21:53,madskullsnft
2024-04-08 17:21:53,thecandymachine
2024-04-08 17:21:53,null_ish
2024-04-08 17:21:53,a1lon9
2024-04-08 17:21:53,immutable
2024-04-08 17:21:53,PinkBrains_io
2024-04-08 17:21:53,solanapoet
2024-04-08 17:21:53,KaminoFinance
2024-04-08 17:21:53,0xrooter
2024-04-08 17:21:53,opendelta_
2024-04-08 17:21:53,LexproofHQ
2024-04-08 17:21:53,DefiIgnas
2024-04-08 17:21:53,BullpenFi
2024-04-08 17:21:53,LeonidasNFT
2024-04-08 17:21:53,search?q=%24BTC&src=cashtag_click
2024-04-08 17:21:53,Bridgewater
2024-04-08 17:21:53,ethstatus
2024-04-08 17:21:53,CraigOPodcast
2024-04-08 17:21:53,anza_xyz
2024-04-08 17:21:53,salxyz
2024-04-08 17:21:53,allnick
2024-04-08 17:21:53,_LewisHarland_
2024-04-08 17:21:53,_ledao
2024-04-08 17:21:53,ionet
2024-04-08 17:21:53,TheDailyHPotter
2024-04-08 17:21:53,ShapeShift
2024-04-08 17:21:53,suilendprotocol
2024-04-08 17:21:53,madladsnft
2024-04-08 17:21:53,buffalu__
2024-04-08 17:21:53,veets__
2024-04-08 17:21:53,AndromedaProt
2024-04-08 17:21:53,DegenDaoLLC
2024-04-08 17:21:53,0xdoug
2024-04-08 17:21:53,metastreetxyz
2024-04-08 17:21:53,solanalabs
2024-04-08 17:21:53,BodoggosNFT
2024-04-08 17:21:53,TheOrdinalShow
2024-04-08 17:21:53,PrimitiveMoney
2024-04-08 17:21:53,notjohnlestudio
2024-04-08 17:21:53,DEShawGroup
2024-04-08 17:21:53,stacks
2024-04-08 17:21:53,usbgf
2024-04-08 17:21:53,search?q=%24SOL&src=cashtag_click
2024-04-08 17:21:53,messaricrypto
2024-04-08 17:21:53,ambient_finance
2024-04-08 17:21:53,neilhar_
2024-04-08 17:21:53,blockgraze
2024-04-08 17:21:53,mattyTokenomics
2024-04-08 17:21:53,jordaaash
2024-04-08 17:21:53,helium_mobile
2024-04-08 17:21:53,armorlabs
2024-04-08 17:21:53,sershokunin
2024-04-08 17:21:53,6ixthEvent
2024-04-08 17:21:53,bonk_inu
2024-04-08 17:21:53,StepFinance_
2024-04-08 17:21:53,sharkyfi
2024-04-08 17:21:53,CryptoCurb
2024-04-08 17:21:53,Cornell_Tech
2024-04-08 17:21:53,relayercapital
2024-04-08 17:21:53,coinfund_io
2024-04-08 17:21:53,ahitposter
2024-04-08 17:21:53,r5t8blnkMN
2024-04-08 17:21:53,UnlayeredPod
2024-04-08 17:21:53,OrdinalMaxiBiz
2024-04-08 17:21:53,bigbrainvc
2024-04-08 17:21:53,q5mHPJDobs
2024-04-08 17:21:53,aciiiidhouse
2024-04-08 17:21:53,pumpdotfun
2024-04-08 17:21:53,CodeCanvas_Art
2024-04-08 17:21:53,paradigm
2024-04-08 17:21:53,MonkeyBabyBiz
2024-04-08 17:21:53,Orlando_btc
2024-04-08 17:21:53,niftyportal
2024-04-08 17:21:53,QEDNgGT3Wu
2024-04-08 17:21:53,NarwhalNation
2024-04-08 17:21:53,7O0WAdXUnT
2024-04-08 17:21:53,BigBrainSui
2024-04-08 17:21:53,The_Barrows
2024-04-08 17:21:53,AustinBarack
2024-04-08 17:21:53,bidclubio
2024-04-08 17:21:53,Re7Capital
2024-04-08 17:21:53,kelxyz_
2024-04-08 17:21:53,jito_labs
2024-04-08 17:21:53,helium
2024-04-08 17:21:53,j0hnwang
2024-04-08 17:21:53,aptoslabs
2024-04-17 14:29:50,ahitposter
2024-04-17 14:29:50,allnick
2024-04-17 14:29:50,q5mHPJDobs
2024-04-17 14:29:50,Rd6T1qdPLj
2024-04-17 14:29:50,delphi_labs
2024-04-17 14:29:50,r5t8blnkMN
2024-04-17 14:29:50,BullpenFi
2024-04-17 14:29:50,AgentChud
2024-04-17 14:29:50,ord_io
2024-04-17 14:29:50,aptoslabs
2024-04-17 14:29:50,LeonidasNFT
2024-04-17 14:29:50,drip_haus
2024-04-17 14:29:50,FmZpqeM9vU
2024-04-17 14:29:50,GalaxyHQ
2024-04-17 14:29:50,salxyz
2024-04-17 14:29:50,UnlayeredPod
2024-04-17 14:29:50,veets__
2024-04-17 14:29:50,y2kappa
2024-04-17 14:29:50,vFZF03OlUR
2024-04-17 14:29:50,_LewisHarland_
2024-04-17 14:29:50,FoliusVentures
2024-04-17 14:29:50,BodoggosNFT
2024-04-17 14:29:50,CodeCanvas_Art
2024-04-17 14:29:50,Re7Capital
2024-04-17 14:29:50,StepFinance_
2024-04-17 14:29:50,GnqSDkEWla
2024-04-17 14:29:50,BigBrainSui
2024-04-17 14:29:50,cubexch
2024-04-17 14:29:50,0xdoug
2024-04-17 14:29:50,bidclubio
2024-04-17 14:29:50,SolanaCompass
2024-04-17 14:29:50,buffalu__
2024-04-17 14:29:50,DefiIgnas
2024-04-17 14:29:50,ethstatus
2024-04-17 14:29:50,Cornell_Tech
2024-04-17 14:29:50,Orlando_btc
2024-04-17 14:29:50,CryptoCurb
2024-04-17 14:29:50,DegenDaoLLC
2024-04-17 14:29:50,search?q=%24Crypto&src=cashtag_click
2024-04-17 14:29:50,zeromonkebiz
2024-04-17 14:29:50,CraigOPodcast
2024-04-17 14:29:50,mattyTokenomics
2024-04-17 14:29:50,kelxyz_
2024-04-17 14:29:50,alexc_xyz
2024-04-17 14:29:50,goku_nft
2024-04-17 14:29:50,Bloomberg
2024-04-17 14:29:50,solana
2024-04-17 14:29:50,NarwhalNation
2024-04-17 14:29:50,notjohnlestudio
2024-04-17 14:29:50,ionet
2024-04-17 14:29:50,ShapeShift
2024-04-17 14:29:50,stacks
2024-04-17 14:29:50,ChartFuMonkey
2024-04-17 14:29:50,j0hnwang
2024-04-17 14:29:50,7O0WAdXUnT
2024-04-17 14:29:50,argenthq
2024-04-17 14:29:50,paradigm
2024-04-17 14:29:50,thecandymachine
2024-04-17 14:29:50,bigbrainvc
2024-04-17 14:29:50,banditsbtc
2024-04-17 14:29:50,CarnegieMellon
2024-04-17 14:29:50,niftyportal
2024-04-17 14:29:50,TheOrdinalShow
2024-04-17 14:29:50,JoshuaRosenthal
2024-04-17 14:29:50,pumpdotfun
2024-04-17 14:29:50,a1lon9
2024-04-17 14:29:50,exchgART
2024-04-17 14:29:50,search?q=%24BTC&src=cashtag_click
2024-04-17 14:29:50,SolanaFloor
2024-04-17 14:29:50,MapleLeafCap
2024-04-17 14:29:50,neilhar_
2024-04-17 14:29:50,RaviMonke
2024-04-17 14:29:50,sharkyfi
2024-04-17 14:29:50,LexproofHQ
2024-04-17 14:29:50,6ixthEvent
2024-04-17 14:29:50,hubbleprotocol
2024-04-17 14:29:50,Bitcoin
2024-04-17 14:29:50,SolJakey
2024-04-17 14:29:50,Bridgewater
2024-04-17 14:29:50,search?q=%24ETH&src=cashtag_click
2024-04-17 14:29:50,messaricrypto
2024-04-17 14:29:50,AndromedaProt
2024-04-17 14:29:50,MonkeyBabyBiz
2024-04-17 14:29:50,ambient_finance
2024-04-17 14:29:50,opendelta_
2024-04-17 14:29:50,aciiiidhouse
2024-04-17 14:29:50,PinkBrains_io
2024-04-17 14:29:50,OrdinalMaxiBiz
2024-04-17 14:29:50,muKSZAdjho
2024-04-17 14:29:50,itamarl
2024-04-17 14:29:50,hash3xyz
2024-04-17 14:29:50,usbgf
2024-04-17 14:29:50,TheDailyHPotter
2024-04-17 14:29:50,sershokunin
2024-04-17 14:29:50,csin02
2024-04-17 14:29:50,LynnWWins
2024-04-17 14:29:50,solBOOGLE
2024-04-17 14:29:50,Hootie_R
2024-04-17 14:29:50,search?q=%24SOL&src=cashtag_click
2024-04-17 14:29:50,armorlabs
2024-04-17 14:29:50,5I8qHw5GNN
2024-04-17 14:29:50,KaminoFinance
2024-05-03 17:19:23,TO
2024-05-03 17:19:23,Harvard
2024-05-03 17:19:23,MartinShkreli
2024-05-03 17:19:23,SparkCapital
2024-05-03 17:19:23,Neuralink
2024-05-03 17:19:23,oMIiyJcIzk
2024-05-03 17:19:23,immutable
2024-05-03 17:19:23,nftnow
2024-05-03 17:19:23,btcfrontierfund
2024-05-03 17:19:23,Starrynight_cap
2024-05-03 17:19:23,DuU6MMqcgQ
2024-05-03 17:19:23,Forbes
2024-05-03 17:19:23,elixir
2024-05-03 17:19:23,cole0x
2024-05-03 17:19:23,0xHushky
2024-05-03 17:19:23,dhaber
2024-05-03 17:19:23,blknoiz06
2024-05-03 17:19:23,superbasedd
2024-05-03 17:19:23,ninjalerts
2024-05-03 17:19:23,onbondstreet
2024-05-03 17:19:23,GoldmanSachs
2024-05-03 17:19:23,lzin5ByH0t
2024-05-03 17:19:23,a16z
2024-05-03 17:19:23,0xBalloonLover
2024-05-08 17:28:22,dunleavy89
2024-05-08 17:28:22,jito_labs
2024-05-08 17:28:22,buildwithmv
2024-05-08 17:28:22,wintermute_t
2024-05-08 17:28:22,EvgenyGaevoy
2024-05-08 17:28:22,Token_Relations
2024-05-08 17:28:22,Melt_Dem
2024-05-08 17:28:22,tickmath
2024-05-08 17:28:22,umbraresearch
2024-05-08 17:28:22,jito_sol
2024-05-08 17:28:22,Columbia_Biz
2024-05-08 17:28:22,_TalkingTokens
2024-05-08 17:28:22,malekanoms
2024-05-08 17:28:22,jacqmelinek
2024-05-08 17:28:22,OurNetwork__
2024-05-08 17:28:22,spencernoon
2024-05-08 17:28:22,chooserich
2024-05-08 17:28:22,muasIr0PuD
2024-05-08 17:28:22,QARVbbrsjv
2024-05-08 17:28:22,GUy99qMi2O
2024-05-08 17:28:22,TechCrunch
2024-05-08 17:28:22,Brentsketit
2024-05-10 16:27:34,DFlowProtocol
2024-05-10 16:27:34,kararesurrect
2024-05-10 16:27:34,HeliumFndn
2024-05-10 16:27:34,Meta
2024-05-10 16:27:34,AssemblyDems
2024-05-15 13:58:52,tari
2024-05-15 13:58:52,dickiducksol
2024-05-20 20:08:24,SquadsLabs
2024-05-20 20:08:24,fusewallet
2024-05-20 20:08:24,heliuslabs
2024-05-20 20:08:24,clifford_chance
2024-05-20 20:08:24,SimkinStepan
2024-05-20 20:08:24,RomeProtocol
2024-05-20 20:08:24,tensor_hq
2024-05-20 20:08:24,A90bDS6hYs
2024-05-20 20:08:24,SquadsProtocol
