2024-04-05 20:18:08,apple
2024-04-05 20:18:08,ElectricCapital
2024-04-05 20:18:08,tIDuBxkO6Q
2024-04-05 20:18:08,yueko__
2024-04-05 20:18:08,zyJoDMPFJg
2024-04-05 20:18:08,nansen_ai
2024-04-05 20:18:08,ThanefieldCap
2024-04-05 20:18:08,OpenAI
2024-04-05 20:18:08,solana
2024-04-05 20:18:08,quantumcatsxyz
2024-04-05 20:18:08,CryptoKaduna
2024-04-05 20:18:08,NounsAtlas
2024-04-05 20:18:08,pbrianandj
2024-04-05 20:18:08,JackNiewold
2024-04-05 20:18:08,0xSurena
2024-04-05 20:18:08,ihzn7
2024-04-05 20:18:08,melvinzzy
2024-04-05 20:18:08,crypto_banter
2024-04-05 20:18:08,jump_
2024-04-05 20:18:08,meta
2024-04-05 20:18:08,mFlM1ZEUWW
2024-04-05 20:18:08,electriccapital
2024-04-05 20:18:08,gdb
2024-04-05 20:18:08,0x9e0ff
2024-04-05 20:18:08,conzimp
2024-04-05 20:18:08,orb_land
2024-04-05 20:18:08,starknet
2024-04-05 20:18:08,TakerProtocol
2024-04-05 20:18:08,TaschaLabs
2024-04-05 20:18:08,unchained_pod
2024-04-05 20:18:08,themlpx
2024-04-05 20:18:08,aeyakovenko
2024-04-05 20:18:08,drakefjustin
2024-04-05 20:18:08,ellipsis_labs
2024-04-05 20:18:08,ZetaMarkets
2024-04-05 20:18:08,earngather
2024-04-05 20:18:08,oftheswords
2024-04-05 20:18:08,16BYTCNZRu
2024-04-05 20:18:08,yahoo
2024-04-05 20:18:08,whatsapp
2024-04-05 20:18:08,kateli_nyc
2024-04-05 20:18:08,jarxiao
2024-04-05 20:18:08,1PercentBetterX
2024-04-05 20:18:08,CryptoPrag
2024-04-05 20:18:08,Route2FI
2024-04-05 20:18:08,headline_dao
2024-04-05 20:18:08,boq0FqllCB
2024-04-05 20:18:08,5NJeFXBpDT
2024-04-05 20:18:08,PershingSqFdn
2024-04-05 20:18:08,egirl_capital
2024-04-05 20:18:08,QkCog6MLEK
2024-04-05 20:18:08,laurashin
2024-04-05 20:18:08,CensoredMen
2024-04-05 20:18:08,defiprincess_
2024-04-05 20:18:08,cozyfinance
2024-04-05 20:18:08,PayomDousti
2024-04-05 20:18:08,CryptoDonAlt
2024-04-05 20:18:08,thedefiedge
2024-04-05 20:18:08,PandaWalkin
2024-04-05 20:18:08,CoinList
2024-04-05 20:18:08,LlYvU0aA5H
2024-04-05 20:18:08,sama
2024-04-05 20:18:08,karl_0x
2024-04-05 20:18:08,BillAckman
2024-04-05 20:18:08,wintermute_t
2024-04-05 20:18:08,kyledoops
2024-04-05 20:18:08,taprootwizards
2024-04-05 20:18:08,thedailygwei
2024-04-05 20:18:08,echodotxyz
2024-04-05 20:18:08,DailyGwei_TV
2024-04-05 20:18:08,nounsdao
2024-04-05 20:18:08,satyanadella
2024-04-05 20:18:08,blknoiz06
2024-04-05 20:18:08,sassal0x
2024-04-05 20:18:08,SportsOnMax
2024-04-05 20:18:08,BleacherReport
2024-04-05 20:18:08,FordefiHQ
2024-04-05 20:18:08,phtevenstrong
2024-04-05 20:18:08,JupiterExchange
2024-04-05 20:18:08,CryptoGirlNova
2024-04-05 20:18:08,tubergen
2024-04-05 20:18:08,AlexFinnX
2024-04-05 20:18:08,ercwl
2024-04-05 20:18:08,Cryptoyieldinfo
2024-04-05 20:18:08,BitQua
2024-04-05 20:18:08,CL207
2024-04-05 20:18:08,CBazlamit
2024-04-08 15:34:42,laurashin
2024-04-08 15:34:42,starknet
2024-04-08 15:34:42,PershingSqFdn
2024-04-08 15:34:42,nounsdao
2024-04-08 15:34:42,thedailygwei
2024-04-08 15:34:42,5NJeFXBpDT
2024-04-08 15:34:42,conzimp
2024-04-08 15:34:42,defiprincess_
2024-04-08 15:34:42,phtevenstrong
2024-04-08 15:34:42,ZetaMarkets
2024-04-08 15:34:42,CryptoPrag
2024-04-08 15:34:42,BleacherReport
2024-04-08 15:34:42,JupiterExchange
2024-04-08 15:34:42,FordefiHQ
2024-04-08 15:34:42,CryptoGirlNova
2024-04-08 15:34:42,echodotxyz
2024-04-08 15:34:42,0x9e0ff
2024-04-08 15:34:42,BillAckman
2024-04-08 15:34:42,QkCog6MLEK
2024-04-08 15:34:42,NounsAtlas
2024-04-08 15:34:42,wintermute_t
2024-04-08 15:34:42,OpenAI
2024-04-08 15:34:42,solana
2024-04-08 15:34:42,oftheswords
2024-04-08 15:34:42,PandaWalkin
2024-04-08 15:34:42,CBazlamit
2024-04-08 15:34:42,DailyGwei_TV
2024-04-08 15:34:42,aeyakovenko
2024-04-08 15:34:42,meta
2024-04-08 15:34:42,unchained_pod
2024-04-08 15:34:42,ThanefieldCap
2024-04-08 15:34:42,mFlM1ZEUWW
2024-04-08 15:34:42,CryptoKaduna
2024-04-08 15:34:42,tubergen
2024-04-08 15:34:42,LlYvU0aA5H
2024-04-08 15:34:42,Cryptoyieldinfo
2024-04-08 15:34:42,TakerProtocol
2024-04-08 15:34:42,ihzn7
2024-04-08 15:34:42,PayomDousti
2024-04-08 15:34:42,boq0FqllCB
2024-04-08 15:34:42,taprootwizards
2024-04-08 15:34:42,BitQua
2024-04-08 15:34:42,themlpx
2024-04-08 15:34:42,CL207
2024-04-08 15:34:42,ellipsis_labs
2024-04-08 15:34:42,CryptoDonAlt
2024-04-08 15:34:42,drakefjustin
2024-04-08 15:34:42,whatsapp
2024-04-08 15:34:42,headline_dao
2024-04-08 15:34:42,satyanadella
2024-04-08 15:34:42,AlexFinnX
2024-04-08 15:34:42,tIDuBxkO6Q
2024-04-08 15:34:42,electriccapital
2024-04-08 15:34:42,orb_land
2024-04-08 15:34:42,16BYTCNZRu
2024-04-08 15:34:42,sama
2024-04-08 15:34:42,jump_
2024-04-08 15:34:42,kyledoops
2024-04-08 15:34:42,blknoiz06
2024-04-08 15:34:42,zyJoDMPFJg
2024-04-08 15:34:42,JackNiewold
2024-04-08 15:34:42,jarxiao
2024-04-08 15:34:42,nansen_ai
2024-04-08 15:34:42,1PercentBetterX
2024-04-08 15:34:42,melvinzzy
2024-04-08 15:34:42,karl_0x
2024-04-08 15:34:42,apple
2024-04-08 15:34:42,CensoredMen
2024-04-08 15:34:42,sassal0x
2024-04-08 15:34:42,cozyfinance
2024-04-08 15:34:42,ElectricCapital
2024-04-08 15:34:42,pbrianandj
2024-04-08 15:34:42,0xSurena
2024-04-08 15:34:42,CoinList
2024-04-08 15:34:42,gdb
2024-04-08 15:34:42,earngather
2024-04-08 15:34:42,quantumcatsxyz
2024-04-08 15:34:42,crypto_banter
2024-04-08 15:34:42,thedefiedge
2024-04-08 15:34:42,ercwl
2024-04-08 15:34:42,kateli_nyc
2024-04-08 15:34:42,Route2FI
2024-04-08 15:34:42,yahoo
2024-04-08 15:34:42,egirl_capital
2024-04-08 15:34:42,TaschaLabs
2024-04-08 15:34:42,yueko__
2024-04-17 12:46:37,cozyfinance
2024-04-17 12:46:37,oftheswords
2024-04-17 12:46:37,PayomDousti
2024-04-17 12:46:37,ZetaMarkets
2024-04-17 12:46:37,egirl_capital
2024-04-17 12:46:37,sxlqxbQrn3
2024-04-17 12:46:37,satyanadella
2024-04-17 12:46:37,whatsapp
2024-04-17 12:46:37,BitQua
2024-04-17 12:46:37,LPDMVpuiVe
2024-04-17 12:46:37,laurashin
2024-04-17 12:46:37,GCRClassic
2024-04-17 12:46:37,wintermute_t
2024-04-17 12:46:37,kyledoops
2024-04-17 12:46:37,CL207
2024-04-17 12:46:37,Qy87VuaizA
2024-04-17 12:46:37,electriccapital
2024-04-17 12:46:37,AlexFinnX
2024-04-17 12:46:37,CensoredMen
2024-04-17 12:46:37,boq0FqllCB
2024-04-17 12:46:37,0x9e0ff
2024-04-17 12:46:37,DailyGwei_TV
2024-04-17 12:46:37,headline_dao
2024-04-17 12:46:37,2cPqL2xpuh
2024-04-17 12:46:37,QkCog6MLEK
2024-04-17 12:46:37,jarxiao
2024-04-17 12:46:37,drakefjustin
2024-04-17 12:46:37,NounsAtlas
2024-04-17 12:46:37,aeyakovenko
2024-04-17 12:46:37,OpenAI
2024-04-17 12:46:37,jump_
2024-04-17 12:46:37,earngather
2024-04-17 12:46:37,CryptoPrag
2024-04-17 12:46:37,5NJeFXBpDT
2024-04-17 12:46:37,Route2FI
2024-04-17 12:46:37,BillAckman
2024-04-17 12:46:37,mFlM1ZEUWW
2024-04-17 12:46:37,conzimp
2024-04-17 12:46:37,TakerProtocol
2024-04-17 12:46:37,LlYvU0aA5H
2024-04-17 12:46:37,solana
2024-04-17 12:46:37,unchained_pod
2024-04-17 12:46:37,eG0CZL5IXH
2024-04-17 12:46:37,TaschaLabs
2024-04-17 12:46:37,JackNiewold
2024-04-17 12:46:37,echodotxyz
2024-04-17 12:46:37,FordefiHQ
2024-04-17 12:46:37,PershingSqFdn
2024-04-17 12:46:37,ElectricCapital
2024-04-17 12:46:37,JupiterExchange
2024-04-17 12:46:37,themlpx
2024-04-17 12:46:37,CryptoDonAlt
2024-04-17 12:46:37,nftpulseorg
2024-04-17 12:46:37,nansen_ai
2024-04-17 12:46:37,CoinList
2024-04-17 12:46:37,yueko__
2024-04-17 12:46:37,tubergen
2024-04-17 12:46:37,rodarmor
2024-04-17 12:46:37,yahoo
2024-04-17 12:46:37,sheatgm
2024-04-17 12:46:37,zyJoDMPFJg
2024-04-17 12:46:37,crypto_banter
2024-04-17 12:46:37,sassal0x
2024-04-17 12:46:37,CBazlamit
2024-04-17 12:46:37,BleacherReport
2024-04-17 12:46:37,1PercentBetterX
2024-04-17 12:46:37,1l9ekCAT6z
2024-04-17 12:46:37,ellipsis_labs
2024-04-17 12:46:37,gdb
2024-04-17 12:46:37,kateli_nyc
2024-04-17 12:46:37,0xSurena
2024-04-17 12:46:37,apple
2024-04-17 12:46:37,4MdA62CeUh
2024-04-17 12:46:37,sama
2024-04-17 12:46:37,PandaWalkin
2024-04-17 12:46:37,thedailygwei
2024-04-17 12:46:37,pbrianandj
2024-04-17 12:46:37,melvinzzy
2024-04-17 12:46:37,nounsdao
2024-04-17 12:46:37,blknoiz06
2024-04-17 12:46:37,ihzn7
2024-04-17 12:46:37,tIDuBxkO6Q
2024-04-17 12:46:37,meta
2024-05-03 16:12:38,PancakeSwap
2024-05-03 16:12:38,melvinzzy
2024-05-03 16:12:38,JackNiewold
2024-05-03 16:12:38,rodarmor
2024-05-03 16:12:38,JupiterExchange
2024-05-03 16:12:38,ElectricCapital
2024-05-03 16:12:38,nftpulseorg
2024-05-03 16:12:38,tubergen
2024-05-03 16:12:38,ellipsis_labs
2024-05-03 16:12:38,thedailygwei
2024-05-03 16:12:38,4MdA62CeUh
2024-05-03 16:12:38,ihzn7
2024-05-03 16:12:38,TaschaLabs
2024-05-03 16:12:38,CBazlamit
2024-05-03 16:12:38,ercwl
2024-05-03 16:12:38,solana
2024-05-03 16:12:38,OpenAI
2024-05-03 16:12:38,tIDuBxkO6Q
2024-05-03 16:12:38,unchained_pod
2024-05-03 16:12:38,shanefanx
2024-05-03 16:12:38,PanteraCapital
2024-05-03 16:12:38,BleacherReport
2024-05-03 16:12:38,PandaWalkin
2024-05-03 16:12:38,5NJeFXBpDT
2024-05-03 16:12:38,AlexFinnX
2024-05-03 16:12:38,CryptoDonAlt
2024-05-03 16:12:38,zyJoDMQdyO
2024-05-03 16:12:38,PershingSqFdn
2024-05-03 16:12:38,defiprincess_
2024-05-03 16:12:38,BillAckman
2024-05-03 16:12:38,eG0CZL5IXH
2024-05-03 16:12:38,7O0WAdXUnT
2024-05-03 16:12:38,meta
2024-05-03 16:12:38,0xSurena
2024-05-03 16:12:38,TakerProtocol
2024-05-03 16:12:38,oftheswords
2024-05-03 16:12:38,laurashin
2024-05-03 16:12:38,sheatgm
2024-05-03 16:12:38,LlYvU0aA5H
2024-05-03 16:12:38,CryptoGirlNova
2024-05-03 16:12:38,phtevenstrong
2024-05-03 16:12:38,blknoiz06
2024-05-03 16:12:38,orb_land
2024-05-03 16:12:38,thedefiedge
2024-05-03 16:12:38,gdb
2024-05-03 16:12:38,taprootwizards
2024-05-03 16:12:38,Cryptoyieldinfo
2024-05-03 16:12:38,BerkeleyHaas
2024-05-03 16:12:38,wintermute_t
2024-05-03 16:12:38,pbrianandj
2024-05-03 16:12:38,starknet
2024-05-03 16:12:38,egirl_capital
2024-05-03 16:12:38,yahoo
2024-05-03 16:12:38,kateli_nyc
2024-05-03 16:12:38,QkCog6MLEK
2024-05-03 16:12:38,earngather
2024-05-03 16:12:38,aeyakovenko
2024-05-03 16:12:38,headline_dao
2024-05-03 16:12:38,CryptoPrag
2024-05-03 16:12:38,DailyGwei_TV
2024-05-03 16:12:38,BitQua
2024-05-03 16:12:38,jarxiao
2024-05-03 16:12:38,karl_0x
2024-05-03 16:12:38,apple
2024-05-03 16:12:38,FordefiHQ
2024-05-03 16:12:38,electriccapital
2024-05-03 16:12:38,1l9ekCAT6z
2024-05-03 16:12:38,LPDMVpuiVe
2024-05-03 16:12:38,CL207
2024-05-03 16:12:38,ThanefieldCap
2024-05-03 16:12:38,Qy87VuaizA
2024-05-03 16:12:38,0x9e0ff
2024-05-03 16:12:38,echodotxyz
2024-05-03 16:12:38,CoinList
2024-05-03 16:12:38,GCRClassic
2024-05-03 16:12:38,themlpx
2024-05-03 16:12:38,PayomDousti
2024-05-03 16:12:38,waterfall_mkt
2024-05-03 16:12:38,yueko__
2024-05-03 16:12:38,sassal0x
2024-05-03 16:12:38,whatsapp
2024-05-03 16:12:38,sama
2024-05-03 16:12:38,NounsAtlas
2024-05-03 16:12:38,nansen_ai
2024-05-03 16:12:38,1PercentBetterX
2024-05-03 16:12:38,PinkBrains_io
2024-05-03 16:12:38,tradergirlsuki
2024-05-03 16:12:38,drakefjustin
2024-05-03 16:12:38,DefiIgnas
2024-05-03 16:12:38,quantumcatsxyz
2024-05-03 16:12:38,2cPqL2xpuh
2024-05-03 16:12:38,ZetaMarkets
2024-05-03 16:12:38,jump_
2024-05-03 16:12:38,BullpenFi
2024-05-03 16:12:38,nounsdao
2024-05-03 16:12:38,curta_ctf
2024-05-03 16:12:38,mFlM1ZEUWW
2024-05-03 16:12:38,crypto_banter
2024-05-03 16:12:38,kyledoops
2024-05-03 16:12:38,CensoredMen
2024-05-03 16:12:38,CryptoKaduna
2024-05-03 16:12:38,satyanadella
2024-05-03 16:12:38,Route2FI
2024-05-03 16:12:38,cozyfinance
2024-05-09 16:47:49,DriftProtocol
2024-05-15 13:24:05,northernflares
2024-05-20 19:33:47,SolanaVentures
