2024-04-05 20:50:48,MetaLattice
2024-04-05 20:50:48,ucberkeley
2024-04-05 20:50:48,jGmlqvlLla
2024-04-05 20:50:48,tG54ikHep5
2024-04-05 20:50:48,oWuqLcC1c0
2024-04-05 20:50:48,9cTVcgM8A7
2024-04-05 20:50:48,warlock_xyz
2024-04-05 20:50:48,AresLabs_xyz
2024-04-05 20:50:48,NovaNet_zkp
2024-04-05 20:50:48,R2jwGRFOzT
2024-04-05 20:50:48,genfabco
2024-04-05 20:50:48,ConstitutionDAO
2024-04-05 20:50:48,valida_vm
2024-04-05 20:50:48,teleportdomains
2024-04-05 20:50:48,DeanEigenmann
2024-04-05 20:50:48,hubermanlab
2024-04-05 20:50:48,AnonAadhaar
2024-04-05 20:50:48,0xSiipro
2024-04-05 20:50:48,zama_fhe
2024-04-05 20:50:48,sea__jayy
2024-04-05 20:50:48,MarwanRefaat
2024-04-05 20:50:48,QEDInvestors
2024-04-05 20:50:48,ellebeecher
2024-04-05 20:50:48,aldodepape
2024-04-05 20:50:48,Solana
2024-04-05 20:50:48,Afrectz
2024-04-05 20:50:48,cavemanloverboy
2024-04-05 20:50:48,ABCDELabs
2024-04-05 20:50:48,hubermanrules
2024-04-05 20:50:48,Blast_L2
2024-04-05 20:50:48,CommendaHQ
2024-04-05 20:50:48,NousResearch
2024-04-05 20:50:48,fintechjunkie
2024-04-05 20:50:48,joinstudiox
2024-04-05 20:50:48,atomic_semi
2024-04-05 20:50:48,Dialectic_Group
2024-04-05 20:50:48,StarportLabs
2024-04-05 20:50:48,tUjGP0UyV4
2024-04-05 20:50:48,LessFnGas
2024-04-05 20:50:48,projectblanc_ch
2024-04-05 20:50:48,Kenny___Rose
2024-04-05 20:50:48,ADoricko
2024-04-05 20:50:48,b4fnPrh368
2024-04-05 20:50:48,StackingDao
2024-04-05 20:50:48,sidequest_xyz
2024-04-05 20:50:48,0xPolygon
2024-04-05 20:50:48,Spindl_xyz
2024-04-05 20:50:48,Stacks
2024-04-05 20:50:48,search?q=%24LFG&src=cashtag_click
2024-04-05 20:50:48,instagram
2024-04-05 20:50:48,sentient_agi
2024-04-05 20:50:48,orangebook_
2024-04-05 20:50:48,capitalgrug
2024-04-05 20:50:48,LibertyHouse_1
2024-04-05 20:50:48,alexlitreev
2024-04-05 20:50:48,GenomesDAO
2024-04-05 20:50:48,wiresandtrees
2024-04-05 20:50:48,spenceraviav
2024-04-05 20:50:48,facebook
2024-04-05 20:50:48,papaya
2024-04-05 20:50:48,qu2K37EE2I
2024-04-05 20:50:48,Eliascm17
2024-04-05 20:50:48,annaarthoe
2024-04-05 20:50:48,jpgstoreNFT
2024-04-05 20:50:48,randhindi
2024-04-05 20:50:48,Mabqco8RQy
2024-04-05 20:50:48,ensdomains
2024-04-05 20:50:48,lita_xyz
2024-04-05 20:50:48,PoojaIsNagpal
2024-04-05 20:50:48,vacp2p
2024-04-05 20:50:48,clockwork_xyz
2024-04-05 20:50:48,iotex_io
2024-04-05 20:50:48,vrD0aDJeto
2024-04-05 20:50:48,TpzjsCaW8c
2024-04-05 20:50:48,echodotxyz
2024-04-05 20:50:48,HashKeyGroup
2024-04-05 20:50:48,aizel_network
2024-04-05 20:50:48,starpowerworld
2024-04-05 20:50:48,JuliusYRitter
2024-04-05 20:50:48,blakelockbrown
2024-04-05 20:50:48,j_austincain
2024-04-05 20:50:48,UniRep_Protocol
2024-04-05 20:50:48,teachpitch
2024-04-05 20:50:48,tpfZwEwGiq
2024-04-05 20:50:48,Extropic_AI
2024-04-05 20:50:48,JoshuaKushner
2024-04-05 20:50:48,theboardtalks
2024-04-05 20:50:48,lex_DAO
2024-04-05 20:50:48,LaserDing
2024-04-05 20:50:48,claralabs
2024-04-05 20:50:48,ethstatus
2024-04-05 20:50:48,boost_xyz
2024-04-05 20:50:48,chamathsintern
2024-04-05 20:50:48,cognition_labs
2024-04-05 20:50:48,zklabs
2024-04-05 20:50:48,enhanced_games
2024-04-05 20:50:48,Starpowerworld
2024-04-05 20:50:48,PaladinsDao
2024-04-05 20:50:48,oddzyapp
2024-04-05 20:50:48,gokulr
2024-04-08 15:49:28,annaarthoe
2024-04-08 15:49:28,tpfZwEwGiq
2024-04-08 15:49:28,aizel_network
2024-04-08 15:49:28,zklabs
2024-04-08 15:49:28,papaya
2024-04-08 15:49:28,claralabs
2024-04-08 15:49:28,LaserDing
2024-04-08 15:49:28,alexlitreev
2024-04-08 15:49:28,sidequest_xyz
2024-04-08 15:49:28,CommendaHQ
2024-04-08 15:49:28,StackingDao
2024-04-08 15:49:28,ellebeecher
2024-04-08 15:49:28,warlock_xyz
2024-04-08 15:49:28,theboardtalks
2024-04-08 15:49:28,TpzjsCaW8c
2024-04-08 15:49:28,qu2K37EE2I
2024-04-08 15:49:28,Extropic_AI
2024-04-08 15:49:28,MetaLattice
2024-04-08 15:49:28,PaladinsDao
2024-04-08 15:49:28,Dialectic_Group
2024-04-08 15:49:28,HashKeyGroup
2024-04-08 15:49:28,boost_xyz
2024-04-08 15:49:28,instagram
2024-04-08 15:49:28,sea__jayy
2024-04-08 15:49:28,echodotxyz
2024-04-08 15:49:28,GenomesDAO
2024-04-08 15:49:28,PoojaIsNagpal
2024-04-08 15:49:28,orangebook_
2024-04-08 15:49:28,MarwanRefaat
2024-04-08 15:49:28,oWuqLcC1c0
2024-04-08 15:49:28,starpowerworld
2024-04-08 15:49:28,randhindi
2024-04-08 15:49:28,valida_vm
2024-04-08 15:49:28,0xPolygon
2024-04-08 15:49:28,LessFnGas
2024-04-08 15:49:28,NousResearch
2024-04-08 15:49:28,jGmlqvlLla
2024-04-08 15:49:28,UniRep_Protocol
2024-04-08 15:49:28,Solana
2024-04-08 15:49:28,iotex_io
2024-04-08 15:49:28,cavemanloverboy
2024-04-08 15:49:28,0xSiipro
2024-04-08 15:49:28,AnonAadhaar
2024-04-08 15:49:28,Afrectz
2024-04-08 15:49:28,Eliascm17
2024-04-08 15:49:28,b4fnPrh368
2024-04-08 15:49:28,zama_fhe
2024-04-08 15:49:28,ABCDELabs
2024-04-08 15:49:28,JoshuaKushner
2024-04-08 15:49:28,Blast_L2
2024-04-08 15:49:28,blakelockbrown
2024-04-08 15:49:28,cognition_labs
2024-04-08 15:49:28,LibertyHouse_1
2024-04-08 15:49:28,genfabco
2024-04-08 15:49:28,teachpitch
2024-04-08 15:49:28,QEDInvestors
2024-04-08 15:49:28,tG54ikHep5
2024-04-08 15:49:28,AresLabs_xyz
2024-04-08 15:49:28,ADoricko
2024-04-08 15:49:28,Spindl_xyz
2024-04-08 15:49:28,j_austincain
2024-04-08 15:49:28,hubermanrules
2024-04-08 15:49:28,Kenny___Rose
2024-04-08 15:49:28,sentient_agi
2024-04-08 15:49:28,R2jwGRFOzT
2024-04-08 15:49:28,chamathsintern
2024-04-08 15:49:28,search?q=%24LFG&src=cashtag_click
2024-04-08 15:49:28,facebook
2024-04-08 15:49:28,aldodepape
2024-04-08 15:49:28,vacp2p
2024-04-08 15:49:28,DeanEigenmann
2024-04-08 15:49:28,oddzyapp
2024-04-08 15:49:28,ConstitutionDAO
2024-04-08 15:49:28,joinstudiox
2024-04-08 15:49:28,wiresandtrees
2024-04-08 15:49:28,Starpowerworld
2024-04-08 15:49:28,projectblanc_ch
2024-04-08 15:49:28,hubermanlab
2024-04-08 15:49:28,tUjGP0UyV4
2024-04-08 15:49:28,clockwork_xyz
2024-04-08 15:49:28,fintechjunkie
2024-04-08 15:49:28,teleportdomains
2024-04-08 15:49:28,spenceraviav
2024-04-08 15:49:28,Stacks
2024-04-08 15:49:28,atomic_semi
2024-04-08 15:49:28,lex_DAO
2024-04-08 15:49:28,gokulr
2024-04-08 15:49:28,lita_xyz
2024-04-08 15:49:28,vrD0aDJeto
2024-04-08 15:49:28,ucberkeley
2024-04-08 15:49:28,StarportLabs
2024-04-08 15:49:28,9cTVcgM8A7
2024-04-08 15:49:28,JuliusYRitter
2024-04-08 15:49:28,ethstatus
2024-04-08 15:49:28,enhanced_games
2024-04-08 15:49:28,Mabqco8RQy
2024-04-08 15:49:28,NovaNet_zkp
2024-04-08 15:49:28,ensdomains
2024-04-08 15:49:28,capitalgrug
2024-04-08 15:49:28,jpgstoreNFT
2024-04-17 12:56:32,sentient_agi
2024-04-17 12:56:32,0xSiipro
2024-04-17 12:56:32,MarlinProtocol
2024-04-17 12:56:32,tG54ikHep5
2024-04-17 12:56:32,AresLabs_xyz
2024-04-17 12:56:32,theboardtalks
2024-04-17 12:56:32,PrateekReddyy
2024-04-17 12:56:32,LaserDing
2024-04-17 12:56:32,blakelockbrown
2024-04-17 12:56:32,teachpitch
2024-04-17 12:56:32,GCRClassic
2024-04-17 12:56:32,4JJ8HHmRCH
2024-04-17 12:56:32,StackingDao
2024-04-17 12:56:32,MetaLattice
2024-04-17 12:56:32,__tinygrad__
2024-04-17 12:56:32,ConstitutionDAO
2024-04-17 12:56:32,NihilistSid
2024-04-17 12:56:32,comma_ai
2024-04-17 12:56:32,Dialectic_Group
2024-04-17 12:56:32,cognition_labs
2024-04-17 12:56:32,zama_fhe
2024-04-17 12:56:32,chamathsintern
2024-04-17 12:56:32,JoshuaKushner
2024-04-17 12:56:32,lex_DAO
2024-04-17 12:56:32,Afrectz
2024-04-17 12:56:32,jpgstoreNFT
2024-04-17 12:56:32,DeanEigenmann
2024-04-17 12:56:32,ethstatus
2024-04-17 12:56:32,ellebeecher
2024-04-17 12:56:32,vacp2p
2024-04-17 12:56:32,zklabs
2024-04-17 12:56:32,wagmiAlexander
2024-04-17 12:56:32,PoojaIsNagpal
2024-04-17 12:56:32,0xBalloonLover
2024-04-17 12:56:32,starpowerworld
2024-04-17 12:56:32,ensdomains
2024-04-17 12:56:32,boost_xyz
2024-04-17 12:56:32,0xPolygon
2024-04-17 12:56:32,alexlitreev
2024-04-17 12:56:32,echodotxyz
2024-04-17 12:56:32,tpfZwEwGiq
2024-04-17 12:56:32,HashKeyGroup
2024-04-17 12:56:32,ABCDELabs
2024-04-17 12:56:32,Stacks
2024-04-17 12:56:32,Spindl_xyz
2024-04-17 12:56:32,Kenny___Rose
2024-04-17 12:56:32,annaarthoe
2024-04-17 12:56:32,instagram
2024-04-17 12:56:32,projectblanc_ch
2024-04-17 12:56:32,GenomesDAO
2024-04-17 12:56:32,JuliusYRitter
2024-04-17 12:56:32,sloanerdog
2024-04-17 12:56:32,atomic_semi
2024-04-17 12:56:32,aldodepape
2024-04-17 12:56:32,Starpowerworld
2024-04-17 12:56:32,FjordFoundry
2024-04-17 12:56:32,Solana
2024-04-17 12:56:32,genfabco
2024-04-17 12:56:32,Mabqco8RQy
2024-04-17 12:56:32,9cTVcgM8A7
2024-04-17 12:56:32,iotex_io
2024-04-17 12:56:32,randhindi
2024-04-17 12:56:32,aweissman
2024-04-17 12:56:32,tUjGP0UyV4
2024-04-17 12:56:32,PaladinsDao
2024-04-17 12:56:32,realGeorgeHotz
2024-04-17 12:56:32,capitalgrug
2024-04-17 12:56:32,ethereum
2024-04-17 12:56:32,MarwanRefaat
2024-04-17 12:56:32,warlock_xyz
2024-04-17 12:56:32,sidequest_xyz
2024-04-17 12:56:32,R2jwGRFOzT
2024-04-17 12:56:32,wiresandtrees
2024-04-17 12:56:32,uwaterloo
2024-04-17 12:56:32,cambreanHQ
2024-04-17 12:56:32,j_austincain
2024-05-03 16:25:37,instagram
2024-05-03 16:25:37,AresLabs_xyz
2024-05-03 16:25:37,0xBalloonLover
2024-05-03 16:25:37,ellebeecher
2024-05-03 16:25:37,warlock_xyz
2024-05-03 16:25:37,lex_DAO
2024-05-03 16:25:37,iotex_io
2024-05-03 16:25:37,__tinygrad__
2024-05-03 16:25:37,JoshuaKushner
2024-05-03 16:25:37,wiresandtrees
2024-05-03 16:25:37,randhindi
2024-05-03 16:25:37,NovaNet_zkp
2024-05-03 16:25:37,aweissman
2024-05-03 16:25:37,Solana
2024-05-03 16:25:37,wagmiAlexander
2024-05-03 16:25:37,FjordFoundry
2024-05-03 16:25:37,R2jwGRFOzT
2024-05-03 16:25:37,PoojaIsNagpal
2024-05-03 16:25:37,tpfZwEwGiq
2024-05-03 16:25:37,tUjGP0UyV4
2024-05-03 16:25:37,PaladinsDao
2024-05-03 16:25:37,sentient_agi
2024-05-03 16:25:37,capitalgrug
2024-05-03 16:25:37,j_austincain
2024-05-03 16:25:37,realGeorgeHotz
2024-05-03 16:25:37,blakelockbrown
2024-05-03 16:25:37,chamathsintern
2024-05-03 16:25:37,LaserDing
2024-05-03 16:25:37,Starpowerworld
2024-05-03 16:25:37,ethereum
2024-05-03 16:25:37,HashKeyGroup
2024-05-03 16:25:37,ethstatus
2024-05-03 16:25:37,DeanEigenmann
2024-05-03 16:25:37,SKMyFmqZK8
2024-05-03 16:25:37,MarlinProtocol
2024-05-03 16:25:37,enhanced_games
2024-05-03 16:25:37,MetaLattice
2024-05-03 16:25:37,cambreanHQ
2024-05-03 16:25:37,Mabqco8RQy
2024-05-03 16:25:37,theboardtalks
2024-05-03 16:25:37,PrateekReddyy
2024-05-03 16:25:37,zklabs
2024-05-03 16:25:37,JuliusYRitter
2024-05-03 16:25:37,GenomesDAO
2024-05-03 16:25:37,Dialectic_Group
2024-05-03 16:25:37,jpgstoreNFT
2024-05-03 16:25:37,comma_ai
2024-05-03 16:25:37,boost_xyz
2024-05-03 16:25:37,aldodepape
2024-05-03 16:25:37,YQYNZrCxan
2024-05-03 16:25:37,vacp2p
2024-05-03 16:25:37,Spindl_xyz
2024-05-03 16:25:37,zama_fhe
2024-05-03 16:25:37,tG54ikHep5
2024-05-03 16:25:37,0xPolygon
2024-05-03 16:25:37,uwaterloo
2024-05-03 16:25:37,ADoricko
2024-05-03 16:25:37,ensdomains
2024-05-03 16:25:37,sloanerdog
2024-05-03 16:25:37,projectblanc_ch
2024-05-03 16:25:37,StackingDao
2024-05-03 16:25:37,oddzyapp
2024-05-03 16:25:37,annaarthoe
2024-05-03 16:25:37,Afrectz
2024-05-03 16:25:37,starpowerworld
2024-05-03 16:25:37,echodotxyz
2024-05-03 16:25:37,GCRClassic
2024-05-03 16:25:37,teachpitch
2024-05-03 16:25:37,cognition_labs
2024-05-03 16:25:37,AlliumLabs
2024-05-03 16:25:37,sidequest_xyz
2024-05-03 16:25:37,Stacks
2024-05-03 16:25:37,Kenny___Rose
2024-05-03 16:25:37,ABCDELabs
2024-05-03 16:25:37,NihilistSid
2024-05-03 16:25:37,atomic_semi
2024-05-03 16:25:37,alexlitreev
2024-05-03 16:25:37,MarwanRefaat
2024-05-03 16:25:37,ucberkeley
2024-05-03 16:25:37,see3xyz
2024-05-03 16:25:37,0xSiipro
2024-05-03 16:25:37,ConstitutionDAO
2024-05-03 16:25:37,genfabco
2024-05-03 16:25:37,aizel_network
2024-05-03 16:25:37,9cTVcgM8A7
2024-05-03 16:25:37,4JJ8HHmRCH
2024-05-03 16:25:37,joinstudiox
2024-05-08 16:53:49,mustard
2024-05-08 16:53:49,Ttfjl189p3
2024-05-08 16:53:49,shadid_io
2024-05-08 16:53:49,Berkeley_EECS
2024-05-08 16:53:49,ionet
2024-05-08 16:53:49,geemcgwee
2024-05-10 15:57:31,adambain
2024-05-10 15:57:31,Mabqco8k10
2024-05-10 15:57:31,OGvOp7uwwu
2024-05-10 15:57:31,So3Ge6bpkR
2024-05-15 13:28:09,mjmauboussin
2024-05-15 13:28:09,n2XXJXn68y
2024-05-15 13:28:09,_austbot
2024-05-15 13:28:09,neilsuperduper
2024-05-15 13:28:09,stalagnick
2024-05-15 13:28:09,sfiscience
2024-05-15 13:28:09,Snap
2024-05-15 13:28:09,AaloAtomics
2024-05-15 13:28:09,superwhisperapp
2024-05-15 13:28:09,mark_cummins
2024-05-15 13:28:09,Columbia_Biz
2024-05-15 13:28:09,SocialFi_Panda
2024-05-15 13:28:09,Arbelosxyz
2024-05-15 13:28:09,hntrbrkmedia
2024-05-20 19:37:40,base
2024-05-20 19:37:40,worldpvpco
