2024-04-05 23:06:24,ucberkeley
2024-04-05 23:06:24,opensea
2024-04-05 23:06:24,mikeneuder
2024-04-05 23:06:24,aztecnetwork
2024-04-05 23:06:24,isiain
2024-04-05 23:06:24,planet_nerf
2024-04-05 23:06:24,aws
2024-04-05 23:06:24,ssD7PqWmwL
2024-04-05 23:06:24,calblockchain
2024-04-05 23:06:24,warlock_xyz
2024-04-05 23:06:24,blockworks_
2024-04-05 23:06:24,eliqiann
2024-04-05 23:06:24,garettjones
2024-04-05 23:06:24,base
2024-04-05 23:06:24,Hyperlane_xyz
2024-04-05 23:06:24,Oidnn5eMHQ
2024-04-05 23:06:24,Stanford
2024-04-05 23:06:24,theempirepod
2024-04-05 23:06:24,kelxyz_
2024-04-05 23:06:24,houses
2024-04-05 23:06:24,Ftk96oSf45
2024-04-05 23:06:24,joshqharris
2024-04-05 23:06:24,ShaneMac
2024-04-05 23:06:24,alchemyplatform
2024-04-05 23:06:24,gevulot_network
2024-04-05 23:06:24,1QEhB3C9Sl
2024-04-05 23:06:24,bloXrouteLabs
2024-04-05 23:06:24,elevenyellow
2024-04-05 23:06:24,blockaid_
2024-04-05 23:06:24,gmEthereum
2024-04-05 23:06:24,MagicEden
2024-04-05 23:06:24,JasonYanowitz
2024-04-05 23:06:24,0xsmallbrain
2024-04-05 23:06:24,coinbase
2024-04-05 23:06:24,curiousgurnoor
2024-04-05 23:06:24,FWBtweets
2024-04-05 23:06:24,AvaLabsOfficial
2024-04-05 23:06:24,arbitrum
2024-04-05 23:06:24,uniswap
2024-04-05 23:06:24,SHL0MS
2024-04-05 23:06:24,choobie3
2024-04-05 23:06:24,kcvCV0IBJe
2024-04-05 23:06:24,hedera
2024-04-05 23:06:24,offchainlabs
2024-04-05 23:06:24,MoneroMahesh
2024-04-05 23:06:24,0xdoug
2024-04-05 23:06:24,XMTP_
2024-04-05 23:06:24,NCxoIpfzY3
2024-04-05 23:06:24,capitalgrug
2024-04-05 23:06:24,0xPFL
2024-04-05 23:06:24,placeholdervc
2024-04-05 23:06:24,ambient_finance
2024-04-05 23:06:24,Rkc6TO4DbV
2024-04-05 23:06:24,atlasEVM
2024-04-05 23:06:24,deathereum
2024-04-05 23:06:24,keoneHD
2024-04-05 23:06:24,mindpalaceai
2024-04-05 23:06:24,eigenlayer
2024-04-05 23:06:24,gajeshnaik
2024-04-05 23:06:24,JigarShahDC
2024-04-05 23:06:24,IsolationistThe
2024-04-05 23:06:24,Glennmon
2024-04-05 23:06:24,ethereum
2024-04-05 23:06:24,0xlght
2024-04-05 23:06:24,mannynotfound
2024-04-05 23:06:24,bottoproject
2024-04-05 23:06:24,pixiechess
2024-04-05 23:06:24,messaricrypto
2024-04-05 23:06:24,AustinAdams10
2024-04-05 23:06:24,ThogardPvP
2024-04-05 23:06:24,levitben
2024-04-05 23:06:24,Coinbase
2024-04-05 23:06:24,Uniswap
2024-04-05 23:06:24,MarkToda
2024-04-05 23:06:24,emo_eth
2024-04-05 23:06:24,jolieyang
2024-04-05 23:06:24,multicoincap
2024-04-05 23:06:24,manifoldxyz
2024-04-05 23:06:24,GoSquaredAway
2024-04-05 23:06:24,ncMJOBH60o
2024-04-05 23:06:24,EMostaque
2024-04-05 23:06:24,billmondays
2024-04-05 23:06:24,_patrickogrady
2024-04-05 23:06:24,pleasrDAO
2024-04-05 23:06:24,cooper_kunz
2024-04-05 23:06:24,Slokh
2024-04-05 23:06:24,paradigm
2024-04-05 23:06:24,ourzora
2024-04-05 23:06:24,monad_xyz
2024-04-05 23:06:24,ev3ventures
2024-04-05 23:06:24,Nick_Prince12
2024-04-05 23:06:24,bottodao
2024-04-05 23:06:24,0xAvious
2024-04-05 23:06:24,0xLeoInRio
2024-04-05 23:06:24,bluechip_org
2024-04-05 23:06:24,eigen_labs
2024-04-05 23:06:24,uriklarman
2024-04-08 17:07:35,MoneroMahesh
2024-04-08 17:07:35,coinbase
2024-04-08 17:07:35,alchemyplatform
2024-04-08 17:07:35,uniswap
2024-04-08 17:07:35,0xAvious
2024-04-08 17:07:35,jolieyang
2024-04-08 17:07:35,bottoproject
2024-04-08 17:07:35,garettjones
2024-04-08 17:07:35,manifoldxyz
2024-04-08 17:07:35,offchainlabs
2024-04-08 17:07:35,ourzora
2024-04-08 17:07:35,warlock_xyz
2024-04-08 17:07:35,0xdoug
2024-04-08 17:07:35,0xLeoInRio
2024-04-08 17:07:35,planet_nerf
2024-04-08 17:07:35,joshqharris
2024-04-08 17:07:35,blockaid_
2024-04-08 17:07:35,0xlght
2024-04-08 17:07:35,curiousgurnoor
2024-04-08 17:07:35,1QEhB3C9Sl
2024-04-08 17:07:35,gevulot_network
2024-04-08 17:07:35,mindpalaceai
2024-04-08 17:07:35,deathereum
2024-04-08 17:07:35,Oidnn5eMHQ
2024-04-08 17:07:35,aztecnetwork
2024-04-08 17:07:35,eliqiann
2024-04-08 17:07:35,emo_eth
2024-04-08 17:07:35,FWBtweets
2024-04-08 17:07:35,isiain
2024-04-08 17:07:35,0xsmallbrain
2024-04-08 17:07:35,_patrickogrady
2024-04-08 17:07:35,messaricrypto
2024-04-08 17:07:35,pixiechess
2024-04-08 17:07:35,Uniswap
2024-04-08 17:07:35,mikeneuder
2024-04-08 17:07:35,ambient_finance
2024-04-08 17:07:35,ThogardPvP
2024-04-08 17:07:35,mannynotfound
2024-04-08 17:07:35,ncMJOBH60o
2024-04-08 17:07:35,elevenyellow
2024-04-08 17:07:35,AvaLabsOfficial
2024-04-08 17:07:35,pleasrDAO
2024-04-08 17:07:35,gajeshnaik
2024-04-08 17:07:35,theempirepod
2024-04-08 17:07:35,eigenlayer
2024-04-08 17:07:35,Nick_Prince12
2024-04-08 17:07:35,Glennmon
2024-04-08 17:07:35,SHL0MS
2024-04-08 17:07:35,bloXrouteLabs
2024-04-08 17:07:35,NCxoIpfzY3
2024-04-08 17:07:35,placeholdervc
2024-04-08 17:07:35,bluechip_org
2024-04-08 17:07:35,keoneHD
2024-04-08 17:07:35,MagicEden
2024-04-08 17:07:35,billmondays
2024-04-08 17:07:35,bottodao
2024-04-08 17:07:35,atlasEVM
2024-04-08 17:07:35,houses
2024-04-08 17:07:35,cooper_kunz
2024-04-08 17:07:35,choobie3
2024-04-08 17:07:35,monad_xyz
2024-04-08 17:07:35,0xPFL
2024-04-08 17:07:35,gmEthereum
2024-04-08 17:07:35,multicoincap
2024-04-08 17:07:35,ethereum
2024-04-08 17:07:35,base
2024-04-08 17:07:35,arbitrum
2024-04-08 17:07:35,JigarShahDC
2024-04-08 17:07:35,Stanford
2024-04-08 17:07:35,JasonYanowitz
2024-04-08 17:07:35,ShaneMac
2024-04-08 17:07:35,Slokh
2024-04-08 17:07:35,MarkToda
2024-04-08 17:07:35,blockworks_
2024-04-08 17:07:35,Ftk96oSf45
2024-04-08 17:07:35,IsolationistThe
2024-04-08 17:07:35,XMTP_
2024-04-08 17:07:35,paradigm
2024-04-08 17:07:35,eigen_labs
2024-04-08 17:07:35,EMostaque
2024-04-08 17:07:35,AustinAdams10
2024-04-08 17:07:35,calblockchain
2024-04-08 17:07:35,Hyperlane_xyz
2024-04-08 17:07:35,hedera
2024-04-08 17:07:35,ucberkeley
2024-04-08 17:07:35,Coinbase
2024-04-08 17:07:35,levitben
2024-04-08 17:07:35,aws
2024-04-08 17:07:35,kelxyz_
2024-04-08 17:07:35,Rkc6TO4DbV
2024-04-08 17:07:35,capitalgrug
2024-04-08 17:07:35,ev3ventures
2024-04-08 17:07:35,opensea
2024-04-08 17:07:35,kcvCV0IBJe
2024-04-08 17:07:35,GoSquaredAway
2024-04-08 17:07:35,uriklarman
2024-04-08 17:07:35,ssD7PqWmwL
2024-04-08 12:27:55,Hyperlane_xyz
2024-04-08 12:27:55,cooper_kunz
2024-04-08 12:27:55,ourzora
2024-04-08 12:27:55,aws
2024-04-08 12:27:55,gevulot_network
2024-04-08 12:27:55,0xsmallbrain
2024-04-08 12:27:55,IsolationistThe
2024-04-08 12:27:55,ssD7PqWmwL
2024-04-08 12:27:55,ambient_finance
2024-04-08 12:27:55,bottodao
2024-04-08 12:27:55,multicoincap
2024-04-08 12:27:55,0xdoug
2024-04-08 12:27:55,uriklarman
2024-04-08 12:27:55,Glennmon
2024-04-08 12:27:55,0xPFL
2024-04-08 12:27:55,choobie3
2024-04-08 12:27:55,hedera
2024-04-08 12:27:55,blockaid_
2024-04-08 12:27:55,0xAvious
2024-04-08 12:27:55,bloXrouteLabs
2024-04-08 12:27:55,bottoproject
2024-04-08 12:27:55,EMostaque
2024-04-08 12:27:55,alchemyplatform
2024-04-08 12:27:55,ThogardPvP
2024-04-08 12:27:55,MarkToda
2024-04-08 12:27:55,Rkc6TO4DbV
2024-04-08 12:27:55,aztecnetwork
2024-04-08 12:27:55,eliqiann
2024-04-08 12:27:55,atlasEVM
2024-04-08 12:27:55,Uniswap
2024-04-08 12:27:55,isiain
2024-04-08 12:27:55,elevenyellow
2024-04-17 14:15:17,ourzora
2024-04-17 14:15:17,blockaid_
2024-04-17 14:15:17,eigen_labs
2024-04-17 14:15:17,Hyperlane_xyz
2024-04-17 14:15:17,theempirepod
2024-04-17 14:15:17,JasonYanowitz
2024-04-17 14:15:17,ucberkeley
2024-04-17 14:15:17,FortePlatform
2024-04-17 14:15:17,MagicEden
2024-04-17 14:15:17,0xlght
2024-04-17 14:15:17,Uniswap
2024-04-17 14:15:17,curiousgurnoor
2024-04-17 14:15:17,eliqiann
2024-04-17 14:15:17,UMAprotocol
2024-04-17 14:15:17,gajeshnaik
2024-04-17 14:15:17,tmahg3riXk
2024-04-17 14:15:17,RLYNetworkAssoc
2024-04-17 14:15:17,ssD7PqWmwL
2024-04-17 14:15:17,arbitrum
2024-04-17 14:15:17,placeholdervc
2024-04-17 14:15:17,FWBtweets
2024-04-17 14:15:17,Rkc6TO4DbV
2024-04-17 14:15:17,joinbasedmgmt
2024-04-17 14:15:17,0xsmallbrain
2024-04-17 14:15:17,dbarabander
2024-04-17 14:15:17,elevenyellow
2024-04-17 14:15:17,LJLXu7aKyi
2024-04-17 14:15:17,AustinAdams10
2024-04-17 14:15:17,gajcapital
2024-04-17 14:15:17,spindl_xyz
2024-04-17 14:15:17,antoniogm
2024-04-17 14:15:17,zmTzF0huan
2024-04-17 14:15:17,kcvCV0IBJe
2024-04-17 14:15:17,houses
2024-04-17 14:15:17,0xdoug
2024-04-17 14:15:17,2NDKSh7y3d
2024-04-17 14:15:17,AcrossProtocol
2024-04-17 14:15:17,atlasEVM
2024-04-17 14:15:17,planet_nerf
2024-04-17 14:15:17,multicoincap
2024-04-17 14:15:17,NCxoIpfzY3
2024-04-17 14:15:17,princetoncs
2024-04-17 14:15:17,joshqharris
2024-04-17 14:15:17,Ftk96oSf45
2024-04-17 14:15:17,Glennmon
2024-04-17 14:15:17,0xLeoInRio
2024-04-17 14:15:17,SHL0MS
2024-04-17 14:15:17,isiain
2024-04-17 14:15:17,gevulot_network
2024-04-17 14:15:17,base
2024-04-17 14:15:17,XMTP_
2024-04-17 14:15:17,choobie3
2024-04-17 14:15:17,monad_xyz
2024-04-17 14:15:17,keoneHD
2024-04-17 14:15:17,hedera
2024-04-17 14:15:17,kelxyz_
2024-04-17 14:15:17,ShaneMac
2024-04-17 14:15:17,dntse
2024-04-17 14:15:17,eigenlayer
2024-04-17 14:15:17,0xAvious
2024-04-17 14:15:17,pleasrDAO
2024-04-17 14:15:17,mvellank
2024-04-17 14:15:17,variantfund
2024-04-17 14:15:17,j0hnwang
2024-04-17 14:15:17,txsequencer
2024-04-17 14:15:17,cooper_kunz
2024-04-17 14:15:17,paradigm
2024-04-17 14:15:17,notnotstorm
2024-04-17 14:15:17,uniswap
2024-04-17 14:15:17,archetypevc
2024-04-17 14:15:17,aztecnetwork
2024-04-17 14:15:17,uriklarman
2024-04-17 14:15:17,pixiechess
2024-04-17 14:15:17,aws
2024-04-17 14:15:17,coinbase
2024-04-17 14:15:17,0xPFL
2024-04-17 14:15:17,blockworks_
2024-04-17 14:15:17,MarkToda
2024-04-17 14:15:17,bottoproject
2024-04-17 14:15:17,calblockchain
2024-04-17 14:15:17,mikeneuder
2024-04-17 14:15:17,messaricrypto
2024-04-17 14:15:17,billmondays
2024-04-17 14:15:17,IsolationistThe
2024-04-17 14:15:17,bottodao
2024-04-17 14:15:17,ambient_finance
2024-04-17 14:15:17,gmEthereum
2024-04-17 14:15:17,Oidnn5eeSi
2024-04-17 14:15:17,lwU5yWvC6W
2024-04-17 14:15:17,higheronchain
2024-04-17 14:15:17,GoSquaredAway
2024-04-17 14:15:17,ThogardPvP
2024-04-17 14:15:17,jolieyang
2024-04-17 14:15:17,capitalgrug
2024-04-17 14:15:17,ncMJOBH60o
2024-04-17 14:15:17,ethereum
2024-04-17 14:15:17,mindpalaceai
2024-04-17 14:15:17,bloXrouteLabs
2024-04-17 14:15:17,warlock_xyz
2024-04-17 14:15:17,Superlayerio
2024-04-17 14:15:17,mountainwaterpi
2024-04-17 14:15:17,alchemyplatform
2024-04-17 14:15:17,mannynotfound
2024-04-17 14:15:17,EMostaque
2024-04-17 14:15:17,armorlabs
2024-04-17 14:15:17,1QEhB3C9Sl
2024-04-17 14:15:17,LHo7HbnpNa
2024-04-17 14:15:17,offchainlabs
2024-05-03 17:14:16,UmbraResearch
2024-05-03 17:14:16,0xsmac
2024-05-03 17:14:16,ambushcapital
2024-05-03 17:14:16,ohUHoMahvn
2024-05-03 17:14:16,0xShitTrader
2024-05-03 17:14:16,grandst
2024-05-03 17:14:16,etsy
2024-05-03 17:14:16,8vHwPUfj7E
2024-05-03 17:14:16,immutable
2024-05-03 17:14:16,abebooks
2024-05-03 17:14:16,synthetix_io
2024-05-03 17:14:16,n0tbydesign
2024-05-03 17:14:16,llamaonthebrink
2024-05-03 17:14:16,0xFastLane
2024-05-03 17:14:16,gretzke
2024-05-03 17:14:16,MHreWu6AV9
2024-05-03 17:14:16,brooklyncarly
2024-05-03 17:14:16,0xPolygon
2024-05-03 17:14:16,bisontrails
2024-05-03 17:14:16,joelallouz
2024-05-03 17:14:16,aaronhenshaw
2024-05-03 17:14:16,compoundvc
2024-05-03 17:14:16,bwertz
2024-05-03 17:14:16,versiononevc
2024-05-03 17:14:16,ellipsis_labs
2024-05-08 17:23:25,Nascentxyz
2024-05-08 17:23:25,eawosikaa
2024-05-08 17:23:25,p3shoemaker
2024-05-08 17:23:25,Ethereum2077
2024-05-08 17:23:25,JoinEdgeCity
2024-05-10 16:22:46,a1lon9
2024-05-10 16:22:46,pumpdotfun
2024-05-15 13:53:40,connormcewen
2024-05-15 13:53:40,NBD9872
2024-05-20 20:03:48,boredGenius
2024-05-20 20:03:48,fanduel
2024-05-20 20:03:48,Timeless_Fi
2024-05-20 20:03:48,ssD7PqWUmj
2024-05-20 20:03:48,bet_hog
2024-05-20 20:03:48,polychain
2024-05-20 20:03:48,nigeleccles
2024-05-20 20:03:48,repyhlabs
2024-05-20 20:03:48,sudoswap
2024-05-20 20:03:48,eth_en
2024-05-20 20:03:48,lukejdpearson
2024-05-20 20:03:48,betdexlabs
2024-05-20 20:03:48,spjoleh
