2024-04-17 12:50:03,TickerHistory
2024-04-17 12:50:03,MechA_tez
2024-04-17 12:50:03,chaingenius
2024-04-17 12:50:03,reliancejio
2024-04-17 12:50:03,AfterSell
2024-04-17 12:50:03,jagritiyatra
2024-04-17 12:50:03,glacislabs
2024-04-17 12:50:03,wendys
2024-04-17 12:50:03,dDLN8SuQZg
2024-04-17 12:50:03,Armon_Sho
2024-04-17 12:50:03,stablekh
2024-04-17 12:50:03,ezbucko
2024-04-17 12:50:03,B4wn32yUev
2024-04-17 12:50:03,Nelis_sol
2024-04-17 12:50:03,ProLeagueGG
2024-04-17 12:50:03,splcards
2024-04-17 12:50:03,JesseCrypt
2024-04-17 12:50:03,testinprodcap
2024-04-17 12:50:03,soylanamanlet69
2024-04-17 12:50:03,ssankar
2024-04-17 12:50:03,tsarnick
2024-04-17 12:50:03,keysplatz
2024-04-17 12:50:03,mutCarolineDAO
2024-04-17 12:50:03,midcurvemedia
2024-04-17 12:50:03,wonderofscience
2024-04-17 12:50:03,stimpy0x
2024-04-17 12:50:03,madladsnft
2024-04-17 12:50:03,YashikaChugh4
2024-04-17 12:50:03,kanalabs
2024-04-17 12:50:03,nugz_____
2024-04-17 12:50:03,nonbiasweb
2024-04-17 12:50:03,AbHomineDeus
2024-04-17 12:50:03,ask_a_dev
2024-04-17 12:50:03,XDEuZup23t
2024-04-17 12:50:03,gqVve1DH83
2024-04-17 12:50:03,Shopify
2024-04-17 12:50:03,monad_xyz
2024-04-17 12:50:03,LidoFinance
2024-04-17 12:50:03,bullishstudio
2024-04-17 12:50:03,Bryan_Cogent
2024-04-17 12:50:03,MTomX_
2024-04-17 12:50:03,mf1cSAPtef
2024-04-17 12:50:03,rinky_sol
2024-04-17 12:50:03,yung_drilly
2024-04-17 12:50:03,x0kaywithsol
2024-04-17 12:50:03,_LordHumungus_
2024-04-17 12:50:03,crabsite
2024-04-17 12:50:03,spruceid
2024-04-17 12:50:03,Squirrel_Mind
2024-04-17 12:50:03,Slim_Picking5
2024-04-17 12:50:03,caladann_
2024-04-17 12:50:03,bandoXBT
2024-04-17 12:50:03,consensys
2024-04-17 12:50:03,LauchGarnel3
2024-04-17 12:50:03,Jsamz14
2024-04-17 12:50:03,bsedyou
2024-04-17 12:50:03,Solana
2024-04-17 12:50:03,JohnWRichKid
2024-04-17 12:50:03,theguiser
2024-04-17 12:50:03,cryptokakarot
2024-04-17 12:50:03,oaEBf1su2x
2024-04-17 12:50:03,AuroraIntel
2024-04-17 12:50:03,xYKG8MqC12
2024-04-17 12:50:03,NEARprotocol
2024-04-17 12:50:03,harleyf
2024-04-17 12:50:03,hodlmadick
2024-04-17 12:50:03,0xMunger
2024-04-17 12:50:03,Palantirtech
2024-04-17 12:50:03,GuthixSolana
2024-04-17 12:50:03,longevityhere
2024-04-17 12:50:03,SolScientist
2024-04-17 12:50:03,blockanalia
2024-04-17 12:50:03,shefiorg
2024-04-17 12:50:03,FitFounder
2024-04-17 12:50:03,cryptonativecap
2024-04-17 12:50:03,dexterxbt
2024-04-17 12:50:03,DudespostingWs
2024-04-17 12:50:03,__entropy___
2024-04-17 12:50:03,Ginkgo
2024-04-17 12:50:03,search?q=%24SOL&src=cashtag_click
2024-04-17 12:50:03,potp_potp
2024-04-17 12:50:03,vrnt__
2024-04-17 12:50:03,jito_sol
2024-04-17 12:50:03,ZachBlitz8
2024-04-17 12:50:03,sleepdiplomat
