2024-04-05 22:07:51,YaleSOM
2024-04-05 22:07:51,ChapterOne
2024-04-05 22:07:51,RonwHammond
2024-04-05 22:07:51,chapterone
2024-04-05 22:07:51,warlock_xyz
2024-04-05 22:07:51,JonWalch
2024-04-05 22:07:51,justindomingue
2024-04-05 22:07:51,tigerhillDC
2024-04-05 22:07:51,the_DTCC
2024-04-05 22:07:51,Harvard
2024-04-05 22:07:51,n8BA01SsVx
2024-04-05 22:07:51,jpmorgan
2024-04-05 22:07:51,a16z
2024-04-05 22:07:51,Coinage_media
2024-04-05 22:07:51,jt_sports
2024-04-05 22:07:51,colgateuniv
2024-04-05 22:07:51,WarrenDavidson
2024-04-05 22:07:51,YahooFinance
2024-04-05 22:07:51,AlexanderGrieve
2024-04-05 22:07:51,EMPOWR_us
2024-04-05 22:07:51,karaswisher
2024-04-05 22:07:51,CryptoClayman
2024-04-05 22:07:51,Blackrock
2024-04-05 22:07:51,fabric_vc
2024-04-05 22:07:51,0xChu
2024-04-05 22:07:51,avax
2024-04-05 22:07:51,_choppingblock
2024-04-05 22:07:51,ikbdotgg
2024-04-05 22:07:51,hosseeb
2024-04-05 22:07:51,SGJohnsson
2024-04-05 22:07:51,uZvXiEWYSX
2024-04-05 22:07:51,innercitypress
2024-04-05 22:07:51,coinbase
2024-04-05 22:07:51,QzCPOa8fq6
2024-04-05 22:07:51,superstate
2024-04-05 22:07:51,2luH5km4f6
2024-04-05 22:07:51,rleshner
2024-04-05 22:07:51,eehvu8iji6
2024-04-05 22:07:51,uniswap
2024-04-05 22:07:51,aishiterutokyo
2024-04-05 22:07:51,tarunchitra
2024-04-05 22:07:51,PleasrDAO
2024-04-05 22:07:51,Ace_da_Book
2024-04-05 22:07:51,velodromefi
2024-04-05 22:07:51,MtGoxBalanceBot
2024-04-05 22:07:51,JoinSeedstarter
2024-04-05 22:07:51,CNBC
2024-04-05 22:07:51,bloccelerate
2024-04-05 22:07:51,Citi
2024-04-05 22:07:51,CIFonX
2024-04-05 22:07:51,camillionaire_m
2024-04-05 22:07:51,matt_homer
2024-04-05 22:07:51,udiWertheimer
2024-04-05 22:07:51,makerdao
2024-04-05 22:07:51,LeavittForWV
2024-04-05 22:07:51,Columbia_biz
2024-04-05 22:07:51,Unchained_pod
2024-04-05 22:07:51,capitalgrug
2024-04-05 22:07:51,tomhschmidt
2024-04-05 22:07:51,K_Laurence_
2024-04-05 22:07:51,m0labs
2024-04-05 22:07:51,RKOTax
2024-04-05 22:07:51,superstatefunds
2024-04-05 22:07:51,google
2024-04-05 22:07:51,djangobits
2024-04-05 22:07:51,sMdYhvR5WK
2024-04-05 22:07:51,secgov
2024-04-05 22:07:51,JackLipstone
2024-04-05 22:07:51,QuantumCatsXYZ
2024-04-05 22:07:51,Gartner_Inc
2024-04-05 22:07:51,ScottWu46
2024-04-05 22:07:51,xHL0pGID4n
2024-04-05 22:07:51,spicymarg_
2024-04-05 22:07:51,y7c1M6ni77
2024-04-05 22:07:51,TheStalwart
2024-04-05 22:07:51,SmartestBeta
2024-04-05 22:07:51,avalabs
2024-04-05 22:07:51,klarna
2024-04-05 22:07:51,fraxfinance
2024-04-05 22:07:51,MorganKrupetsky
2024-04-05 22:07:51,deptofxyz
2024-04-05 22:07:51,zGuz
2024-04-05 22:07:51,CampbellJAustin
2024-04-05 22:07:51,KentonPrescott
2024-04-05 22:07:51,Coinbase
2024-04-05 22:07:51,Serotonin_HQ
2024-04-05 22:07:51,barclaysCIB
2024-04-05 22:07:51,2avFP89qnG
2024-04-05 22:07:51,BlockchainAssn
2024-04-05 22:07:51,citi
2024-04-05 22:07:51,senseprotocol
2024-04-05 22:07:51,Bridgewater
2024-04-05 22:07:51,intentx_
2024-04-05 22:07:51,ChopsDan
2024-04-05 22:07:51,francisgowen
2024-04-05 22:07:51,Consensys
2024-04-05 22:07:51,davispolk
2024-04-05 22:07:51,ampera_xyz
2024-04-05 22:07:51,fourmoonsllc
2024-04-05 22:07:51,paradigm
2024-04-05 22:07:51,Mojito_NFT
2024-04-05 22:07:51,AlexZozos
2024-04-05 22:07:51,aerodromefi
2024-04-05 22:07:51,BimAfolami
2024-04-05 22:07:51,SpeakerBoehner
2024-04-05 22:07:51,_callil
2024-04-05 22:07:51,DinaBelenkaya
2024-04-05 22:07:51,LovingNFTs
2024-04-05 22:07:51,cognition_labs
2024-04-05 22:07:51,VTEqaLISDB
2024-04-05 22:07:51,paxos
2024-04-05 22:07:51,tristanleavitt
2024-04-08 16:34:41,coinbase
2024-04-08 16:34:41,K_Laurence_
2024-04-08 16:34:41,colgateuniv
2024-04-08 16:34:41,ChopsDan
2024-04-08 16:34:41,a16z
2024-04-08 16:34:41,tomhschmidt
2024-04-08 16:34:41,Harvard
2024-04-08 16:34:41,uZvXiEWYSX
2024-04-08 16:34:41,superstatefunds
2024-04-08 16:34:41,KentonPrescott
2024-04-08 16:34:41,warlock_xyz
2024-04-08 16:34:41,sMdYhvR5WK
2024-04-08 16:34:41,MorganKrupetsky
2024-04-08 16:34:41,PleasrDAO
2024-04-08 16:34:41,TheStalwart
2024-04-08 16:34:41,QuantumCatsXYZ
2024-04-08 16:34:41,jt_sports
2024-04-08 16:34:41,karaswisher
2024-04-08 16:34:41,deptofxyz
2024-04-08 16:34:41,EMPOWR_us
2024-04-08 16:34:41,n8BA01RV5Z
2024-04-08 16:34:41,fourmoonsllc
2024-04-08 16:34:41,oWuqLcC1c0
2024-04-08 16:34:41,m0labs
2024-04-08 16:34:41,CryptoClayman
2024-04-08 16:34:41,BimAfolami
2024-04-08 16:34:41,ampera_xyz
2024-04-08 16:34:41,MtGoxBalanceBot
2024-04-08 16:34:41,eehvu8iji6
2024-04-08 16:34:41,citi
2024-04-08 16:34:41,tigerhillDC
2024-04-08 16:34:41,velodromefi
2024-04-08 16:34:41,djangobits
2024-04-08 16:34:41,LeavittForWV
2024-04-08 16:34:41,fabric_vc
2024-04-08 16:34:41,davispolk
2024-04-08 16:34:41,CIFonX
2024-04-08 16:34:41,aerodromefi
2024-04-08 16:34:41,YaleSOM
2024-04-08 16:34:41,ScottWu46
2024-04-08 16:34:41,JonWalch
2024-04-08 16:34:41,ChapterOne
2024-04-08 16:34:41,ikbdotgg
2024-04-08 16:34:41,hosseeb
2024-04-08 16:34:41,avalabs
2024-04-08 16:34:41,Blast_L2
2024-04-08 16:34:41,SpeakerBoehner
2024-04-08 16:34:41,y7c1M6ni77
2024-04-08 16:34:41,tarunchitra
2024-04-08 16:34:41,cognition_labs
2024-04-08 16:34:41,superstate
2024-04-08 16:34:41,chapterone
2024-04-08 16:34:41,zGuz
2024-04-08 16:34:41,the_DTCC
2024-04-08 16:34:41,Unchained_pod
2024-04-08 16:34:41,camillionaire_m
2024-04-08 16:34:41,LovingNFTs
2024-04-08 16:34:41,Mojito_NFT
2024-04-08 16:34:41,CNBC
2024-04-08 16:34:41,Gartner_Inc
2024-04-08 16:34:41,senseprotocol
2024-04-08 16:34:41,JackLipstone
2024-04-08 16:34:41,francisgowen
2024-04-08 16:34:41,DinaBelenkaya
2024-04-08 16:34:41,2avFP89Yde
2024-04-08 16:34:41,YahooFinance
2024-04-08 16:34:41,matt_homer
2024-04-08 16:34:41,RKOTax
2024-04-08 16:34:41,justindomingue
2024-04-08 16:34:41,SGJohnsson
2024-04-08 16:34:41,Serotonin_HQ
2024-04-08 16:34:41,spicymarg_
2024-04-08 16:34:41,Blackrock
2024-04-08 16:34:41,jpmorgan
2024-04-08 16:34:41,aishiterutokyo
2024-04-08 16:34:41,intentx_
2024-04-08 16:34:41,barclaysCIB
2024-04-08 16:34:41,secgov
2024-04-08 16:34:41,0xChu
2024-04-08 16:34:41,paradigm
2024-04-08 16:34:41,avax
2024-04-08 16:34:41,tristanleavitt
2024-04-08 16:34:41,Citi
2024-04-08 16:34:41,google
2024-04-08 16:34:41,_choppingblock
2024-04-08 16:34:41,makerdao
2024-04-08 16:34:41,bloccelerate
2024-04-08 16:34:41,Coinbase
2024-04-08 16:34:41,fraxfinance
2024-04-08 16:34:41,Bridgewater
2024-04-08 16:34:41,udiWertheimer
2024-04-08 16:34:41,AlexanderGrieve
2024-04-08 16:34:41,Consensys
2024-04-08 16:34:41,rleshner
2024-04-08 16:34:41,AlexZozos
2024-04-08 16:34:41,2luH5km4f6
2024-04-08 16:34:41,Ace_da_Book
2024-04-08 16:34:41,capitalgrug
2024-04-08 16:34:41,paxos
2024-04-08 16:34:41,SmartestBeta
2024-04-08 16:34:41,CampbellJAustin
2024-04-08 16:34:41,Columbia_biz
2024-04-08 16:34:41,klarna
2024-04-08 16:34:41,Coinage_media
2024-04-08 12:15:34,RKOTax
2024-04-08 12:15:34,JackLipstone
2024-04-08 12:15:34,sMdYhvR5WK
2024-04-08 12:15:34,JonWalch
2024-04-08 12:15:34,karaswisher
2024-04-08 12:15:34,aishiterutokyo
2024-04-08 12:15:34,rleshner
2024-04-08 12:15:34,ikbdotgg
2024-04-08 12:15:34,matt_homer
2024-04-08 12:15:34,the_DTCC
2024-04-08 12:15:34,fraxfinance
2024-04-08 12:15:34,jt_sports
2024-04-08 12:15:34,PleasrDAO
2024-04-08 12:15:34,LeavittForWV
2024-04-08 12:15:34,barclaysCIB
2024-04-08 12:15:34,tigerhillDC
2024-04-08 12:15:34,coinbase
2024-04-08 12:15:34,francisgowen
2024-04-08 12:15:34,SpeakerBoehner
2024-04-08 12:15:34,aerodromefi
2024-04-08 12:15:34,Coinage_media
2024-04-08 12:15:34,justindomingue
2024-04-08 12:15:34,0xChu
2024-04-08 12:15:34,uZvXiEWYSX
2024-04-08 12:15:34,velodromefi
2024-04-08 12:15:34,n8BA01RV5Z
2024-04-08 12:15:34,warlock_xyz
2024-04-08 12:15:34,jpmorgan
2024-04-08 12:15:34,intentx_
2024-04-08 12:15:34,Ace_da_Book
2024-04-08 12:15:34,EMPOWR_us
2024-04-08 12:15:34,SGJohnsson
2024-04-08 12:15:34,CampbellJAustin
2024-04-08 12:15:34,tomhschmidt
2024-04-08 12:15:34,2avFP89Yde
2024-04-08 12:15:34,y7c1M6ni77
2024-04-08 12:15:34,m0labs
2024-04-08 12:15:34,CNBC
2024-04-08 12:15:34,fourmoonsllc
2024-04-08 12:15:34,superstate
2024-04-08 12:15:34,citi
2024-04-08 12:15:34,colgateuniv
2024-04-08 12:15:34,davispolk
2024-04-08 12:15:34,camillionaire_m
2024-04-08 12:15:34,deptofxyz
2024-04-08 12:15:34,Blast_L2
2024-04-08 12:15:34,_choppingblock
2024-04-08 12:15:34,eehvu8iji6
2024-04-08 12:15:34,paradigm
2024-04-08 12:15:34,AlexZozos
2024-04-08 12:15:34,YaleSOM
2024-04-08 12:15:34,paxos
2024-04-08 12:15:34,cognition_labs
2024-04-08 12:15:34,TheStalwart
2024-04-08 12:15:34,djangobits
2024-04-08 12:15:34,Unchained_pod
2024-04-08 12:15:34,tristanleavitt
2024-04-08 12:15:34,zGuz
2024-04-08 12:15:34,QuantumCatsXYZ
2024-04-08 12:15:34,MtGoxBalanceBot
2024-04-08 12:15:34,Consensys
2024-04-08 12:15:34,Serotonin_HQ
2024-04-08 12:15:34,tarunchitra
2024-04-08 12:15:34,YahooFinance
2024-04-08 12:15:34,CIFonX
2024-04-08 12:15:34,ScottWu46
2024-04-08 12:15:34,spicymarg_
2024-04-08 12:15:34,hosseeb
2024-04-08 12:15:34,BimAfolami
2024-04-08 12:15:34,Columbia_biz
2024-04-08 12:15:34,oWuqLcC1c0
2024-04-08 12:15:34,Bridgewater
2024-04-08 12:15:34,udiWertheimer
2024-04-08 12:15:34,Harvard
2024-04-08 12:15:34,fabric_vc
2024-04-08 12:15:34,AlexanderGrieve
2024-04-08 12:15:34,superstatefunds
2024-04-08 12:15:34,ampera_xyz
2024-04-08 12:15:34,ChapterOne
2024-04-08 12:15:34,LovingNFTs
2024-04-08 12:15:34,secgov
2024-04-08 12:15:34,capitalgrug
2024-04-08 12:15:34,Mojito_NFT
2024-04-17 13:43:12,SGJohnsson
2024-04-17 13:43:12,0xChu
2024-04-17 13:43:12,intentx_
2024-04-17 13:43:12,colgateuniv
2024-04-17 13:43:12,aishiterutokyo
2024-04-17 13:43:12,mayflower_strat
2024-04-17 13:43:12,SmartestBeta
2024-04-17 13:43:12,MtGoxBalanceBot
2024-04-17 13:43:12,aerodromefi
2024-04-17 13:43:12,Unchained_pod
2024-04-17 13:43:12,tomhschmidt
2024-04-17 13:43:12,Blackrock
2024-04-17 13:43:12,rleshner
2024-04-17 13:43:12,citi
2024-04-17 13:43:12,MorganKrupetsky
2024-04-17 13:43:12,superstate
2024-04-17 13:43:12,AlexZozos
2024-04-17 13:43:12,PleasrDAO
2024-04-17 13:43:12,tigerhillDC
2024-04-17 13:43:12,CoinFund_io
2024-04-17 13:43:12,_choppingblock
2024-04-17 13:43:12,oWuqLcC1c0
2024-04-17 13:43:12,matt_homer
2024-04-17 13:43:12,y7c1M6ni77
2024-04-17 13:43:12,AlexanderGrieve
2024-04-17 13:43:12,blockchainRI
2024-04-17 13:43:12,secgov
2024-04-17 13:43:12,uZvXiEWYSX
2024-04-17 13:43:12,2avFP89Yde
2024-04-17 13:43:12,SpeakerBoehner
2024-04-17 13:43:12,cognition_labs
2024-04-17 13:43:12,avalabs
2024-04-17 13:43:12,K_Laurence_
2024-04-17 13:43:12,QuantumCatsXYZ
2024-04-17 13:43:12,CIFonX
2024-04-17 13:43:12,karaswisher
2024-04-17 13:43:12,EMPOWR_us
2024-04-17 13:43:12,m0labs
2024-04-17 13:43:12,the_DTCC
2024-04-17 13:43:12,Serotonin_HQ
2024-04-17 13:43:12,bloccelerate
2024-04-17 13:43:12,Ace_da_Book
2024-04-17 13:43:12,LovingNFTs
2024-04-17 13:43:12,a16z
2024-04-17 13:43:12,fraxfinance
2024-04-17 13:43:12,djangobits
2024-04-17 13:43:12,udiWertheimer
2024-04-17 13:43:12,Mojito_NFT
2024-04-17 13:43:12,justindomingue
2024-04-17 13:43:12,Coinbase
2024-04-17 13:43:12,camillionaire_m
2024-04-17 13:43:12,Consensys
2024-04-17 13:43:12,superstatefunds
2024-04-17 13:43:12,eehvu8iji6
2024-04-17 13:43:12,tarunchitra
2024-04-17 13:43:12,TheStalwart
2024-04-17 13:43:12,hosseeb
2024-04-17 13:43:12,sMdYhvR5WK
2024-04-17 13:43:12,tristanleavitt
2024-04-17 13:43:12,velodromefi
2024-04-17 13:43:12,klarna
2024-04-17 13:43:12,CryptoClayman
2024-04-17 13:43:12,ChopsDan
2024-04-17 13:43:12,JackLipstone
2024-04-17 13:43:12,google
2024-04-17 13:43:12,Harvard
2024-04-17 13:43:12,YaleSOM
2024-04-17 13:43:12,2luH5km4f6
2024-04-17 13:43:12,bloqinc
2024-04-17 13:43:12,fourmoonsllc
2024-04-17 13:43:12,spicymarg_
2024-04-17 13:43:12,BimAfolami
2024-04-17 13:43:12,chapterone
2024-04-17 13:43:12,paradigm
2024-04-17 13:43:12,JonWalch
2024-04-17 13:43:12,barclaysCIB
2024-04-17 13:43:12,jennapilgrim
2024-04-17 13:43:12,Blast_L2
2024-04-17 13:43:12,CampbellJAustin
2024-04-17 13:43:12,Gartner_Inc
2024-04-17 13:43:12,ScottWu46
2024-04-17 13:43:12,Columbia_biz
2024-04-17 13:43:12,CNBC
2024-04-17 13:43:12,avax
2024-04-17 13:43:12,coinbase
2024-04-17 13:43:12,ChapterOne
2024-04-17 13:43:12,YahooFinance
2024-04-17 13:43:12,RKOTax
2024-04-17 13:43:12,francisgowen
2024-04-17 13:43:12,davispolk
2024-04-17 13:43:12,fabric_vc
2024-04-17 13:43:12,moicanoufc
2024-04-17 13:43:12,Bridgewater
2024-04-17 13:43:12,ikbdotgg
2024-04-17 13:43:12,paxos
2024-04-17 13:43:12,jpmorgan
2024-04-17 13:43:12,ampera_xyz
2024-04-17 13:43:12,jt_sports
2024-04-17 13:43:12,zGuz
2024-04-17 13:43:12,deptofxyz
2024-04-17 13:43:12,Coinage_media
2024-04-17 13:43:12,capitalgrug
2024-04-17 13:43:12,thestreambed
2024-04-17 13:43:12,n8BA01RV5Z
2024-04-17 13:43:12,warlock_xyz
2024-04-17 13:43:12,LeavittForWV
2024-04-17 13:43:12,Citi
2024-04-17 13:43:12,rite_network
2024-05-03 17:00:53,ahoyberlin
2024-05-03 17:00:53,aws
2024-05-03 17:00:53,blast_l2
2024-05-03 17:00:53,SebVentures
2024-05-03 17:00:53,opnrs
2024-05-03 17:00:53,RwaWorld
2024-05-03 17:00:53,CryptoAmb
2024-05-03 17:00:53,toaberlin
2024-05-03 17:00:53,bitwiseinvest
2024-05-03 17:00:53,amazon
2024-05-03 17:00:53,SteakhouseFi
2024-05-03 17:00:53,eSX7hUxjMR
2024-05-03 17:00:53,IshikaAMBcrypto
2024-05-03 17:00:53,Monumental_Labs
2024-05-03 17:00:53,teddyfuse
2024-05-03 17:00:53,AMBCrypto
2024-05-03 17:00:53,techberlin
2024-05-03 17:00:53,AnnMaria_Shibu
2024-05-08 17:11:30,CapHillCrypto
2024-05-08 17:11:30,ChefGruel
2024-05-08 17:11:30,calicofishhouse
2024-05-08 17:11:30,m0foundation
2024-05-15 13:42:53,NatPress
2024-05-15 13:42:53,Eleanor_Mueller
2024-05-15 13:42:53,POLITICOPro
2024-05-15 13:42:53,MerrillCollege
2024-05-15 13:42:53,POLITICO
2024-05-20 19:53:19,taylorjbarr
2024-05-20 19:53:19,RachaelRad
2024-05-20 19:53:19,Togbe0x
2024-05-20 19:53:19,EleanorTerrett
2024-05-20 19:53:19,HaunVentures
2024-05-20 19:53:19,DigitalChamber
2024-05-20 19:53:19,AmericaFrontier
2024-05-20 19:53:19,BriGuyyTweets
2024-05-20 19:53:19,JMU
2024-05-20 19:53:19,stevedaines
2024-05-20 19:53:19,CodyCarboneDC
2024-05-20 19:53:19,digitalpowerus
2024-05-20 19:53:19,FoxBusiness
