2024-04-05 21:58:52,cega_fi
2024-04-05 21:58:52,Addepar
2024-04-05 21:58:52,chiefaioffice
2024-04-05 21:58:52,VeloData
2024-04-05 21:58:52,Harvard
2024-04-05 21:58:52,AltcoinPsycho
2024-04-05 21:58:52,WitnessCo_
2024-04-05 21:58:52,j0hnwang
2024-04-05 21:58:52,northwoodspace
2024-04-05 21:58:52,Coinage_media
2024-04-05 21:58:52,chameleon_jeff
2024-04-05 21:58:52,YahooFinance
2024-04-05 21:58:52,jobsincrypto
2024-04-05 21:58:52,Wavedigital_
2024-04-05 21:58:52,LightDotSo
2024-04-05 21:58:52,Quora
2024-04-05 21:58:52,aphysicist
2024-04-05 21:58:52,TXMCtrades
2024-04-05 21:58:52,teamf16y
2024-04-05 21:58:52,samschmitz
2024-04-05 21:58:52,coinbasetraders
2024-04-05 21:58:52,SyncracyCapital
2024-04-05 21:58:52,modal_labs
2024-04-05 21:58:52,IamTalin
2024-04-05 21:58:52,3reps
2024-04-05 21:58:52,vnovakovski
2024-04-05 21:58:52,adcock_brett
2024-04-05 21:58:52,lighter_xyz
2024-04-05 21:58:52,Ambush
2024-04-05 21:58:52,Kr00ney
2024-04-05 21:58:52,immutable
2024-04-05 21:58:52,hyperliquidx
2024-04-05 21:58:52,Pladizow
2024-04-05 21:58:52,Citadel
2024-04-05 21:58:52,TardFiWhale
2024-04-05 21:58:52,CNBC
2024-04-05 21:58:52,bridgitmendler
2024-04-05 21:58:52,hellokillian
2024-04-05 21:58:52,search?q=%24ETH&src=cashtag_click
2024-04-05 21:58:52,perplexity_ai
2024-04-05 21:58:52,DuU6MMqcgQ
2024-04-05 21:58:52,AugurLituus
2024-04-05 21:58:52,lunchclubai
2024-04-05 21:58:52,stephensu_
2024-04-05 21:58:52,BBGIntelligence
2024-04-05 21:58:52,arisatoyo
2024-04-05 21:58:52,HenryElderBTC
2024-04-05 21:58:52,Figure_robot
2024-04-05 21:58:52,aniket965as
2024-04-05 21:58:52,AravSrinivas
2024-04-05 21:58:52,wavedigital_
2024-04-05 21:58:52,humanfromweb3_
2024-04-05 21:58:52,daimo_eth
2024-04-05 21:58:52,ScottWu46
2024-04-05 21:58:52,shunkakinoki
2024-04-05 21:58:52,0pL8u9cdNY
2024-04-05 21:58:52,echodotxyz
2024-04-05 21:58:52,BrianRetford
2024-04-05 21:58:52,stanford
2024-04-05 21:58:52,search?q=%24BTC&src=cashtag_click
2024-04-05 21:58:52,HoneybadgerC
2024-04-05 21:58:52,zGuz
2024-04-05 21:58:52,tpfZwEwGiq
2024-04-05 21:58:52,TechBroDrip
2024-04-05 21:58:52,oMIiyJcIzk
2024-04-05 21:58:52,MartinShkreli
2024-04-05 21:58:52,zachxbt
2024-04-05 21:58:52,AlphaBetaSoup_
2024-04-05 21:58:52,zoomerfied
2024-04-05 21:58:52,arisatoyo_jp
2024-04-05 21:58:52,JackK
2024-04-05 21:58:52,v3JCobIT8q
2024-04-05 21:58:52,paradigm
2024-04-05 21:58:52,atomic_inc
2024-04-05 21:58:52,0x_Osprey
2024-04-05 21:58:52,cognition_labs
2024-04-05 21:58:52,AvailProject
2024-04-05 21:58:52,armorlabs
2024-04-05 21:58:52,hiFramework
2024-04-05 21:58:52,ZffRtuuioT
2024-04-05 21:58:52,lzin5ByH0t
2024-04-05 21:58:52,MakeSunsets
2024-04-08 16:29:25,modal_labs
2024-04-08 16:29:25,AlphaBetaSoup_
2024-04-08 16:29:25,tpfZwEwGiq
2024-04-08 16:29:25,Figure_robot
2024-04-08 16:29:25,primeintellect
2024-04-08 16:29:25,theappletucker
2024-04-08 16:29:25,adcock_brett
2024-04-08 16:29:25,qnt6ubYV94
2024-04-08 16:29:25,bridgitmendler
2024-04-08 16:29:25,0pL8u9bFYq
2024-04-08 16:29:25,search?q=%24ETH&src=cashtag_click
2024-04-08 16:29:25,humanfromweb3_
2024-04-08 16:29:25,Harvard
2024-04-08 16:29:25,aniket965as
2024-04-08 16:29:25,SyncracyCapital
2024-04-08 16:29:25,hyperliquidx
2024-04-08 16:29:25,wavedigital_
2024-04-08 16:29:25,AravSrinivas
2024-04-08 16:29:25,arisatoyo
2024-04-08 16:29:25,northwoodspace
2024-04-08 16:29:25,molecule_dao
2024-04-08 16:29:25,TXMCtrades
2024-04-08 16:29:25,hellokillian
2024-04-08 16:29:25,JackK
2024-04-08 16:29:25,echodotxyz
2024-04-08 16:29:25,bio_xyz
2024-04-08 16:29:25,Citadel
2024-04-08 16:29:25,HoneybadgerC
2024-04-08 16:29:25,lighter_xyz
2024-04-08 16:29:25,Wavedigital_
2024-04-08 16:29:25,intuitio_
2024-04-08 16:29:25,stephensu_
2024-04-08 16:29:25,shunkakinoki
2024-04-08 16:29:25,jobsincrypto
2024-04-08 16:29:25,Kr00ney
2024-04-08 16:29:25,v3JCobIT8q
2024-04-08 16:29:25,AltcoinPsycho
2024-04-08 16:29:25,hiFramework
2024-04-08 16:29:25,ZffRtuuioT
2024-04-08 16:29:25,lzin5ByH0t
2024-04-08 16:29:25,HenryElderBTC
2024-04-08 16:29:25,perplexity_ai
2024-04-08 16:29:25,ScottWu46
2024-04-08 16:29:25,DuU6MMqcgQ
2024-04-08 16:29:25,cognition_labs
2024-04-08 16:29:25,armorlabs
2024-04-08 16:29:25,chiefaioffice
2024-04-08 16:29:25,zGuz
2024-04-08 16:29:25,Ambush
2024-04-08 16:29:25,vita_dao
2024-04-08 16:29:25,IamTalin
2024-04-08 16:29:25,BrianRetford
2024-04-08 16:29:25,zachxbt
2024-04-08 16:29:25,vincentweisser
2024-04-08 16:29:25,CNBC
2024-04-08 16:29:25,coinbasetraders
2024-04-08 16:29:25,lunchclubai
2024-04-08 16:29:25,YahooFinance
2024-04-08 16:29:25,0x_Osprey
2024-04-08 16:29:25,vnovakovski
2024-04-08 16:29:25,3reps
2024-04-08 16:29:25,immutable
2024-04-08 16:29:25,daimo_eth
2024-04-08 16:29:25,MakeSunsets
2024-04-08 16:29:25,arisatoyo_jp
2024-04-08 16:29:25,cega_fi
2024-04-08 16:29:25,AvailProject
2024-04-08 16:29:25,Addepar
2024-04-08 16:29:25,atomic_inc
2024-04-08 16:29:25,paradigm
2024-04-08 16:29:25,calderaxyz
2024-04-08 16:29:25,BBGIntelligence
2024-04-08 16:29:25,chameleon_jeff
2024-04-08 16:29:25,Quora
2024-04-08 16:29:25,oMIiyJcIzk
2024-04-08 16:29:25,AugurLituus
2024-04-08 16:29:25,aphysicist
2024-04-08 16:29:25,MartinShkreli
2024-04-08 16:29:25,search?q=%24BTC&src=cashtag_click
2024-04-08 16:29:25,LightDotSo
2024-04-08 16:29:25,WitnessCo_
2024-04-08 16:29:25,samschmitz
2024-04-08 16:29:25,TechBroDrip
2024-04-08 16:29:25,stanford
2024-04-08 16:29:25,Coinage_media
2024-04-08 16:29:25,j0hnwang
2024-04-08 16:29:25,teamf16y
2024-04-08 16:29:25,Pladizow
2024-04-08 16:29:25,TardFiWhale
2024-04-08 12:10:19,AravSrinivas
2024-04-08 12:10:19,Pladizow
2024-04-08 12:10:19,Figure_robot
2024-04-08 12:10:19,cega_fi
2024-04-08 12:10:19,3reps
2024-04-08 12:10:19,modal_labs
2024-04-08 12:10:19,arisatoyo_jp
2024-04-08 12:10:19,Kr00ney
2024-04-08 12:10:19,humanfromweb3_
2024-04-08 12:10:19,intuitio_
2024-04-08 12:10:19,molecule_dao
2024-04-08 12:10:19,armorlabs
2024-04-08 12:10:19,AvailProject
2024-04-08 12:10:19,Ambush
2024-04-08 12:10:19,Coinage_media
2024-04-08 12:10:19,arisatoyo
2024-04-08 12:10:19,tpfZwEwGiq
2024-04-08 12:10:19,LightDotSo
2024-04-08 12:10:19,aniket965as
2024-04-08 12:10:19,0x_Osprey
2024-04-08 12:10:19,oMIiyJcIzk
2024-04-08 12:10:19,0pL8u9bFYq
2024-04-08 12:10:19,immutable
2024-04-08 12:10:19,IamTalin
2024-04-08 12:10:19,stephensu_
2024-04-08 12:10:19,CNBC
2024-04-08 12:10:19,jobsincrypto
2024-04-08 12:10:19,calderaxyz
2024-04-08 12:10:19,TardFiWhale
2024-04-08 12:10:19,chiefaioffice
2024-04-08 12:10:19,atomic_inc
2024-04-08 12:10:19,bridgitmendler
2024-04-08 12:10:19,zachxbt
2024-04-08 12:10:19,hellokillian
2024-04-08 12:10:19,adcock_brett
2024-04-08 12:10:19,paradigm
2024-04-08 12:10:19,MakeSunsets
2024-04-08 12:10:19,WitnessCo_
2024-04-08 12:10:19,zoomerfied
2024-04-08 12:10:19,wavedigital_
2024-04-08 12:10:19,Wavedigital_
2024-04-08 12:10:19,daimo_eth
2024-04-08 12:10:19,lunchclubai
2024-04-08 12:10:19,cognition_labs
2024-04-08 12:10:19,hiFramework
2024-04-08 12:10:19,v3JCobIT8q
2024-04-08 12:10:19,stanford
2024-04-08 12:10:19,TechBroDrip
2024-04-08 12:10:19,coinbasetraders
2024-04-08 12:10:19,lzin5ByH0t
2024-04-08 12:10:19,search?q=%24BTC&src=cashtag_click
2024-04-08 12:10:19,BrianRetford
2024-04-08 12:10:19,search?q=%24ETH&src=cashtag_click
2024-04-08 12:10:19,shunkakinoki
2024-04-08 12:10:19,TXMCtrades
2024-04-08 12:10:19,JackK
2024-04-08 12:10:19,DuU6MMqcgQ
2024-04-08 12:10:19,vnovakovski
2024-04-08 12:10:19,BBGIntelligence
2024-04-08 12:10:19,MartinShkreli
2024-04-08 12:10:19,vita_dao
2024-04-08 12:10:19,primeintellect
2024-04-08 12:10:19,Citadel
2024-04-08 12:10:19,chameleon_jeff
2024-04-08 12:10:19,lighter_xyz
2024-04-08 12:10:19,samschmitz
2024-04-08 12:10:19,zGuz
2024-04-08 12:10:19,northwoodspace
2024-04-08 12:10:19,HoneybadgerC
2024-04-08 12:10:19,YahooFinance
2024-04-08 12:10:19,HenryElderBTC
2024-04-08 12:10:19,bio_xyz
2024-04-08 12:10:19,AugurLituus
2024-04-08 12:10:19,j0hnwang
2024-04-08 12:10:19,ScottWu46
2024-04-08 12:10:19,perplexity_ai
2024-04-08 12:10:19,VeloData
2024-04-08 12:10:19,Harvard
2024-04-08 12:10:19,SyncracyCapital
2024-04-08 12:10:19,vincentweisser
2024-04-08 12:10:19,echodotxyz
2024-04-08 12:10:19,hyperliquidx
2024-04-08 12:10:19,AlphaBetaSoup_
2024-04-08 12:10:19,teamf16y
2024-04-08 12:10:19,theappletucker
2024-04-08 12:10:19,aphysicist
2024-04-08 12:10:19,AltcoinPsycho
2024-04-08 12:10:19,Quora
2024-04-08 12:10:19,Addepar
2024-04-08 12:10:19,qnt6ubYV94
2024-04-08 12:10:19,ZffRtuuioT
2024-04-17 13:37:27,alignedlayer
2024-04-17 13:37:27,0pL8u9bFYq
2024-04-17 13:37:27,ZffRtuuioT
2024-04-17 13:37:27,WarMonitors
2024-04-17 13:37:27,AugurLituus
2024-04-17 13:37:27,divydovy
2024-04-17 13:37:27,vita_dao
2024-04-17 13:37:27,Citadel
2024-04-17 13:37:27,Quora
2024-04-17 13:37:27,lighter_xyz
2024-04-17 13:37:27,mantanetwork
2024-04-17 13:37:27,JTEPUxvook
2024-04-17 13:37:27,aniket965as
2024-04-17 13:37:27,modal_labs
2024-04-17 13:37:27,hellokillian
2024-04-17 13:37:27,JackK
2024-04-17 13:37:27,jobsincrypto
2024-04-17 13:37:27,HoneybadgerC
2024-04-17 13:37:27,Pladizow
2024-04-17 13:37:27,chiefaioffice
2024-04-17 13:37:27,MB2gvpTwUI
2024-04-17 13:37:27,cognition_labs
2024-04-17 13:37:27,shumochu
2024-04-17 13:37:27,cega_fi
2024-04-17 13:37:27,WarfareBackup
2024-04-17 13:37:27,lunchclubai
2024-04-17 13:37:27,SyncracyCapital
2024-04-17 13:37:27,atomic_inc
2024-04-17 13:37:27,humanfromweb3_
2024-04-17 13:37:27,stephensu_
2024-04-17 13:37:27,WitnessCo_
2024-04-17 13:37:27,BBGIntelligence
2024-04-17 13:37:27,hiFramework
2024-04-17 13:37:27,Figure_robot
2024-04-17 13:37:27,theappletucker
2024-04-17 13:37:27,IamTalin
2024-04-17 13:37:27,samschmitz
2024-04-17 13:37:27,arisatoyo_jp
2024-04-17 13:37:27,zachxbt
2024-04-17 13:37:27,federicocarrone
2024-04-17 13:37:27,perplexity_ai
2024-04-17 13:37:27,DuU6MMqcgQ
2024-04-17 13:37:27,AltcoinPsycho
2024-04-17 13:37:27,primeintellect
2024-04-17 13:37:27,AravSrinivas
2024-04-17 13:37:27,Bluntz_Capital
2024-04-17 13:37:27,uwcse
2024-04-17 13:37:27,bio_xyz
2024-04-17 13:37:27,MakeSunsets
2024-04-17 13:37:27,0xAnteater
2024-04-17 13:37:27,0x_Osprey
2024-04-17 13:37:27,Harvard
2024-04-17 13:37:27,Calderaxyz
2024-04-17 13:37:27,3reps
2024-04-17 13:37:27,Ambush
2024-04-17 13:37:27,LightDotSo
2024-04-17 13:37:27,j0hnwang
2024-04-17 13:37:27,echodotxyz
2024-04-17 13:37:27,tpfZwEwGiq
2024-04-17 13:37:27,paradigm
2024-04-17 13:37:27,northwoodspace
2024-04-17 13:37:27,coinbasetraders
2024-04-17 13:37:27,AlphaBetaSoup_
2024-04-17 13:37:27,fede_intern
2024-04-17 13:37:27,BrianRetford
2024-04-17 13:37:27,TechBroDrip
2024-04-17 13:37:27,search?q=%24BTC&src=cashtag_click
2024-04-17 13:37:27,calderaxyz
2024-04-17 13:37:27,arisatoyo
2024-04-17 13:37:27,intuitio_
2024-04-17 13:37:27,ScottWu46
2024-04-17 13:37:27,daimo_eth
2024-04-17 13:37:27,CNBC
2024-04-17 13:37:27,class_lambda
2024-04-17 13:37:27,YahooFinance
2024-04-17 13:37:27,v3JCobIT8q
2024-04-17 13:37:27,TardFiWhale
2024-04-17 13:37:27,vnovakovski
2024-04-17 13:37:27,search?q=%24ETH&src=cashtag_click
2024-04-17 13:37:27,teamf16y
2024-04-17 13:37:27,Kr00ney
2024-04-17 13:37:27,lzin5ByH0t
2024-04-17 13:37:27,TXMCtrades
2024-04-17 13:37:27,HenryElderBTC
2024-04-17 13:37:27,zGuz
2024-04-17 13:37:27,hyperliquidx
2024-04-17 13:37:27,oMIiyJcIzk
2024-04-17 13:37:27,molecule_dao
2024-04-17 13:37:27,ucsbcs
2024-04-17 13:37:27,Coinage_media
2024-04-17 13:37:27,shunkakinoki
2024-04-17 13:37:27,CkqsdOqqhV
2024-04-17 13:37:27,aphysicist
2024-04-17 13:37:27,wavedigital_
2024-04-17 13:37:27,AvailProject
2024-04-17 13:37:27,stanford
2024-04-17 13:37:27,bridgitmendler
2024-04-17 13:37:27,nounsdao
2024-04-17 13:37:27,Addepar
2024-04-17 13:37:27,adcock_brett
2024-04-17 13:37:27,armorlabs
2024-04-17 13:37:27,MartinShkreli
2024-04-17 13:37:27,vincentweisser
2024-04-17 13:37:27,nebrazkp
2024-04-17 13:37:27,chameleon_jeff
2024-05-03 16:57:21,wronguser000
2024-05-03 16:57:21,fanduel
2024-05-03 16:57:21,75pG4PAg5a
2024-05-03 16:57:21,vaultmusichq
2024-05-03 16:57:21,guDR0d4IA7
2024-05-03 16:57:21,alliancedao
2024-05-03 16:57:21,oeqbmZvc4m
2024-05-03 16:57:21,TeamKujira
2024-05-03 16:57:21,0xLawliette
2024-05-03 16:57:21,betdexlabs
2024-05-03 16:57:21,vzxJlLhRIv
2024-05-03 16:57:21,owen1v9
2024-05-03 16:57:21,LayerN_Official
2024-05-03 16:57:21,cryodao
2024-05-03 16:57:21,immutable
2024-05-03 16:57:21,d_gilz
2024-05-03 16:57:21,anduriltech
2024-05-03 16:57:21,u4X6lczRRX
2024-05-03 16:57:21,messaricrypto
2024-05-03 16:57:21,goodgamepodxyz
2024-05-03 16:57:21,lmrankhan
2024-05-03 16:57:21,nigeleccles
2024-05-03 16:57:21,dailybrd
2024-05-03 16:57:21,Tnut152707
2024-05-03 16:57:21,qwqiao
2024-05-03 16:57:21,LiveSquawk
2024-05-03 16:57:21,ASong408
2024-05-03 16:57:21,kelxyz_
2024-05-03 16:57:21,GTCapital_
2024-05-03 16:57:21,NumArchetypes
2024-05-03 16:57:21,Ethereum2077
2024-05-03 16:57:21,Teeznutz11
2024-05-03 16:57:21,eawosikaa
2024-05-03 16:57:21,dima_null
2024-05-03 16:57:21,Asymmetry_Fi
2024-05-08 17:07:37,muasIr0PuD
2024-05-08 17:07:37,delphi_ventures
2024-05-08 17:07:37,GUy99qMi2O
2024-05-08 17:07:37,bet_hog
2024-05-08 17:07:37,celestiaorg
2024-05-08 17:07:37,daofive
2024-05-08 17:07:37,RobinhoodApp
2024-05-08 17:07:37,delphi_labs
2024-05-08 17:07:37,ZeMariaMacedo
2024-05-08 17:07:37,arbitrum
2024-05-08 17:07:37,gpl_94
2024-05-08 17:07:37,vladtenev
2024-05-08 17:07:37,avax
2024-05-08 19:35:27,BlockchainRI
2024-05-08 19:35:27,Accenture
2024-05-08 19:35:27,Aryonchain
2024-05-08 19:35:27,CMT_Digital
2024-05-08 19:35:27,Columbia
2024-05-09 17:04:09,binji_x
2024-05-09 17:04:09,optimism
2024-05-09 17:04:09,0xPolygon
2024-05-09 17:04:09,coinbase
2024-05-09 17:04:09,MihailoBjelic
2024-05-10 16:10:36,WarcMeinstein
2024-05-10 16:10:36,lalleclausen
2024-05-10 16:10:36,MechanismCap
2024-05-10 16:10:36,1kxNetwork
2024-05-10 16:10:36,interndao
2024-05-15 13:41:06,shayne_coplan
2024-05-15 13:41:06,Polymarket
2024-05-15 13:41:06,nicdunz
2024-05-15 13:41:06,ojcP129At6
2024-05-15 13:41:06,decentrader
2024-05-15 13:41:06,AlchemyPlatform
2024-05-15 13:41:06,wvVNGX8BoO
2024-05-15 13:41:06,dIbqx0QC5u
2024-05-15 13:41:06,ProbablyNoam
2024-05-15 13:41:06,0xkatz
2024-05-15 13:41:06,QuiverQuant
2024-05-15 13:41:06,PositiveCrypto
2024-05-15 13:41:06,MikeIppolito_
2024-05-15 13:41:06,dankrad
2024-05-15 13:41:06,CryptoKoryo
2024-05-20 19:50:49,christianbowens
2024-05-20 19:50:49,paddlehq
2024-05-20 19:50:49,URozmej
2024-05-20 19:50:49,antiprosynth
2024-05-20 19:50:49,RainmakerCorp
2024-05-20 19:50:49,ADoricko
