2024-04-05 22:19:44,USConst_Amend_I
2024-04-05 22:19:44,da0_g0v_tw
2024-04-05 22:19:44,mikeneuder
2024-04-05 22:19:44,tracewoodgrains
2024-04-05 22:19:44,TheBARPod
2024-04-05 22:19:44,PrincetonCS
2024-04-05 22:19:44,DeBankDeFi
2024-04-05 22:19:44,_GuoLiu
2024-04-05 22:19:44,paibangzhu
2024-04-05 22:19:44,zc1rcjH2Z1
2024-04-05 22:19:44,X
2024-04-05 22:19:44,SocialBicycles
2024-04-05 22:19:44,zulandia_taiwan
2024-04-05 22:19:44,davidmanheim
2024-04-05 22:19:44,RADVACproject
2024-04-05 22:19:44,MattersLab
2024-04-05 22:19:44,alyriadefi
2024-04-05 22:19:44,hiabcdao
2024-04-05 22:19:44,megaeth_labs
2024-04-05 22:19:44,initc3org
2024-04-05 22:19:44,ipFMYGuR84
2024-04-05 22:19:44,CommunityNotes
2024-04-05 22:19:44,ryrzny
2024-04-05 22:19:44,zrwO0EA9DV
2024-04-05 22:19:44,arbitrum
2024-04-05 22:19:44,AiEleuther
2024-04-05 22:19:44,nocturne_xyz
2024-04-05 22:19:44,MIT
2024-04-05 22:19:44,Rabby_io
2024-04-05 22:19:44,kcvCV0IBJe
2024-04-05 22:19:44,base_rate_times
2024-04-05 22:19:44,ch402
2024-04-05 22:19:44,AISafetyMemes
2024-04-05 22:19:44,SpectraCities
2024-04-05 22:19:44,search?q=%24ETH&src=cashtag_click
2024-04-05 22:19:44,raiGXYGokV
2024-04-05 22:19:44,cornell_tech
2024-04-05 22:19:44,reflexerfinance
2024-04-05 22:19:44,vvntp6
2024-04-05 22:19:44,xBFdxthIAk
2024-04-05 22:19:44,EowynChen
2024-04-05 22:19:44,8Zi3EaJpVX
2024-04-05 22:19:44,distillpub
2024-04-05 22:19:44,deUETH
2024-04-05 22:19:44,PardeeRAND
2024-04-05 22:19:44,norabelrose
2024-04-05 22:19:44,ZupassProject
2024-04-05 22:19:44,ethereum
2024-04-05 22:19:44,brianeklein
2024-04-05 22:19:44,KakarotZkEvm
2024-04-05 22:19:44,KNfNgVeEd0
2024-04-05 22:19:44,trustwallet
2024-04-05 22:19:44,Mattersw3b
2024-04-05 22:19:44,RuxandraTeslo
2024-04-05 22:19:44,Logos_network
2024-04-05 22:19:44,e_annan24
2024-04-05 22:19:44,alter_org_il
2024-04-05 22:19:44,Waku_org
2024-04-05 22:19:44,TrustWallet
2024-04-05 22:19:44,solanastakehaus
2024-04-05 22:19:44,AnthropicAI
2024-04-05 22:19:44,khodorkovsky_en
2024-04-05 22:19:44,hotpot_dao
2024-04-05 22:19:44,rstormsf
2024-04-05 22:19:44,JitoKayumba
2024-04-05 22:19:44,yangl1996
2024-04-05 22:19:44,milos_888
2024-04-05 22:19:44,ND1MnHJetd
2024-04-05 22:19:44,HHichilema
2024-04-05 22:19:44,glukhovsky
2024-04-05 22:19:44,harvardhbs
2024-04-05 22:19:44,sgoldfed
2024-04-05 22:19:44,OffchainLabs
2024-04-05 22:19:44,_jaybaxter_
2024-04-05 22:19:44,superforecaster
2024-04-05 22:19:44,EDCON2024
2024-04-05 22:19:44,0xMilica
2024-04-05 22:19:44,F1wZbQuL77
2024-04-05 22:19:44,ethstatus
2024-04-05 22:19:44,P_Kallioniemi
2024-04-05 22:19:44,TechnionLive
2024-04-05 22:19:44,sangerinstitute
2024-04-05 22:19:44,0IjJGJOz1x
2024-04-05 22:19:44,yoavw
2024-04-08 16:40:24,glukhovsky
2024-04-08 16:40:24,yangl1996
2024-04-08 16:40:24,paibangzhu
2024-04-08 16:40:24,ND1MnHJetd
2024-04-08 16:40:24,USConst_Amend_I
2024-04-08 16:40:24,search?q=%24ETH&src=cashtag_click
2024-04-08 16:40:24,TrustWallet
2024-04-08 16:40:24,sangerinstitute
2024-04-08 16:40:24,milos_888
2024-04-08 16:40:24,vvntp6
2024-04-08 16:40:24,EowynChen
2024-04-08 16:40:24,xBFdxthIAk
2024-04-08 16:40:24,e_annan24
2024-04-08 16:40:24,brianeklein
2024-04-08 16:40:24,P_Kallioniemi
2024-04-08 16:40:24,MIT
2024-04-08 16:40:24,CommunityNotes
2024-04-08 16:40:24,tracewoodgrains
2024-04-08 16:40:24,AnthropicAI
2024-04-08 16:40:24,SpectraCities
2024-04-08 16:40:24,0xMilica
2024-04-08 16:40:24,hotpot_dao
2024-04-08 16:40:24,zc1rcjH2Z1
2024-04-08 16:40:24,KNfNgVeEd0
2024-04-08 16:40:24,khodorkovsky_en
2024-04-08 16:40:24,solanastakehaus
2024-04-08 16:40:24,Mattersw3b
2024-04-08 16:40:24,raiGXYGokV
2024-04-08 16:40:24,mikeneuder
2024-04-08 16:40:24,AISafetyMemes
2024-04-08 16:40:24,X
2024-04-08 16:40:24,EDCON2024
2024-04-08 16:40:24,harvardhbs
2024-04-08 16:40:24,Logos_network
2024-04-08 16:40:24,SocialBicycles
2024-04-08 16:40:24,hiabcdao
2024-04-08 16:40:24,rstormsf
2024-04-08 16:40:24,RuxandraTeslo
2024-04-08 16:40:24,distillpub
2024-04-08 16:40:24,yoavw
2024-04-08 16:40:24,RADVACproject
2024-04-08 16:40:24,0IjJGJOz1x
2024-04-08 16:40:24,zrwO0EA9DV
2024-04-08 16:40:24,reflexerfinance
2024-04-08 16:40:24,sgoldfed
2024-04-08 16:40:24,da0_g0v_tw
2024-04-08 16:40:24,_jaybaxter_
2024-04-08 16:40:24,zulandia_taiwan
2024-04-08 16:40:24,initc3org
2024-04-08 16:40:24,ethereum
2024-04-08 16:40:24,KakarotZkEvm
2024-04-08 16:40:24,arbitrum
2024-04-08 16:40:24,TheBARPod
2024-04-08 16:40:24,megaeth_labs
2024-04-08 16:40:24,norabelrose
2024-04-08 16:40:24,base_rate_times
2024-04-08 16:40:24,ch402
2024-04-08 16:40:24,8Zi3EaJpVX
2024-04-08 16:40:24,PrincetonCS
2024-04-08 16:40:24,Rabby_io
2024-04-08 16:40:24,OffchainLabs
2024-04-08 16:40:24,ZupassProject
2024-04-08 16:40:24,MattersLab
2024-04-08 16:40:24,Waku_org
2024-04-08 16:40:24,cornell_tech
2024-04-08 16:40:24,F1wZbQuL77
2024-04-08 16:40:24,_GuoLiu
2024-04-08 16:40:24,ipFMYGuR84
2024-04-08 16:40:24,DeBankDeFi
2024-04-08 16:40:24,Consensys
2024-04-08 16:40:24,deUETH
2024-04-08 16:40:24,ethstatus
2024-04-08 16:40:24,AiEleuther
2024-04-08 16:40:24,trustwallet
2024-04-08 16:40:24,nocturne_xyz
2024-04-08 16:40:24,ryrzny
2024-04-08 16:40:24,kcvCV0IBJe
2024-04-08 12:19:50,arbitrum
2024-04-08 12:19:50,P_Kallioniemi
2024-04-08 12:19:50,AiEleuther
2024-04-08 12:19:50,Rabby_io
2024-04-08 12:19:50,norabelrose
2024-04-08 12:19:50,trustwallet
2024-04-08 12:19:50,zrwO0EA9DV
2024-04-08 12:19:50,khodorkovsky_en
2024-04-08 12:19:50,sgoldfed
2024-04-08 12:19:50,megaeth_labs
2024-04-08 12:19:50,tracewoodgrains
2024-04-08 12:19:50,ethstatus
2024-04-08 12:19:50,_GuoLiu
2024-04-08 12:19:50,Waku_org
2024-04-08 12:19:50,DeBankDeFi
2024-04-08 12:19:50,PrincetonCS
2024-04-08 12:19:50,yangl1996
2024-04-08 12:19:50,TrustWallet
2024-04-08 12:19:50,OffchainLabs
2024-04-08 12:19:50,initc3org
2024-04-08 12:19:50,cornell_tech
2024-04-08 12:19:50,RuxandraTeslo
2024-04-08 12:19:50,sangerinstitute
2024-04-08 12:19:50,EowynChen
2024-04-08 12:19:50,ipFMYGuR84
2024-04-08 12:19:50,Logos_network
2024-04-08 12:19:50,zc1rcjH2Z1
2024-04-08 12:19:50,TheBARPod
2024-04-08 12:19:50,xBFdxthIAk
2024-04-08 12:19:50,paibangzhu
2024-04-08 12:19:50,ND1MnHJetd
2024-04-17 13:47:11,zrwO0EA9DV
2024-04-17 13:47:11,ND1MnHJetd
2024-04-17 13:47:11,SocialBicycles
2024-04-17 13:47:11,trustwallet
2024-04-17 13:47:11,citychampxyz
2024-04-17 13:47:11,8Zi3EaJpVX
2024-04-17 13:47:11,eawosikaa
2024-04-17 13:47:11,milos_888
2024-04-17 13:47:11,arbitrum
2024-04-17 13:47:11,rstormsf
2024-04-17 13:47:11,EowynChen
2024-04-17 13:47:11,meshmapxyz
2024-04-17 13:47:11,MattersLab
2024-04-17 13:47:11,AiEleuther
2024-04-17 13:47:11,sangerinstitute
2024-04-17 13:47:11,Mattersw3b
2024-04-17 13:47:11,kcvCV0IBJe
2024-04-17 13:47:11,Ethereum2077
2024-04-17 13:47:11,raiGXYGokV
2024-04-17 13:47:11,ZupassProject
2024-04-17 13:47:11,initc3org
2024-04-17 13:47:11,X
2024-04-17 13:47:11,vvntp6
2024-04-17 13:47:11,ethstatus
2024-04-17 13:47:11,solanastakehaus
2024-04-17 13:47:11,AnthropicAI
2024-04-17 13:47:11,yoavw
2024-04-17 13:47:11,megaeth_labs
2024-04-17 13:47:11,CommunityNotes
2024-04-17 13:47:11,e_annan24
2024-04-17 13:47:11,ipFMYGuR84
2024-04-17 13:47:11,hiabcdao
2024-04-17 13:47:11,distillpub
2024-04-17 13:47:11,glukhovsky
2024-04-17 13:47:11,cysic_xyz
2024-04-17 13:47:11,TrustWallet
2024-04-17 13:47:11,RADVACproject
2024-04-17 13:47:11,base_rate_times
2024-04-17 13:47:11,xBFdxthIAk
2024-04-17 13:47:11,da0_g0v_tw
2024-04-17 13:47:11,0IjJGJOz1x
2024-04-17 13:47:11,TheBARPod
2024-04-17 13:47:11,KakarotZkEvm
2024-04-17 13:47:11,USConst_Amend_I
2024-04-17 13:47:11,F1wZbQuL77
2024-04-17 13:47:11,cornell_tech
2024-04-17 13:47:11,MIT
2024-04-17 13:47:11,ABCDELabs
2024-04-17 13:47:11,Rabby_io
2024-04-17 13:47:11,OffchainLabs
2024-04-17 13:47:11,paibangzhu
2024-04-17 13:47:11,SpectraCities
2024-04-17 13:47:11,_zanzalu
2024-04-17 13:47:11,KNfNgVeEd0
2024-04-17 13:47:11,khodorkovsky_en
2024-04-17 13:47:11,P_Kallioniemi
2024-04-17 13:47:11,Waku_org
2024-04-17 13:47:11,sgoldfed
2024-04-17 13:47:11,ryrzny
2024-04-17 13:47:11,mikeneuder
2024-04-17 13:47:11,Logos_network
2024-04-17 13:47:11,ch402
2024-04-17 13:47:11,zc1rcjH2Z1
2024-04-17 13:47:11,_jaybaxter_
2024-04-17 13:47:11,deUETH
2024-04-17 13:47:11,reflexerfinance
2024-04-17 13:47:11,ethereum
2024-04-17 13:47:11,yangl1996
2024-04-17 13:47:11,PrincetonCS
2024-04-17 13:47:11,RuxandraTeslo
2024-04-17 13:47:11,brianeklein
2024-04-17 13:47:11,DeBankDeFi
2024-04-17 13:47:11,_GuoLiu
2024-04-17 13:47:11,cyodyssey
2024-04-17 13:47:11,norabelrose
2024-04-17 13:47:11,tracewoodgrains
2024-04-17 13:47:11,zulandia_taiwan
2024-05-03 17:02:42,thefireflyapp
2024-05-03 17:02:42,ai4allorg
2024-05-03 17:02:42,Stanford
2024-05-03 17:02:42,Vacp2p
2024-05-03 17:02:42,Emma_Pike_
2024-05-03 17:02:42,liquan_eth
2024-05-03 17:02:42,dfinity
2024-05-03 17:02:42,realmasknetwork
2024-05-03 17:02:42,MegaETH_labs
2024-05-03 17:02:42,aDHgEAe3zy
2024-05-03 17:02:42,pMEx2wbhDp
2024-05-03 17:02:42,drfeifei
2024-05-03 17:02:42,jimpo_potamus
2024-05-03 17:02:42,Nomos_tech
2024-05-03 17:02:42,gsrKI4nKVW
2024-05-03 17:02:42,MorphL2
2024-05-03 17:02:42,yilongl_megaeth
2024-05-03 17:02:42,Codex_storage
2024-05-03 17:02:42,bitfinitynet
2024-05-03 17:02:42,IrreducibleHW
2024-05-03 17:02:42,StanfordHAI
2024-05-03 17:02:42,snzholding
2024-05-08 17:13:44,mdc_martinus
2024-05-15 13:44:42,harvardhbs
2024-05-15 13:44:42,hotpot_dao
2024-05-15 13:44:42,Consensys
2024-05-15 13:44:42,search?q=%24ETH&src=cashtag_click
2024-05-15 13:44:42,0xbowio
