2024-04-05 21:03:42,homme0x
2024-04-05 21:03:42,drybonez94
2024-04-05 21:03:42,QcEMAPfZea
2024-04-05 21:03:42,AdamLeeBG
2024-04-05 21:03:42,fttLD2BVgo
2024-04-05 21:03:42,LeonSimons8
2024-04-05 21:03:42,cat_uccino
2024-04-05 21:03:42,CarlCannon
2024-04-05 21:03:42,newinternet_
2024-04-05 21:03:42,smokeythebera
2024-04-05 21:03:42,0xhoneyjar
2024-04-05 21:03:42,admcrlsn
2024-04-05 21:03:42,foundersfund
2024-04-05 21:03:42,astralflite
2024-04-05 21:03:42,FWCrypto_
2024-04-05 21:03:42,Jesseeckel
2024-04-05 21:03:42,The_HoneyCast
2024-04-05 21:03:42,AlexShin
2024-04-05 21:03:42,_blockbird
2024-04-05 21:03:42,bridge__harris
2024-04-05 21:03:42,0xoogabooga
2024-04-05 21:03:42,60711
2024-04-05 21:03:42,search?q=%24SPK&src=cashtag_click
2024-04-05 21:03:42,TimJDillon
2024-04-05 21:03:42,the_honeycast
2024-04-05 21:03:42,goth600
2024-04-05 21:03:42,gsg
2024-04-05 21:03:42,ursadomlabs
2024-04-05 21:03:42,Berachain
2024-04-05 21:03:42,midcurvemedia
2024-04-05 21:03:42,0xsparkie
2024-04-05 21:03:42,coinbase
2024-04-05 21:03:42,BobbyThakkar
2024-04-05 21:03:42,SxTintern
2024-04-05 21:03:42,StrongTowns
2024-04-05 21:03:42,BongBearsNFT
2024-04-05 21:03:42,kenodnb
2024-04-05 21:03:42,hashed_official
2024-04-05 21:03:42,artofinvest
2024-04-05 21:03:42,DuU6MMqcgQ
2024-04-05 21:03:42,berachain
2024-04-05 21:03:42,beracollective
2024-04-05 21:03:42,Beracollective
2024-04-05 21:03:42,whoiskevin
2024-04-05 21:03:42,Ape_31
2024-04-05 21:03:42,echodotxyz
2024-04-05 21:03:42,vrnt__
2024-04-05 21:03:42,Redistricter
2024-04-05 21:03:42,sparkdotfi
2024-04-05 21:03:42,Spotify
2024-04-05 21:03:42,teamblind
2024-04-05 21:03:42,MartinShkreli
2024-04-05 21:03:42,oMIiyJcIzk
2024-04-05 21:03:42,jito_sol
2024-04-05 21:03:42,perasandell
2024-04-05 21:03:42,spaceandtimedb
2024-04-05 21:03:42,itsdevbear
2024-04-05 21:03:42,69BE420
2024-04-05 21:03:42,JgStS3xzyb
2024-04-05 21:03:42,musingmadly
2024-04-05 21:03:42,buildabera
2024-04-05 21:03:42,trafalgar_group
2024-04-05 21:03:42,Peachorino
2024-04-05 21:03:42,krNC1e8QBC
2024-04-05 21:03:42,lzin5ByH0t
2024-04-05 21:03:42,Colin_d_m
2024-04-08 15:56:07,coinbase
2024-04-08 15:56:07,60711
2024-04-08 15:56:07,Beracollective
2024-04-08 15:56:07,jito_sol
2024-04-08 15:56:07,foundersfund
2024-04-08 15:56:07,0xoogabooga
2024-04-08 15:56:07,guardian
2024-04-08 15:56:07,proofofplay
2024-04-08 15:56:07,gsg
2024-04-08 15:56:07,AlexShin
2024-04-08 15:56:07,newinternet_
2024-04-08 15:56:07,search?q=%24SPK&src=cashtag_click
2024-04-08 15:56:07,midcurvemedia
2024-04-08 15:56:07,0xsparkie
2024-04-08 15:56:07,Berachain
2024-04-08 15:56:07,admcrlsn
2024-04-08 15:56:07,QcEMAPfZea
2024-04-08 15:56:07,astralflite
2024-04-08 15:56:07,TimJDillon
2024-04-08 15:56:07,Square
2024-04-08 15:56:07,lzin5ByH0t
2024-04-08 15:56:07,BongBearsNFT
2024-04-08 15:56:07,SxTintern
2024-04-08 15:56:07,fortunemagazine
2024-04-08 15:56:07,CashApp
2024-04-08 15:56:07,DuU6MMqcgQ
2024-04-08 15:56:07,ft
2024-04-08 15:56:07,aarp
2024-04-08 15:56:07,Ape_31
2024-04-08 15:56:07,Redistricter
2024-04-08 15:56:07,vrnt__
2024-04-08 15:56:07,StrongTowns
2024-04-08 15:56:07,artofinvest
2024-04-08 15:56:07,goth600
2024-04-08 15:56:07,Peachorino
2024-04-08 15:56:07,perasandell
2024-04-08 15:56:07,spaceandtimedb
2024-04-08 15:56:07,CarlCannon
2024-04-08 15:56:07,whoiskevin
2024-04-08 15:56:07,JgStS3xzyb
2024-04-08 15:56:07,AdamLeeBG
2024-04-08 15:56:07,LeonSimons8
2024-04-08 15:56:07,fern
2024-04-08 15:56:07,dazed
2024-04-08 15:56:07,Spotify
2024-04-08 15:56:07,bridge__harris
2024-04-08 15:56:07,Jesseeckel
2024-04-08 15:56:07,columbiajourn
2024-04-08 15:56:07,smokeythebera
2024-04-08 15:56:07,thedailybeast
2024-04-08 15:56:07,krNC1e8QBC
2024-04-08 15:56:07,Colin_d_m
2024-04-08 15:56:07,sparkdotfi
2024-04-08 15:56:07,teamblind
2024-04-08 15:56:07,BobbyThakkar
2024-04-08 15:56:07,oMIiyJcIzk
2024-04-08 15:56:07,hashed_official
2024-04-08 15:56:07,wired
2024-04-08 15:56:07,musingmadly
2024-04-08 15:56:07,MartinShkreli
2024-04-08 15:56:07,itsdevbear
2024-04-08 15:56:07,berachain
2024-04-08 15:56:07,kenodnb
2024-04-08 15:56:07,buildabera
2024-04-08 15:56:07,niamhrowe7
2024-04-08 15:56:07,_blockbird
2024-04-08 15:56:07,homme0x
2024-04-08 15:56:07,trafalgar_group
2024-04-08 15:56:07,cat_uccino
2024-04-08 15:56:07,The_HoneyCast
2024-04-08 15:56:07,piratenation
2024-04-08 15:56:07,fttLD2BVgo
2024-04-08 15:56:07,69BE420
2024-04-17 13:03:57,dyorcryptoapp
2024-04-17 13:03:57,Colin_d_m
2024-04-17 13:03:57,search?q=%24SPK&src=cashtag_click
2024-04-17 13:03:57,krNC1e8QBC
2024-04-17 13:03:57,smokeythebera
2024-04-17 13:03:57,jSTlkp5ILe
2024-04-17 13:03:57,QcEMAPfZea
2024-04-17 13:03:57,wired
2024-04-17 13:03:57,FindAudit
2024-04-17 13:03:57,hmalviya9
2024-04-17 13:03:57,StrongTowns
2024-04-17 13:03:57,artofinvest
2024-04-17 13:03:57,BongBearsNFT
2024-04-17 13:03:57,RenascenceLabs
2024-04-17 13:03:57,SolanaLegend
2024-04-17 13:03:57,kenodnb
2024-04-17 13:03:57,archwayHQ
2024-04-17 13:03:57,Rebuble
2024-04-17 13:03:57,CgUN5Xiivz
2024-04-17 13:03:57,ParticleNtwrk
2024-04-17 13:03:57,guardian
2024-04-17 13:03:57,bethebid
2024-04-17 13:03:57,columbiajourn
2024-04-17 13:03:57,midcurvemedia
2024-04-17 13:03:57,itsdevbear
2024-04-17 13:03:57,69BE420
2024-04-17 13:03:57,_Frictionless_
2024-04-17 13:03:57,aarp
2024-04-17 13:03:57,niamhrowe7
2024-04-17 13:03:57,teamblind
2024-04-17 13:03:57,9rNOhBeUSz
2024-04-17 13:03:57,lin_upbit
2024-04-17 13:03:57,rDzcdHFUG2
2024-04-17 13:03:57,fortunemagazine
2024-04-17 13:03:57,0xsparkie
2024-04-17 13:03:57,Square
2024-04-17 13:03:57,DuU6MMqcgQ
2024-04-17 13:03:57,hashed_official
2024-04-17 13:03:57,slackhq
2024-04-17 13:03:57,thedailybeast
2024-04-17 13:03:57,proofofplay
2024-04-17 13:03:57,Berachain
2024-04-17 13:03:57,0xhoneyjar
2024-04-17 13:03:57,fern
2024-04-17 13:03:57,dazed
2024-04-17 13:03:57,trendybaba_
2024-04-17 13:03:57,LeonSimons8
2024-04-17 13:03:57,intel
2024-04-17 13:03:57,IAPolls2022
2024-04-17 13:03:57,rudolf6_
2024-04-17 13:03:57,NodeOps_App
2024-04-17 13:03:57,Patrick_Bush_VE
2024-04-17 13:03:57,CarlCannon
2024-04-17 13:03:57,Jesseeckel
2024-04-17 13:03:57,OreSupply
2024-04-17 13:03:57,Ethereum
2024-04-17 13:03:57,DN_Founder
2024-04-17 13:03:57,InitCapital_
2024-04-17 13:03:57,DegenerateNews
2024-04-17 13:03:57,liCwOALlaa
2024-04-17 13:03:57,GearboxProtocol
2024-04-17 13:03:57,trafalgar_group
2024-04-17 13:03:57,Peachorino
2024-04-17 13:03:57,berachain
2024-04-17 13:03:57,HardhatChad
2024-04-17 13:03:57,lzin5ByH0t
2024-04-17 13:03:57,sparkdotfi
2024-04-17 13:03:57,Redistricter
2024-04-17 13:03:57,homme0x
2024-04-17 13:03:57,whatever
2024-04-17 13:03:57,oMIiyJcIzk
2024-04-17 13:03:57,monkeDAO
2024-04-17 13:03:57,piratenation
2024-04-17 13:03:57,astralflite
2024-04-17 13:03:57,CashApp
2024-04-17 13:03:57,bytes032
2024-04-17 13:03:57,ft
2024-04-17 13:03:57,0xjaypeg
2024-04-17 13:03:57,goth600
2024-04-17 13:03:57,AlexShin
2024-04-17 13:03:57,nillionnetwork
2024-04-17 13:03:57,MartinShkreli
2024-04-17 13:03:57,ctrlvmoney
2024-04-17 13:03:57,jito_sol
2024-04-17 13:03:57,vrnt__
2024-05-03 16:34:11,BeraChain
2024-05-03 16:34:11,eternaltilidie
2024-05-03 16:34:11,w9istJD0oD
2024-05-03 16:34:11,0xPolygonLabs
2024-05-03 16:34:11,coinbase
2024-05-03 16:34:11,lekker_cap
2024-05-03 16:34:11,interndao
2024-05-03 16:34:11,search?q=%24blob&src=cashtag_click
2024-05-03 16:34:11,search?q=%24ETH&src=cashtag_click
2024-05-03 16:34:11,VoteHubUS
2024-05-03 16:34:11,0xBobdbldr
2024-05-03 16:34:11,SyncracyCapital
2024-05-03 16:34:11,Berabot_
2024-05-03 16:34:11,NAVFinance_
2024-05-03 16:34:11,JDVance1
2024-05-03 16:34:11,0xSH0GUN
2024-05-03 16:34:11,0xresearch
2024-05-03 16:34:11,76X5TuwZ5e
2024-05-03 16:34:11,threesigmaxyz
2024-05-03 16:34:11,fazeclan
2024-05-03 16:34:11,PixelPalsAI
2024-05-03 16:34:11,madfes
2024-05-03 16:34:11,probablynothing
2024-05-03 16:34:11,berabodmons
2024-05-03 16:34:11,terminalNYC
2024-05-03 16:34:11,codingwithmanny
2024-05-03 16:34:11,MONProtocol
2024-05-03 16:34:11,beracore_
2024-05-03 16:34:11,DigitsCapital
2024-05-03 16:34:11,U308RM
2024-05-03 16:34:11,SerDAO_
2024-05-03 16:34:11,VcKnL0tBpo
2024-05-03 16:34:11,developer_dao
2024-05-03 16:34:11,EtchingsIO
2024-05-03 16:34:11,trading_axe
2024-05-03 16:34:11,ford
2024-05-03 16:34:11,Picolas_Caged
2024-05-03 16:34:11,internetvin
2024-05-03 16:34:11,RyanWatkins_
2024-05-03 16:34:11,ankr
2024-05-03 16:34:11,slamithard
2024-05-03 16:34:11,santabarbaralaw
2024-05-03 16:34:11,search?q=%24BTC&src=cashtag_click
2024-05-03 16:34:11,definitiveio
2024-05-03 16:34:11,blobfam1
2024-05-03 16:34:11,Farrell1969
2024-05-03 16:34:11,NoLackingCap
2024-05-03 16:34:11,clayrunhq
2024-05-03 16:34:11,Mick_O_Keeffe
2024-05-03 16:34:11,Banks
2024-05-03 16:34:11,newdemos_
2024-05-03 16:34:11,Lekker_Cap
2024-05-03 16:34:11,TreeTokenEth
2024-05-03 16:34:11,Berachain
2024-05-03 16:34:11,MessariCrypto
2024-05-03 16:34:11,shogunfi
2024-05-03 16:34:11,Ketamine_Cap
2024-05-03 16:34:11,GoldDefi
2024-05-03 16:34:11,BowTiedBobcat
2024-05-03 16:34:11,blockworksres
2024-05-03 16:34:11,qthomp
2024-05-03 16:34:11,HipCityReg
2024-05-03 16:34:11,hedged_
2024-05-03 16:34:11,Pixelmon
2024-05-03 16:34:11,mrrager_eth
2024-05-03 16:34:11,itszore
2024-05-03 16:34:11,carcasswater
2024-05-03 16:34:11,merkle_mev
2024-05-03 16:34:11,News_Of_Alpha
2024-05-03 16:34:11,ShaneBarratt
2024-05-03 16:34:11,sundeep
2024-05-03 16:34:11,_theopowers
2024-05-03 16:34:11,ivx_fi
2024-05-03 16:34:11,futurelandtv
2024-05-03 16:34:11,vmware
2024-05-03 16:34:11,berachain
2024-05-03 16:34:11,groqInc
2024-05-03 16:34:11,tripleboccaccio
2024-05-08 16:56:28,tomwanhh
2024-05-08 16:56:28,OiT2nJms3K
2024-05-08 16:56:28,charliekirk11
2024-05-08 16:56:28,holyn
2024-05-08 16:56:28,CirrusNFT
2024-05-08 16:56:28,LeviFinkelstein
2024-05-08 16:56:28,lethic1
2024-05-08 16:56:28,kindredventures
2024-05-08 16:56:28,geoffreyvs
2024-05-08 16:56:28,iapsAI
2024-05-08 16:56:28,WumboLabs
2024-05-08 16:56:28,hWO1mTDhKm
2024-05-08 16:56:28,JMU
2024-05-08 16:56:28,3RWO56sJNk
2024-05-08 16:56:28,TPUSA
2024-05-08 16:56:28,T5cifkyJTs
2024-05-08 16:56:28,terp_layer
2024-05-08 16:56:28,PhoenixTrades_
2024-05-08 16:56:28,GrandTokamak
2024-05-08 16:56:28,RethinkPriors
2024-05-08 16:56:28,FarsideUK
2024-05-08 16:56:28,fwbtweets
2024-05-08 16:56:28,aZA6cpie7N
2024-05-08 16:56:28,arcade_xyz
2024-05-08 16:56:28,followtheh
2024-05-08 16:56:28,Chainlink
2024-05-08 16:56:28,leoporuro
2024-05-08 16:56:28,TCUTBkmew8
2024-05-08 16:56:28,PplsCityCouncil
2024-05-08 16:56:28,Center4Politics
2024-05-08 16:56:28,9I81cWLewL
2024-05-08 16:56:28,theta_bv
2024-05-08 16:56:28,gianarikas
2024-05-08 16:56:28,rolllikearock
2024-05-08 16:56:28,peterwildeford
2024-05-08 16:56:28,RobinsonSpaceLA
2024-05-08 16:56:28,RCPolling
2024-05-08 16:56:28,pplscityprop
2024-05-08 16:56:28,NewsyJohnson
2024-05-08 16:56:28,21co__
2024-05-08 16:56:28,gen0m1cs
2024-05-08 16:56:28,UVA
2024-05-08 16:56:28,uranium_price
2024-05-08 16:56:28,FiveThirtyEight
2024-05-08 16:56:28,21Shares
2024-05-08 16:56:28,FeederRotation
2024-05-08 16:56:28,PhoenixNews_io
2024-05-08 16:56:28,twitter
2024-05-08 16:56:28,irbezek
2024-05-09 16:54:12,ps1sxRjegG
2024-05-09 16:54:12,delabsxyz
2024-05-09 16:54:12,macdegods
2024-05-09 16:54:12,farnamstreet
2024-05-09 16:54:12,0xArnav
2024-05-09 16:54:12,Dougielarge
2024-05-09 16:54:12,ChainlinkBull
2024-05-09 16:54:12,TheZellerfelds
2024-05-09 16:54:12,2HJimX1ANt
2024-05-09 16:54:12,tkppodcast
2024-05-09 16:54:12,intuitio_
2024-05-10 16:00:11,TezBera
2024-05-10 16:00:11,amelia_guertin
2024-05-10 16:00:11,CultOnBera
2024-05-10 16:00:11,Bera_Land
2024-05-10 16:00:11,pixiechess
2024-05-10 16:00:11,opy2avZPo8
2024-05-10 16:00:11,0xhoneyjar
2024-05-10 16:00:11,search?q=%24BGT&src=cashtag_click
2024-05-10 16:00:11,Trypta_bera
2024-05-10 16:00:11,paradigm
2024-05-10 16:00:11,rugdotfun
2024-05-10 16:00:11,kodiakfi
2024-05-10 16:00:11,miberamaker333
2024-05-10 16:00:11,zero_Jpegg
2024-05-10 16:00:11,ethanedwardrife
2024-05-10 16:00:11,nVCxvnHJtP
2024-05-10 16:00:11,The_HoneyCast
2024-05-10 16:00:11,remiliacorp333
2024-05-10 16:00:11,deepname99
2024-05-10 16:00:11,beradrome
2024-05-10 16:00:11,TheBullas_
2024-05-10 16:00:11,joshqharris
2024-05-10 16:00:11,gumilady
2024-05-10 16:00:11,Kingdomlyapp
2024-05-10 16:00:11,cathymcmorris
2024-05-10 16:00:11,0rhUFHxYO9
2024-05-10 16:00:11,Wishbone1111
2024-05-10 16:00:11,tokentax
2024-05-10 16:00:11,Stroopwafels4
2024-05-10 16:00:11,HouseCommerce
2024-05-10 16:00:11,888chivers
2024-05-15 13:30:34,dinaratech
2024-05-15 13:30:34,vladtenev
2024-05-15 13:30:34,dcg1114
2024-05-15 13:30:34,costplusdrugs
2024-05-15 13:30:34,0xPolygon
2024-05-15 13:30:34,heidichristne
2024-05-15 13:30:34,SamanthaVSchwab
2024-05-15 13:30:34,BeraHorses
2024-05-15 13:30:34,votehubus
2024-05-15 13:30:34,ChimpersLore
2024-05-15 13:30:34,j6C7jmUS1U
2024-05-15 13:30:34,lxeagle17
2024-05-15 13:30:34,Berasearch
2024-05-15 13:30:34,metebox
2024-05-15 13:30:34,jackmelnick_
2024-05-15 13:30:34,SplitTicket_
2024-05-15 13:30:34,merettm
2024-05-15 13:30:34,wkwrplGwLg
2024-05-15 13:30:34,cal
2024-05-15 13:30:34,saleh_digital
2024-05-15 13:30:34,btJLTOVSK6
2024-05-15 13:30:34,mcuban
2024-05-15 13:30:34,of_lyon68642
2024-05-15 13:30:34,HorribleDisgust
2024-05-15 13:30:34,RobinhoodApp
2024-05-15 13:30:34,NoralDeFi
2024-05-15 13:30:34,ChimpersAF
2024-05-15 13:30:34,peparbera
2024-05-15 13:30:34,oVDAXOr6Ha
2024-05-15 13:30:34,0xstrobe
2024-05-15 13:30:34,umichvoter
2024-05-15 13:30:34,Kalshi
2024-05-15 13:30:34,spice_finance
2024-05-15 13:30:34,EConstellation_
2024-05-15 13:30:34,chriswithans
2024-05-15 13:30:34,cam_perrault
2024-05-15 13:30:34,pixel_barney
2024-05-15 13:30:34,eeelistar
2024-05-15 13:30:34,staffpro11
2024-05-15 13:30:34,InfiniGods
2024-05-15 13:30:34,berahorses
2024-05-15 13:30:34,wally_hansen
2024-05-15 13:30:34,ramen_finance
2024-05-15 13:30:34,Anatanft
2024-05-15 13:30:34,Ramen_Finance
2024-05-15 13:30:34,pixels_online
2024-05-15 13:30:34,thechrisbuskirk
2024-05-15 13:30:34,ramenpolar
2024-05-15 13:30:34,ChimpersNFT
2024-05-15 13:30:34,hytopiagg
2024-05-15 13:30:34,Iru87brhdM
2024-05-15 13:30:34,Ronin_Network
2024-05-15 13:30:34,2170cell
2024-05-15 13:30:34,z_axis_capital
2024-05-15 13:30:34,TimpersHD
2024-05-15 13:30:34,StanfordGSB
2024-05-15 13:30:34,Play_Ember
2024-05-15 13:30:34,1789Capital
2024-05-20 19:40:15,VpzBKeEO89
2024-05-20 19:40:15,yesmoney420
2024-05-20 19:40:15,0xCygaar
2024-05-20 19:40:15,search?q=%24SLERF&src=cashtag_click
2024-05-20 19:40:15,AmericaFrontier
2024-05-20 19:40:15,valerio_eth
2024-05-20 19:40:15,CossingtonBear
2024-05-20 19:40:15,GoldMiningInc
2024-05-20 19:40:15,digitalpowerus
2024-05-20 19:40:15,NorjackNC
2024-05-20 19:40:15,remintreality
2024-05-20 19:40:15,DigitalChamber
2024-05-20 19:40:15,taylorjbarr
2024-05-20 19:40:15,penguild
2024-05-20 19:40:15,ZBOQb0dUqP
2024-05-20 19:40:15,STACCoverflow
2024-05-20 19:40:15,cmorehouse10
2024-05-20 19:40:15,FortuneMagazine
2024-05-20 19:40:15,alumniUBC
2024-05-20 19:40:15,SloCan68
2024-05-20 19:40:15,normiliobase
2024-05-20 19:40:15,UraniumEnergy
2024-05-20 19:40:15,I46zUzG9LM
2024-05-20 19:40:15,Uplink_xyz
2024-05-20 19:40:15,Exponents_Fi
2024-05-20 19:40:15,sejorg
2024-05-20 19:40:15,search?q=%24PEPE&src=cashtag_click
2024-05-20 19:40:15,POLITICOPro
2024-05-20 19:40:15,pumpdotfun
2024-05-20 19:40:15,KaminoFinance
2024-05-20 19:40:15,eoA0hipYHc
2024-05-20 19:40:15,AmirAdnani
2024-05-20 19:40:15,stevedaines
2024-05-20 19:40:15,politico
2024-05-20 19:40:15,cnlf930HLd
2024-05-20 19:40:15,frame_xyz
2024-05-20 19:40:15,ReubenR80027912
2024-05-20 19:40:15,search?q=%24MOG&src=cashtag_click
2024-05-20 19:40:15,a1lon9
2024-05-20 19:40:15,ryanology045
2024-05-20 19:40:15,retiredroadman
2024-05-20 19:40:15,BaselineMarkets
2024-05-20 19:40:15,blast_l2
2024-05-20 19:40:15,MocaverseNFT
2024-05-20 19:40:15,capnek123
2024-05-20 19:40:15,patrickadownes
2024-05-20 19:40:15,Steve_Sailer
2024-05-20 19:40:15,proteccxyz
2024-05-20 19:40:15,wardaddycapital
2024-05-20 19:40:15,CarlosLeiSantos
