2024-04-05 20:51:21,cmsholdings
2024-04-05 20:51:21,BTCBuildersPod
2024-04-05 20:51:21,Cryptanzee
2024-04-05 20:51:21,CoinJazeera
2024-04-05 20:51:21,officialmcafee
2024-04-05 20:51:21,AIBreakdownPod
2024-04-05 20:51:21,realbedford
2024-04-05 20:51:21,OGSAK3LgTF
2024-04-05 20:51:21,ThinkingUSD
2024-04-05 20:51:21,7bvAkxDUIw
2024-04-05 20:51:21,MelissaLeeCNBC
2024-04-05 20:51:21,wW6gpkUaJY
2024-04-05 20:51:21,Primeapecap
2024-04-05 20:51:21,whatbitcoindid
2024-04-05 20:51:21,PeterMcCormack
2024-04-05 20:51:21,sLA5z37pIJ
2024-04-05 20:51:21,Probesats
2024-04-05 20:51:21,rekt
2024-04-05 20:51:21,nlw
2024-04-05 20:51:21,BitMEXResearch
2024-04-05 20:51:21,BitMEX
2024-04-05 20:51:21,CryptoHayes
2024-04-05 20:51:21,CNBC
2024-04-05 20:51:21,MaelstromFund
2024-04-05 20:51:21,Nouriel
2024-04-05 20:51:21,insilicotrading
2024-04-05 20:51:21,BreakdownNLW
2024-04-05 20:51:21,pgRGU9CuKE
2024-04-05 20:51:21,TrystanNFT
2024-04-05 20:51:21,100xGroup
2024-04-05 20:51:21,CNBCFastMoney
2024-04-08 15:49:43,Probesats
2024-04-08 15:49:43,BTCBuildersPod
2024-04-08 15:49:43,whatbitcoindid
2024-04-08 15:49:43,PeterMcCormack
2024-04-08 15:49:43,7bvAkxDUIw
2024-04-08 15:49:43,sLA5z37pIJ
2024-04-08 15:49:43,CNBC
2024-04-08 15:49:43,CNBCFastMoney
2024-04-08 15:49:43,realbedford
2024-04-08 15:49:43,ThinkingUSD
2024-04-08 15:49:43,BitMEXResearch
2024-04-08 15:49:43,CoinJazeera
2024-04-08 15:49:43,RektisBased
2024-04-08 15:49:43,Cryptanzee
2024-04-08 15:49:43,cmsholdings
2024-04-08 15:49:43,TrystanNFT
2024-04-08 15:49:43,rekt
2024-04-08 15:49:43,BitMEX
2024-04-08 15:49:43,AIBreakdownPod
2024-04-08 15:49:43,MelissaLeeCNBC
2024-04-08 15:49:43,officialmcafee
2024-04-08 15:49:43,pgRGU9CuKE
2024-04-08 15:49:43,MaelstromFund
2024-04-08 15:49:43,BreakdownNLW
2024-04-08 15:49:43,100xGroup
2024-04-08 15:49:43,OGSAK3LgTF
2024-04-08 15:49:43,CryptoHayes
2024-04-08 15:49:43,Nouriel
2024-04-08 15:49:43,nlw
2024-04-08 15:49:43,insilicotrading
2024-04-08 15:49:43,Primeapecap
2024-04-17 12:56:49,CryptoHayes
2024-04-17 12:56:49,AIBreakdownPod
2024-04-17 12:56:49,pgRGU9CuKE
2024-04-17 12:56:49,BitMEX
2024-04-17 12:56:49,Nouriel
2024-04-17 12:56:49,besuper_ai
2024-04-17 12:56:49,RektisBased
2024-04-17 12:56:49,OGSAK3LgTF
2024-04-17 12:56:49,cmsholdings
2024-04-17 12:56:49,Cryptanzee
2024-04-17 12:56:49,nlw
2024-04-17 12:56:49,ThinkingUSD
2024-04-17 12:56:49,whatbitcoindid
2024-04-17 12:56:49,CNBCFastMoney
2024-04-17 12:56:49,BreakdownNLW
2024-04-17 12:56:49,rekt
2024-04-17 12:56:49,insilicotrading
2024-04-17 12:56:49,CoinJazeera
2024-04-17 12:56:49,CNBC
2024-04-17 12:56:49,realbedford
2024-04-17 12:56:49,Probesats
2024-04-17 12:56:49,100xGroup
2024-04-17 12:56:49,7bvAkxDUIw
2024-04-17 12:56:49,PeterMcCormack
2024-04-17 12:56:49,BitMEXResearch
2024-04-17 12:56:49,MaelstromFund
2024-04-17 12:56:49,Primeapecap
2024-04-17 12:56:49,TrystanNFT
2024-04-17 12:56:49,b2ZRopZYAX
2024-04-17 12:56:49,MelissaLeeCNBC
2024-04-17 12:56:49,officialmcafee
2024-05-03 16:26:00,besuper_ai
2024-05-03 16:26:00,CryptoHayes
2024-05-03 16:26:00,OGSAK3LgTF
2024-05-03 16:26:00,CNBC
2024-05-03 16:26:00,Cryptanzee
2024-05-03 16:26:00,CoinJazeera
2024-05-03 16:26:00,ThinkingUSD
2024-05-03 16:26:00,BreakdownNLW
2024-05-03 16:26:00,pgRGU9CuKE
2024-05-03 16:26:00,MelissaLeeCNBC
2024-05-03 16:26:00,officialmcafee
2024-05-03 16:26:00,whatbitcoindid
2024-05-03 16:26:00,BitMEXResearch
2024-05-03 16:26:00,altean11
2024-05-03 16:26:00,100xGroup
2024-05-03 16:26:00,insilicotrading
2024-05-03 16:26:00,cmsholdings
2024-05-03 16:26:00,AIBreakdownPod
2024-05-03 16:26:00,CNBCFastMoney
2024-05-03 16:26:00,Nouriel
2024-05-03 16:26:00,7bvAkxDUIw
2024-05-03 16:26:00,nlw
2024-05-03 16:26:00,PeterMcCormack
2024-05-03 16:26:00,TrystanNFT
2024-05-03 16:26:00,rekt
2024-05-03 16:26:00,MaelstromFund
2024-05-03 16:26:00,learncap
2024-05-03 16:26:00,realbedford
2024-05-03 16:26:00,BitMEX
2024-05-03 16:26:00,RektisBased
2024-05-09 16:51:53,AIDailyBrief
2024-05-15 13:28:28,7bvAkxEsy4
