2024-04-05 23:34:50,onchainden
2024-04-05 23:34:50,cPiVWCDEbE
2024-04-05 23:34:50,MaRSDD
2024-04-05 23:34:50,infuseprogram
2024-04-05 23:34:50,amandatums
2024-04-05 23:34:50,vishalmisra
2024-04-05 23:34:50,heyBarsee
2024-04-05 23:34:50,PropyInc
2024-04-05 23:34:50,VerakInsurance
2024-04-05 23:34:50,doodles
2024-04-05 23:34:50,OuroborosCap8
2024-04-05 23:34:50,lorimer_jenkins
2024-04-05 23:34:50,jpmorgan
2024-04-05 23:34:50,PunchbowlNews
2024-04-05 23:34:50,zachpumpit
2024-04-05 23:34:50,JBzpu58Gx6
2024-04-05 23:34:50,ournetwork__
2024-04-05 23:34:50,willrobinson23
2024-04-05 23:34:50,fiveoutofnine
2024-04-05 23:34:50,thedianaberman
2024-04-05 23:34:50,CommunityLabs
2024-04-05 23:34:50,leoburnett
2024-04-05 23:34:50,lcopere
2024-04-05 23:34:50,thehugxyz
2024-04-05 23:34:50,EspressoSys
2024-04-05 23:34:50,fund_defi
2024-04-05 23:34:50,madlads
2024-04-05 23:34:50,KTX_finance
2024-04-05 23:34:50,creeefs
2024-04-05 23:34:50,KTHuniversity
2024-04-05 23:34:50,bitcoinlayers
2024-04-05 23:34:50,wef
2024-04-05 23:34:50,Google
2024-04-05 23:34:50,Livepeer
2024-04-05 23:34:50,gudandevol
2024-04-05 23:34:50,HuggingFace
2024-04-05 23:34:50,Stripe
2024-04-05 23:34:50,healyjamesf
2024-04-05 23:34:50,catoinstitute
2024-04-05 23:34:50,OuroResearch
2024-04-05 23:34:50,Jim_Harper
2024-04-05 23:34:50,politico
2024-04-05 23:34:50,hey_zayi
2024-04-05 23:34:50,juliexu_
2024-04-05 23:34:50,bitcoinrollups
2024-04-05 23:34:50,Sony_Innov_Fund
2024-04-05 23:34:50,1kxnetwork
2024-04-05 23:34:50,shanvasion
2024-04-05 23:34:50,ArianeeProject
2024-04-05 23:34:50,DefiantNews
2024-04-05 23:34:50,rE466HFASP
2024-04-05 23:34:50,ofernau
2024-04-05 23:34:50,patrickc
2024-04-05 23:34:50,Centralelille
2024-04-05 23:34:50,Columbia_biz
2024-04-05 23:34:50,boysclubworld
2024-04-05 23:34:50,politicomag
2024-04-05 23:34:50,Accenture
2024-04-05 23:34:50,iyk_app
2024-04-05 23:34:50,techdirt
2024-04-05 23:34:50,Equilibriafi
2024-04-05 23:34:50,randizuckerberg
2024-04-05 23:34:50,austin_hurwitz
2024-04-05 23:34:50,ceidotorg
2024-04-05 23:34:50,Insurance_Dekho
2024-04-05 23:34:50,WunThompson
2024-04-05 23:34:50,NataliePropy
2024-04-05 23:34:50,search?q=%24PRO&src=cashtag_click
2024-04-05 23:34:50,BigThink
2024-04-05 23:34:50,nickparis3
2024-04-05 23:34:50,Cartainc
2024-04-05 23:34:50,debsoon
2024-04-05 23:34:50,TheDailyBeast
2024-04-05 23:34:50,financecanada
2024-04-05 23:34:50,unstoppableweb
2024-04-05 23:34:50,chainlink
2024-04-05 23:34:50,Rahul_J_Mathur
2024-04-05 23:34:50,politicongress
2024-04-05 23:34:50,LazimAslam
2024-04-05 23:34:50,DrTechlash
2024-04-05 23:34:50,CampbellJAustin
2024-04-05 23:34:50,Qimeiluo
2024-04-05 23:34:50,cwolferesearch
2024-04-05 23:34:50,ArcInstitute
2024-04-05 23:34:50,optimalab1
2024-04-05 23:34:50,RebuyEngine
2024-04-05 23:34:50,agfviggiano
2024-04-05 23:34:50,IBM
2024-04-05 23:34:50,Cognizant
2024-04-05 23:34:50,SageAI_
2024-04-05 23:34:50,DianacBiggs
2024-04-05 23:34:50,JulianGilliam
2024-04-05 23:34:50,citi
2024-04-05 23:34:50,waterfall_mkt
2024-04-05 23:34:50,AEI
2024-04-05 23:34:50,getreconxyz
2024-04-05 23:34:50,MetaLawMan
2024-04-05 23:34:50,ELINDIO69
2024-04-05 23:34:50,USC
2024-04-05 23:34:50,backpack
2024-04-05 23:34:50,curta_ctf
2024-04-05 23:34:50,search?q=%24COIN&src=cashtag_click
2024-04-05 23:34:50,TechPolicyPress
2024-04-05 23:34:50,ClementDelangue
2024-04-05 23:34:50,rethinktalks
2024-04-05 23:34:50,Sony
2024-04-05 23:34:50,goodentrylabs
2024-04-05 23:34:50,BTCFoundation
2024-04-05 23:34:50,januszg_
2024-04-05 23:34:50,ItsAJThomas
2024-04-05 23:34:50,RDNTCapital
2024-04-05 23:34:50,espressosys
2024-04-05 23:34:50,havas
2024-04-05 23:34:50,paxos
2024-04-05 23:34:50,benafisch
2024-04-08 17:23:34,creeefs
2024-04-08 17:23:34,Stripe
2024-04-08 17:23:34,amandatums
2024-04-08 17:23:34,CRED_club
2024-04-08 17:23:34,1kxnetwork
2024-04-08 17:23:34,thedianaberman
2024-04-08 17:23:34,TheDailyBeast
2024-04-08 17:23:34,optimalab1
2024-04-08 17:23:34,ArianeeProject
2024-04-08 17:23:34,goodentrylabs
2024-04-08 17:23:34,catoinstitute
2024-04-08 17:23:34,fiveoutofnine
2024-04-08 17:23:34,Sony_Innov_Fund
2024-04-08 17:23:34,benafisch
2024-04-08 17:23:34,AEI
2024-04-08 17:23:34,MetaLawMan
2024-04-08 17:23:34,cPiVWCDEbE
2024-04-08 17:23:34,debsoon
2024-04-08 17:23:34,Google
2024-04-08 17:23:34,ofernau
2024-04-08 17:23:34,rE466HFASP
2024-04-08 17:23:34,gudandevol
2024-04-08 17:23:34,havas
2024-04-08 17:23:34,JBzpu58Gx6
2024-04-08 17:23:34,WunThompson
2024-04-08 17:23:34,Centralelille
2024-04-08 17:23:34,lcopere
2024-04-08 17:23:34,leoburnett
2024-04-08 17:23:34,Accenture
2024-04-08 17:23:34,politicomag
2024-04-08 17:23:34,miten
2024-04-08 17:23:34,techdirt
2024-04-08 17:23:34,zachpumpit
2024-04-08 17:23:34,rethinktalks
2024-04-08 17:23:34,CommunityLabs
2024-04-08 17:23:34,monagandhi
2024-04-08 17:23:34,RebuyEngine
2024-04-08 17:23:34,TechPolicyPress
2024-04-08 17:23:34,OpenAI
2024-04-08 17:23:34,KTX_finance
2024-04-08 17:23:34,ceidotorg
2024-04-08 17:23:34,DianacBiggs
2024-04-08 17:23:34,agfviggiano
2024-04-08 17:23:34,citi
2024-04-08 17:23:34,lorimer_jenkins
2024-04-08 17:23:34,bradlightcap
2024-04-08 17:23:34,lzin5ByH0t
2024-04-08 17:23:34,grifter400
2024-04-08 17:23:34,Rahul_J_Mathur
2024-04-08 17:23:34,SageAI_
2024-04-08 17:23:34,VerakInsurance
2024-04-08 17:23:34,OuroResearch
2024-04-08 17:23:34,NataliePropy
2024-04-08 17:23:34,onchainden
2024-04-08 17:23:34,PunchbowlNews
2024-04-08 17:23:34,RichardSSutton
2024-04-08 17:23:34,politicongress
2024-04-08 17:23:34,Cognizant
2024-04-08 17:23:34,thehugxyz
2024-04-08 17:23:34,espressosys
2024-04-08 17:23:34,DuU6MMqcgQ
2024-04-08 17:23:34,financecanada
2024-04-08 17:23:34,USC
2024-04-08 17:23:34,boysclubworld
2024-04-08 17:23:34,ArcInstitute
2024-04-08 17:23:34,hey_zayi
2024-04-08 17:23:34,EspressoSys
2024-04-08 17:23:34,willrobinson23
2024-04-08 17:23:34,Insurance_Dekho
2024-04-08 17:23:34,ClementDelangue
2024-04-08 17:23:34,ItsAJThomas
2024-04-08 17:23:34,HuggingFace
2024-04-08 17:23:34,unstoppableweb
2024-04-08 17:23:34,wef
2024-04-08 17:23:34,Jim_Harper
2024-04-08 17:23:34,ELINDIO69
2024-04-08 17:23:34,cwolferesearch
2024-04-08 17:23:34,bitcoinrollups
2024-04-08 17:23:34,DrTechlash
2024-04-08 17:23:34,Livepeer
2024-04-08 17:23:34,virginia_tech
2024-04-08 17:23:34,ournetwork__
2024-04-08 17:23:34,MaRSDD
2024-04-08 17:23:34,iyk_app
2024-04-08 17:23:34,shanvasion
2024-04-08 17:23:34,politico
2024-04-08 17:23:34,OuroborosCap8
2024-04-08 17:23:34,BTCFoundation
2024-04-08 17:23:34,heyBarsee
2024-04-08 17:23:34,backpack
2024-04-08 17:23:34,nickparis3
2024-04-08 17:23:34,jpmorgan
2024-04-08 17:23:34,DefiantNews
2024-04-08 17:23:34,search?q=%24COIN&src=cashtag_click
2024-04-08 17:23:34,search?q=%24PRO&src=cashtag_click
2024-04-08 17:23:34,KTHuniversity
2024-04-08 17:23:34,randizuckerberg
2024-04-08 17:23:34,chainlink
2024-04-08 17:23:34,Cartainc
2024-04-08 17:23:34,oMIiyJcIzk
2024-04-08 17:23:34,madlads
2024-04-08 17:23:34,patrickc
2024-04-08 17:23:34,januszg_
2024-04-08 17:23:34,MartinShkreli
2024-04-08 17:23:34,Qimeiluo
2024-04-08 17:23:34,RDNTCapital
2024-04-08 17:23:34,JulianGilliam
2024-04-08 17:23:34,BigThink
2024-04-08 17:23:34,Sony
2024-04-08 17:23:34,healyjamesf
2024-04-08 17:23:34,vishalmisra
2024-04-08 17:23:34,bitcoinlayers
2024-04-08 17:23:34,doodles
2024-04-08 17:23:34,PropyInc
2024-04-08 17:23:34,IBM
2024-04-08 17:23:34,LazimAslam
2024-04-08 17:23:34,paxos
2024-04-08 17:23:34,CampbellJAustin
2024-04-08 17:23:34,Equilibriafi
2024-04-08 17:23:34,getreconxyz
2024-04-08 17:23:34,fund_defi
2024-04-08 17:23:34,Columbia_biz
2024-04-08 17:23:34,juliexu_
2024-04-08 17:23:34,austin_hurwitz
2024-04-17 14:30:56,afternoondelete
2024-04-17 14:30:56,0xTyllen
2024-04-17 14:30:56,PropyInc
2024-04-17 14:30:56,doodles
2024-04-17 14:30:56,politicongress
2024-04-17 14:30:56,0nDBZ5vACy
2024-04-17 14:30:56,lightshift_xyz
2024-04-17 14:30:56,DigitalChamber
2024-04-17 14:30:56,NCCommerce
2024-04-17 14:30:56,grifter400
2024-04-17 14:30:56,heyBarsee
2024-04-17 14:30:56,fund_defi
2024-04-17 14:30:56,IBM
2024-04-17 14:30:56,dlubarov
2024-04-17 14:30:56,HarvardHBS
2024-04-17 14:30:56,EPFL
2024-04-17 14:30:56,OWyPJw7Phs
2024-04-17 14:30:56,RebuyEngine
2024-04-17 14:30:56,HeyAmandaRusso
2024-04-17 14:30:56,HuggingFace
2024-04-17 14:30:56,zachpumpit
2024-04-17 14:30:56,subvisual
2024-04-17 14:30:56,NiskanenCenter
2024-04-17 14:30:56,ELINDIO69
2024-04-17 14:30:56,_bfarmer
2024-04-17 14:30:56,Sony
2024-04-17 14:30:56,PunchbowlNews
2024-04-17 14:30:56,SenatorSinema
2024-04-17 14:30:56,UChicagoCEG
2024-04-17 14:30:56,aoTheVentures
2024-04-17 14:30:56,lorimer_jenkins
2024-04-17 14:30:56,SageAI_
2024-04-17 14:30:56,CodeforAmerica
2024-04-17 14:30:56,search?q=%24PRO&src=cashtag_click
2024-04-17 14:30:56,thedianaberman
2024-04-17 14:30:56,tryolabs
2024-04-17 14:30:56,politicomag
2024-04-17 14:30:56,OpenAI
2024-04-17 14:30:56,HBSCryptoClub
2024-04-17 14:30:56,RichardSSutton
2024-04-17 14:30:56,rE466HFASP
2024-04-17 14:30:56,0xPolygonZero
2024-04-17 14:30:56,FAScientists
2024-04-17 14:30:56,DianacBiggs
2024-04-17 14:30:56,DuU6MMqcgQ
2024-04-17 14:30:56,maximelabonne
2024-04-17 14:30:56,CommunityLabs
2024-04-17 14:30:56,NataliePropy
2024-04-17 14:30:56,ClementDelangue
2024-04-17 14:30:56,USDS
2024-04-17 14:30:56,0xPolygon
2024-04-17 14:30:56,Microsoft
2024-04-17 14:30:56,Cryptolina
2024-04-17 14:30:56,optimalab1
2024-04-17 14:30:56,cwolferesearch
2024-04-17 14:30:56,decipad
2024-04-17 14:30:56,loi_luu
2024-04-17 14:30:56,1kxnetwork
2024-04-17 14:30:56,hakangurel
2024-04-17 14:30:56,pahlkadot
2024-04-17 14:30:56,Cognizant
2024-04-17 14:30:56,fiveoutofnine
2024-04-17 14:30:56,ItsAJThomas
2024-04-17 14:30:56,NC_Blockchain
2024-04-17 14:30:56,DanSpuller
2024-04-17 14:30:56,amandatums
2024-04-17 14:30:56,Accenture
2024-04-17 14:30:56,DigitalFuture
2024-04-17 14:30:56,BlockchainAssn
2024-04-17 14:30:56,rmdmac
2024-04-17 14:30:56,SenLummis
2024-04-17 14:30:56,VerakInsurance
2024-04-17 14:30:56,FinancialCaucus
2024-04-17 14:30:56,Rahul_J_Mathur
2024-04-17 14:30:56,MetaLawMan
2024-04-17 14:30:56,lzin5ByH0t
2024-04-17 14:30:56,Utrust
2024-04-17 14:30:56,vishalmisra
2024-04-17 14:30:56,harvard
2024-04-17 14:30:56,JBzpu58Gx6
2024-04-17 14:30:56,Meta
2024-04-17 14:30:56,oMIiyJcIzk
2024-04-17 14:30:56,bradlightcap
2024-04-17 14:30:56,AzizAngari
2024-04-17 14:30:56,politico
2024-04-17 14:30:56,POLITICOMag
2024-04-17 14:30:56,USDResponse
2024-04-17 14:30:56,epflcdm
2024-04-17 14:30:56,UniswapFND
2024-04-17 14:30:56,nEblA9QUCF
2024-04-17 14:30:56,Q8victWUmR
2024-04-17 14:30:56,search?q=%24COIN&src=cashtag_click
2024-04-17 14:30:56,austin_hurwitz
2024-04-17 14:30:56,MartinShkreli
2024-04-17 14:30:56,LazimAslam
2024-04-17 14:30:56,Amazon
2024-04-17 14:30:56,Insurance_Dekho
2024-04-17 14:30:56,sebagon
2024-05-03 17:19:43,panekkkk
2024-05-03 17:19:43,avax
2024-05-03 17:19:43,RepAdamSchiff
2024-05-03 17:19:43,delphi_labs
2024-05-03 17:19:43,simonschuster
2024-05-03 17:19:43,JoshCStein
2024-05-03 17:19:43,k0zKRqpdx7
2024-05-03 17:19:43,6oBZZBkFJw
2024-05-03 17:19:43,EmoryLaw
2024-05-03 17:19:43,CelestiaOrg
2024-05-03 17:19:43,zkSync
2024-05-03 17:19:43,yS0B5UMBAv
2024-05-03 17:19:43,AndoniOlta
2024-05-03 17:19:43,DemonDeacons
2024-05-03 17:19:43,CallMeLatasha
2024-05-03 17:19:43,rarible
2024-05-03 17:19:43,Snap
2024-05-03 17:19:43,ZeMariaMacedo
2024-05-03 17:19:43,InnovateEconomy
2024-05-03 17:19:43,SpeakerPelosi
2024-05-03 17:19:43,PaymanAI
2024-05-03 17:19:43,NanaMurugesan
2024-05-03 17:19:43,nft_leen
2024-05-03 17:19:43,carlosdomingo
2024-05-03 17:19:43,TopiaTV
2024-05-03 17:19:43,izebel_eth
2024-05-03 17:19:43,jacobhelberg
2024-05-03 17:19:43,AllianceDAO
2024-05-03 17:19:43,Google
2024-05-03 17:19:43,hCbAbsNNbh
2024-05-03 17:19:43,flow_blockchain
2024-05-03 17:19:43,mfigge
2024-05-03 17:19:43,Lauramaywendel
2024-05-03 17:19:43,rollcall
2024-05-03 17:19:43,RSI
2024-05-03 17:19:43,LauraEdelson2
2024-05-03 17:19:43,By0rSDEyp1
2024-05-03 17:19:43,thehill
2024-05-03 17:19:43,busscholarship
2024-05-03 17:19:43,elicalebon
2024-05-03 17:19:43,ZFMIdCppoH
2024-05-03 17:19:43,coinmetrics
2024-05-03 17:19:43,16sVCzCgcd
2024-05-03 17:19:43,Coinbase
2024-05-03 17:19:43,RollkitDev
2024-05-03 17:19:43,niju_h
2024-05-03 17:19:43,yale
2024-05-03 17:19:43,EE2Hbu41L0
2024-05-03 17:19:43,UniswapFDN
2024-05-03 17:19:43,pennlaw
2024-05-03 17:19:43,enclavemarkets
2024-05-03 17:19:43,EjVNqGjuB2
2024-05-03 17:19:43,MattCorva
2024-05-03 17:19:43,ReutersPolitics
2024-05-03 17:19:43,TravisScher
2024-05-03 17:19:43,LettieriDC
2024-05-03 17:19:43,yugalabs
2024-05-03 17:19:43,HoffProf
2024-05-03 17:19:43,oHmwh3yRXc
2024-05-03 17:19:43,laurabrooksie1
2024-05-03 17:19:43,uscc_gov
2024-05-03 17:19:43,PalantirTech
2024-05-03 17:19:43,developer_dao
2024-05-03 17:19:43,Ethereum2077
2024-05-03 17:19:43,delphi_ventures
2024-05-03 17:19:43,CryptoTaxGuyETH
2024-05-03 17:19:43,akjennings
2024-05-03 17:19:43,NorthIslandVC
2024-05-03 17:19:43,ConsenSys
2024-05-03 17:19:43,standardcrypto
2024-05-03 17:19:43,hare_eth
2024-05-03 17:19:43,10KTFShop
2024-05-03 17:19:43,eawosikaa
2024-05-03 17:19:43,consensys
2024-05-03 17:19:43,VzloBwmpNi
2024-05-08 17:28:53,RSSH273
2024-05-08 17:28:53,pFe9KmNu9U
2024-05-08 17:28:53,join_royal
2024-05-08 17:28:53,atreidesmgmt
2024-05-08 17:28:53,mxcl
2024-05-08 17:28:53,paradigm
2024-05-08 17:28:53,GavinSBaker
2024-05-08 17:28:53,CooleyLLP
2024-05-08 17:28:53,DayOneLaw
2024-05-08 17:28:53,BillHughesDC
2024-05-08 17:28:53,pkgxdev
2024-05-08 17:28:53,2JVw2M1SuG
2024-05-08 17:28:53,teaprotocol
2024-05-08 17:28:53,DLA_Piper
2024-05-08 17:28:53,NickPullmanEsq
2024-05-08 17:28:53,cryptoquant_com
2024-05-08 17:28:53,ki_young_ju
2024-05-08 17:28:53,l3eckyy
2024-05-10 16:27:54,seacapital
2024-05-10 16:27:54,lalentco
2024-05-10 16:27:54,fareastwitcher
2024-05-10 16:27:54,temasek
2024-05-10 16:27:54,morphl2
2024-05-10 16:27:54,bitkraftVC
2024-05-10 16:27:54,abruzuc
2024-05-15 13:59:12,animocabrands
2024-05-15 13:59:12,EthGlobal
2024-05-15 13:59:12,Givepraise
2024-05-15 13:59:12,OuroResearch
2024-05-15 13:59:12,usc
2024-05-15 13:59:12,search?q=%24GIV&src=cashtag_click
2024-05-15 13:59:12,EFDevcon
2024-05-15 13:59:12,FinancialCmte
2024-05-15 13:59:12,incakolitazero
2024-05-15 13:59:12,CaptainSamBrown
2024-05-15 13:59:12,RepFrenchHill
2024-05-15 13:59:12,lucacs_eth
2024-05-15 13:59:12,skylar_eth
2024-05-15 13:59:12,TravisBloom
2024-05-15 13:59:12,DeFiDefenseLaw
2024-05-15 13:59:12,DoTheySupportIt
2024-05-15 13:59:12,AlloraNetwork
2024-05-15 13:59:12,AviSchiffmann
2024-05-15 13:59:12,PatrickMcHenry
2024-05-15 13:59:12,poopmandefi
2024-05-15 13:59:12,EFDevconnect
2024-05-15 13:59:12,djtsoi
2024-05-15 13:59:12,ethereumlima
2024-05-15 13:59:12,pushprotocol
2024-05-20 20:08:47,MIT
2024-05-20 20:08:47,NorthbankTalent
2024-05-20 20:08:47,sequoia
2024-05-20 20:08:47,stanford
2024-05-20 20:08:47,jasonjzhao
2024-05-20 20:08:47,Tempus_novo
2024-05-20 20:08:47,Finborough
2024-05-20 20:08:47,n6tTy5Q7uX
2024-05-20 20:08:47,storyprotocol
2024-05-20 20:08:47,RubenHssd
2024-05-20 20:08:47,prafdhar
2024-05-20 20:08:47,BuxtonFestival
2024-05-20 20:08:47,dianembanks
2024-05-20 20:08:47,googledeepmind
2024-05-20 20:08:47,WeAreBrightBlue
2024-05-20 20:08:47,TenThinkTank
