2024-04-05 20:58:44,AalXgE7Qmf
2024-04-05 20:58:44,SourceD20
2024-04-05 20:58:44,liquifi_finance
2024-04-05 20:58:44,qwqiao
2024-04-05 20:58:44,TiltingPoint
2024-04-05 20:58:44,KryptonDEX
2024-04-05 20:58:44,microsoft
2024-04-05 20:58:44,0xporfo
2024-04-05 20:58:44,normalmfer_
2024-04-05 20:58:44,leaveminalone
2024-04-05 20:58:44,solana
2024-04-05 20:58:44,dapihq
2024-04-05 20:58:44,0xLawl
2024-04-05 20:58:44,MariaCyberlaw
2024-04-05 20:58:44,USCViterbi
2024-04-05 20:58:44,legionfarm
2024-04-05 20:58:44,realChrisHailey
2024-04-05 20:58:44,cc0_studios
2024-04-05 20:58:44,Stanford
2024-04-05 20:58:44,ycombinator
2024-04-05 20:58:44,Peacekeepers_io
2024-04-05 20:58:44,szYGtwJIVn
2024-04-05 20:58:44,meta
2024-04-05 20:58:44,_ilmoi
2024-04-05 20:58:44,mikegeehickey
2024-04-05 20:58:44,ani_pai
2024-04-05 20:58:44,yUt7yAuW4m
2024-04-05 20:58:44,N1x09mpdQM
2024-04-05 20:58:44,LegendsOfVenari
2024-04-05 20:58:44,ComeBuidlwithUs
2024-04-05 20:58:44,lmrankhan
2024-04-05 20:58:44,flexlend
2024-04-05 20:58:44,NorthwesternU
2024-04-05 20:58:44,sequoia
2024-04-05 20:58:44,denk_tweets
2024-04-05 20:58:44,whatsapp
2024-04-05 20:58:44,MeridioRE
2024-04-05 20:58:44,Symantec
2024-04-05 20:58:44,rriccio
2024-04-05 20:58:44,CumberlandSays
2024-04-05 20:58:44,SamridhSaluja
2024-04-05 20:58:44,startuparchive_
2024-04-05 20:58:44,LtNsM8TzU8
2024-04-05 20:58:44,beehiiv
2024-04-05 20:58:44,uwaterloo
2024-04-05 20:58:44,uber
2024-04-05 20:58:44,guardrailai
2024-04-05 20:58:44,mikemcg0
2024-04-05 20:58:44,QwQiao
2024-04-05 20:58:44,DangerWillRobin
2024-04-05 20:58:44,perchdotapp
2024-04-05 20:58:44,Nightly_app
2024-04-05 20:58:44,ajnafi
2024-04-05 20:58:44,blockchainsrm
2024-04-05 20:58:44,alliancedao
2024-04-05 20:58:44,BrittanyYoon
2024-04-05 20:58:44,robindavidji
2024-04-05 20:58:44,BCG
2024-04-05 20:58:44,bigdeskenergy
2024-04-05 20:58:44,shaunmmaguire
2024-04-05 20:58:44,facebook
2024-04-05 20:58:44,DecoRivas93
2024-04-05 20:58:44,appfolio
2024-04-05 20:58:44,BlackRock
2024-04-05 20:58:44,0xpass_io
2024-04-05 20:58:44,VoltCapital
2024-04-05 20:58:44,AllianceDAO
2024-04-05 20:58:44,getethoslife
2024-04-05 20:58:44,u4X6lczRRX
2024-04-05 20:58:44,twosigma
2024-04-05 20:58:44,norbertbodziony
2024-04-05 20:58:44,nethermindeth
2024-04-05 20:58:44,CanonicalCrypto
2024-04-05 20:58:44,UCBerkeley
2024-04-05 20:58:44,messaricrypto
2024-04-05 20:58:44,Meta
2024-04-05 20:58:44,0xdjma
2024-04-05 20:58:44,MohamedFFouda
2024-04-05 20:58:44,Coinbase
2024-04-05 20:58:44,solanaturbine
2024-04-05 20:58:44,dragonfly_xyz
2024-04-05 20:58:44,sachelik
2024-04-05 20:58:44,dartmouth
2024-04-05 20:58:44,hadronfc
2024-04-05 20:58:44,aptoslabs
2024-04-05 20:58:44,nfx
2024-04-05 20:58:44,0xvestor
2024-04-05 20:58:44,caltech
2024-04-05 20:58:44,USC
2024-04-05 20:58:44,lfsmoura
2024-04-05 20:58:44,harvardhbs
2024-04-05 20:58:44,RuneKek
2024-04-05 20:58:44,valgui1
2024-04-05 20:58:44,unchainedcom
2024-04-05 20:58:44,chainyoda
2024-04-05 20:58:44,moshaikhs
2024-04-05 20:58:44,pwnednomore
2024-04-05 20:58:44,Alliance_Intern
2024-04-05 20:58:44,lulo_finance
2024-04-05 20:58:44,koeppen_brad
2024-04-05 20:58:44,goodgamepodxyz
2024-04-05 20:58:44,0xpolygon
2024-04-05 20:58:44,ConsenSys
2024-04-05 20:58:44,_buildspace
2024-04-05 20:58:44,l3VmRrQYfM
2024-04-05 20:58:44,tensor_hq
2024-04-08 15:52:32,lund_dane
2024-04-08 15:52:32,lulo_finance
2024-04-08 15:52:32,normalmfer_
2024-04-08 15:52:32,sequoia
2024-04-08 15:52:32,caltech
2024-04-08 15:52:32,lmrankhan
2024-04-08 15:52:32,szYGtwJIVn
2024-04-08 15:52:32,u4X6lczRRX
2024-04-08 15:52:32,cc0_studios
2024-04-08 15:52:32,0xpolygon
2024-04-08 15:52:32,BlackRock
2024-04-08 15:52:32,dartmouth
2024-04-08 15:52:32,LegendsOfVenari
2024-04-08 15:52:32,SourceD20
2024-04-08 15:52:32,ycombinator
2024-04-08 15:52:32,beehiiv
2024-04-08 15:52:32,perchdotapp
2024-04-08 15:52:32,startuparchive_
2024-04-08 15:52:32,robindavidji
2024-04-08 15:52:32,blockchainsrm
2024-04-08 15:52:32,tensor_hq
2024-04-08 15:52:32,Symantec
2024-04-08 15:52:32,0xdjma
2024-04-08 15:52:32,ani_pai
2024-04-08 15:52:32,NorthwesternU
2024-04-08 15:52:32,USCViterbi
2024-04-08 15:52:32,LtNsM8TzU8
2024-04-08 15:52:32,0xLawl
2024-04-08 15:52:32,VoltCapital
2024-04-08 15:52:32,DecoRivas93
2024-04-08 15:52:32,MohamedFFouda
2024-04-08 15:52:32,0xporfo
2024-04-08 15:52:32,solana
2024-04-08 15:52:32,nethermindeth
2024-04-08 15:52:32,qwqiao
2024-04-08 15:52:32,ComeBuidlwithUs
2024-04-08 15:52:32,UCBerkeley
2024-04-08 15:52:32,hadronfc
2024-04-08 15:52:32,messaricrypto
2024-04-08 15:52:32,unchainedcom
2024-04-08 15:52:32,mikegeehickey
2024-04-08 15:52:32,SamridhSaluja
2024-04-08 15:52:32,getethoslife
2024-04-08 15:52:32,lfsmoura
2024-04-08 15:52:32,twosigma
2024-04-08 15:52:32,ajnafi
2024-04-08 15:52:32,guardrailai
2024-04-08 15:52:32,BCG
2024-04-08 15:52:32,dapihq
2024-04-08 15:52:32,moshaikhs
2024-04-08 15:52:32,harvardhbs
2024-04-08 15:52:32,nfx
2024-04-08 15:52:32,CanonicalCrypto
2024-04-08 15:52:32,meta
2024-04-08 15:52:32,USC
2024-04-08 15:52:32,solanaturbine
2024-04-08 15:52:32,sachelik
2024-04-08 15:52:32,flexlend
2024-04-08 15:52:32,l3VmRrQYfM
2024-04-08 15:52:32,mikemcg0
2024-04-08 15:52:32,microsoft
2024-04-08 15:52:32,alliancedao
2024-04-08 15:52:32,chainyoda
2024-04-08 15:52:32,appfolio
2024-04-08 15:52:32,RuneKek
2024-04-08 15:52:32,liquifi_finance
2024-04-08 15:52:32,uber
2024-04-08 15:52:32,facebook
2024-04-08 15:52:32,yUt7yAuW4m
2024-04-08 15:52:32,leaveminalone
2024-04-08 15:52:32,whatsapp
2024-04-08 15:52:32,rriccio
2024-04-08 15:52:32,BrittanyYoon
2024-04-08 15:52:32,DangerWillRobin
2024-04-08 15:52:32,aptoslabs
2024-04-08 15:52:32,Stanford
2024-04-08 15:52:32,shaunmmaguire
2024-04-08 15:52:32,denk_tweets
2024-04-08 15:52:32,Peacekeepers_io
2024-04-08 15:52:32,bigdeskenergy
2024-04-08 15:52:32,_buildspace
2024-04-08 15:52:32,0xpass_io
2024-04-08 15:52:32,CumberlandSays
2024-04-08 15:52:32,MariaCyberlaw
2024-04-08 15:52:32,goodgamepodxyz
2024-04-08 15:52:32,MeridioRE
2024-04-08 15:52:32,Meta
2024-04-08 15:52:32,Alliance_Intern
2024-04-08 15:52:32,valgui1
2024-04-08 15:52:32,koeppen_brad
2024-04-08 15:52:32,Coinbase
2024-04-08 15:52:32,_ilmoi
2024-04-08 15:52:32,realChrisHailey
2024-04-08 15:52:32,AalXgE7Qmf
2024-04-08 15:52:32,N1x09mpdQM
2024-04-08 15:52:32,ConsenSys
2024-04-08 15:52:32,uwaterloo
2024-04-08 15:52:32,0xvestor
2024-04-08 15:52:32,QwQiao
2024-04-08 15:52:32,AllianceDAO
2024-04-08 15:52:32,dragonfly_xyz
2024-04-17 13:01:56,leaveminalone
2024-04-17 13:01:56,harvardhbs
2024-04-17 13:01:56,liquifi_finance
2024-04-17 13:01:56,cc0_studios
2024-04-17 13:01:56,ani_pai
2024-04-17 13:01:56,DecoRivas93
2024-04-17 13:01:56,0xvestor
2024-04-17 13:01:56,AalXgE7Qmf
2024-04-17 13:01:56,aptoslabs
2024-04-17 13:01:56,uber
2024-04-17 13:01:56,0xLawl
2024-04-17 13:01:56,whatsapp
2024-04-17 13:01:56,ComeBuidlwithUs
2024-04-17 13:01:56,USCViterbi
2024-04-17 13:01:56,perchdotapp
2024-04-17 13:01:56,0xpass_io
2024-04-17 13:01:56,AllianceDAO
2024-04-17 13:01:56,SourceD20
2024-04-17 13:01:56,0xpolygon
2024-04-17 13:01:56,valgui1
2024-04-17 13:01:56,MariaCyberlaw
2024-04-17 13:01:56,CumberlandSays
2024-04-17 13:01:56,tensor_hq
2024-04-17 13:01:56,goodgamepodxyz
2024-04-17 13:01:56,MohamedFFouda
2024-04-17 13:01:56,robindavidji
2024-04-17 13:01:56,LegendsOfVenari
2024-04-17 13:01:56,Peacekeepers_io
2024-04-17 13:01:56,RuneKek
2024-04-17 13:01:56,blockchainsrm
2024-04-17 13:01:56,N1x09mpdQM
2024-04-17 13:01:56,bigdeskenergy
2024-04-17 13:01:56,lmrankhan
2024-04-17 13:01:56,twosigma
2024-04-17 13:01:56,sachelik
2024-04-17 13:01:56,USC
2024-04-17 13:01:56,mikemcg0
2024-04-17 13:01:56,moshaikhs
2024-04-17 13:01:56,Alliance_Intern
2024-04-17 13:01:56,BCG
2024-04-17 13:01:56,guardrailai
2024-04-17 13:01:56,_ilmoi
2024-04-17 13:01:56,Coinbase
2024-04-17 13:01:56,LtNsM8TzU8
2024-04-17 13:01:56,l3VmRrQYfM
2024-04-17 13:01:56,rriccio
2024-04-17 13:01:56,0xporfo
2024-04-17 13:01:56,startuparchive_
2024-04-17 13:01:56,nfx
2024-04-17 13:01:56,qwqiao
2024-04-17 13:01:56,solana
2024-04-17 13:01:56,CanonicalCrypto
2024-04-17 13:01:56,DangerWillRobin
2024-04-17 13:01:56,sequoia
2024-04-17 13:01:56,hadronfc
2024-04-17 13:01:56,nethermindeth
2024-04-17 13:01:56,microsoft
2024-04-17 13:01:56,ConsenSys
2024-04-17 13:01:56,denk_tweets
2024-04-17 13:01:56,koeppen_brad
2024-04-17 13:01:56,YMYRpQw66x
2024-04-17 13:01:56,ajnafi
2024-04-17 13:01:56,SamridhSaluja
2024-04-17 13:01:56,TiltingPoint
2024-04-17 13:01:56,solanaturbine
2024-04-17 13:01:56,beehiiv
2024-04-17 13:01:56,dragonfly_xyz
2024-04-17 13:01:56,caltech
2024-04-17 13:01:56,Symantec
2024-04-17 13:01:56,MeridioRE
2024-04-17 13:01:56,appfolio
2024-04-17 13:01:56,VoltCapital
2024-04-17 13:01:56,ycombinator
2024-04-17 13:01:56,shaunmmaguire
2024-04-17 13:01:56,facebook
2024-04-17 13:01:56,messaricrypto
2024-04-17 13:01:56,getethoslife
2024-04-17 13:01:56,pwnednomore
2024-04-17 13:01:56,lulo_finance
2024-04-17 13:01:56,flexlend
2024-04-17 13:01:56,lfsmoura
2024-04-17 13:01:56,NorthwesternU
2024-04-17 13:01:56,_buildspace
2024-04-17 13:01:56,normalmfer_
2024-04-17 13:01:56,Meta
2024-04-17 13:01:56,yUt7yAuW4m
2024-04-17 13:01:56,0xdjma
2024-04-17 13:01:56,unchainedcom
2024-04-17 13:01:56,chainyoda
2024-04-17 13:01:56,QwQiao
2024-04-17 13:01:56,Stanford
2024-04-17 13:01:56,realChrisHailey
2024-04-17 13:01:56,mikegeehickey
2024-04-17 13:01:56,BrittanyYoon
2024-04-17 13:01:56,alliancedao
2024-04-17 13:01:56,dartmouth
2024-04-17 13:01:56,BlackRock
2024-04-17 13:01:56,UCBerkeley
2024-04-17 13:01:56,u4X6lczRRX
2024-04-17 13:01:56,uwaterloo
2024-04-17 13:01:56,legionfarm
2024-04-17 13:01:56,dapihq
2024-04-17 13:01:56,meta
2024-05-03 16:31:39,liquifi_finance
2024-05-03 16:31:39,microsoft
2024-05-03 16:31:39,LtNsM8TzU8
2024-05-03 16:31:39,u4X6lczRRX
2024-05-03 16:31:39,guardrailai
2024-05-03 16:31:39,shaunmmaguire
2024-05-03 16:31:39,Meta
2024-05-03 16:31:39,USC
2024-05-03 16:31:39,uselulo
2024-05-03 16:31:39,lfsmoura
2024-05-03 16:31:39,NorthwesternU
2024-05-03 16:31:39,0xpolygon
2024-05-03 16:31:39,N1x09mpdQM
2024-05-03 16:31:39,kalder_xyz
2024-05-03 16:31:39,caltech
2024-05-03 16:31:39,RuneKek
2024-05-03 16:31:39,realChrisHailey
2024-05-03 16:31:39,normalmfer_
2024-05-03 16:31:39,unchainedcom
2024-05-03 16:31:39,harvardhbs
2024-05-03 16:31:39,tensor_hq
2024-05-03 16:31:39,foundersfund
2024-05-03 16:31:39,Peacekeepers_io
2024-05-03 16:31:39,mikegeehickey
2024-05-03 16:31:39,CumberlandSays
2024-05-03 16:31:39,getethoslife
2024-05-03 16:31:39,sequoia
2024-05-03 16:31:39,BlackRock
2024-05-03 16:31:39,_buildspace
2024-05-03 16:31:39,goodgamepodxyz
2024-05-03 16:31:39,uber
2024-05-03 16:31:39,cc0_studios
2024-05-03 16:31:39,0xdjma
2024-05-03 16:31:39,MVPHackathon
2024-05-03 16:31:39,alliancedao
2024-05-03 16:31:39,moshaikhs
2024-05-03 16:31:39,VoltCapital
2024-05-03 16:31:39,ComeBuidlwithUs
2024-05-03 16:31:39,MeridioRE
2024-05-03 16:31:39,l3VmRrQYfM
2024-05-03 16:31:39,nfx
2024-05-03 16:31:39,Alliance_Intern
2024-05-03 16:31:39,MariaCyberlaw
2024-05-03 16:31:39,mikemcg0
2024-05-03 16:31:39,solanaturbine
2024-05-03 16:31:39,blockchainsrm
2024-05-03 16:31:39,twosigma
2024-05-03 16:31:39,nethermindeth
2024-05-03 16:31:39,bridge__harris
2024-05-03 16:31:39,valgui1
2024-05-03 16:31:39,DecoRivas93
2024-05-03 16:31:39,ConsenSys
2024-05-03 16:31:39,0xpass_io
2024-05-03 16:31:39,BCG
2024-05-03 16:31:39,dragonfly_xyz
2024-05-03 16:31:39,appfolio
2024-05-03 16:31:39,sachelik
2024-05-03 16:31:39,messaricrypto
2024-05-03 16:31:39,AllianceDAO
2024-05-03 16:31:39,Symantec
2024-05-03 16:31:39,BrittanyYoon
2024-05-03 16:31:39,fantasy_top_
2024-05-03 16:31:39,yUt7yAuW4m
2024-05-03 16:31:39,uwaterloo
2024-05-03 16:31:39,AllianceDao
2024-05-03 16:31:39,aptoslabs
2024-05-03 16:31:39,bigdeskenergy
2024-05-03 16:31:39,flexlend
2024-05-03 16:31:39,IqFilCS3IV
2024-05-03 16:31:39,dofknDg22r
2024-05-03 16:31:39,USCViterbi
2024-05-03 16:31:39,denk_tweets
2024-05-03 16:31:39,SourceD20
2024-05-03 16:31:39,0xvestor
2024-05-03 16:31:39,startuparchive_
2024-05-03 16:31:39,CanonicalCrypto
2024-05-03 16:31:39,SamridhSaluja
2024-05-03 16:31:39,chainyoda
2024-05-03 16:31:39,perchdotapp
2024-05-03 16:31:39,Stanford
2024-05-03 16:31:39,0xLawl
2024-05-03 16:31:39,ani_pai
2024-05-03 16:31:39,0xporfo
2024-05-03 16:31:39,Blast_L2
2024-05-03 16:31:39,qwqiao
2024-05-03 16:31:39,robindavidji
2024-05-03 16:31:39,Coinbase
2024-05-03 16:31:39,koeppen_brad
2024-05-03 16:31:39,7TRIkUY5pR
2024-05-03 16:31:39,MohamedFFouda
2024-05-03 16:31:39,_ilmoi
2024-05-03 16:31:39,DPUEs8v00e
2024-05-03 16:31:39,UCBerkeley
2024-05-03 16:31:39,dartmouth
2024-05-03 16:31:39,lmrankhan
2024-05-03 16:31:39,hadronfc
2024-05-03 16:31:39,DangerWillRobin
2024-05-03 16:31:39,QwQiao
2024-05-03 16:31:39,beehiiv
2024-05-08 16:55:45,SuiNetwork
2024-05-08 16:55:45,jupiterexchange
2024-05-08 16:55:45,Microsoft
2024-05-08 16:55:45,fbinfer
2024-05-08 16:55:45,Drmelseidy
2024-05-08 16:55:45,weremeow
2024-05-08 16:55:45,KAUST_News
2024-05-08 16:55:45,base
2024-05-08 16:55:45,novi
2024-05-08 16:55:45,b1ackd0g
2024-05-08 16:55:45,lyf9msew3v
2024-05-08 16:55:45,0xcity3
2024-05-08 16:55:45,EPFL
2024-05-08 16:55:45,Mysten_Labs
2024-05-08 16:55:45,Verisign
2024-05-08 16:55:45,0xrwu
2024-05-08 16:55:45,jessepollak
2024-05-08 16:55:45,oakcurrency
2024-05-09 16:53:25,0xwasserstoff
2024-05-10 15:59:22,coinbase
2024-05-10 15:59:22,binji_x
2024-05-10 15:59:22,optimism
2024-05-20 19:39:29,dcfgod
