2024-04-05 23:18:30,SpecularL2
2024-04-05 23:18:30,0x_emperor
2024-04-05 23:18:30,kay_phillips_
2024-04-05 23:18:30,viktorfischer
2024-04-05 23:18:30,tributelabsxyz
2024-04-05 23:18:30,chapterone
2024-04-05 23:18:30,ritualnet
2024-04-05 23:18:30,defideep_
2024-04-05 23:18:30,neuralunlock
2024-04-05 23:18:30,AresLabs_xyz
2024-04-05 23:18:30,Tesla
2024-04-05 23:18:30,RedBeardVC
2024-04-05 23:18:30,search?q=%24DMT&src=cashtag_click
2024-04-05 23:18:30,MoonOverlord
2024-04-05 23:18:30,kccQNvoA8E
2024-04-05 23:18:30,Tinder
2024-04-05 23:18:30,jmj
2024-04-05 23:18:30,JoeLallouz
2024-04-05 23:18:30,hubermanlab
2024-04-05 23:18:30,oaliramadan
2024-04-05 23:18:30,9XXBiTZoMI
2024-04-05 23:18:30,3pTLuuS2oi
2024-04-05 23:18:30,Evan_ss6
2024-04-05 23:18:30,BlockcastNet
2024-04-05 23:18:30,MelynMcKay
2024-04-05 23:18:30,McKinsey
2024-04-05 23:18:30,esm_iam
2024-04-05 23:18:30,shacheng
2024-04-05 23:18:30,DISTRIKT_org
2024-04-05 23:18:30,XekZRIx2kU
2024-04-05 23:18:30,KERNEL0x
2024-04-05 23:18:30,ambushcapital
2024-04-05 23:18:30,LoganJastremski
2024-04-05 23:18:30,EigenLayer
2024-04-05 23:18:30,BasecampFund
2024-04-05 23:18:30,coinbase
2024-04-05 23:18:30,emWX3ZRBOg
2024-04-05 23:18:30,Columbia_Biz
2024-04-05 23:18:30,vivianphung
2024-04-05 23:18:30,aoTheComputer
2024-04-05 23:18:30,rohindhar
2024-04-05 23:18:30,Crypto_McKenna
2024-04-05 23:18:30,DistilledCrypto
2024-04-05 23:18:30,4tnH3y1OmY
2024-04-05 23:18:30,_Frictionless_
2024-04-05 23:18:30,lightspeedpodhq
2024-04-05 23:18:30,search?q=%24SOL&src=cashtag_click
2024-04-05 23:18:30,BasedShillBH
2024-04-05 23:18:30,SankoGameCorp
2024-04-05 23:18:30,glowFND
2024-04-05 23:18:30,liquality_io
2024-04-05 23:18:30,instagram
2024-04-05 23:18:30,search?q=%24ETH&src=cashtag_click
2024-04-05 23:18:30,afrectz
2024-04-05 23:18:30,HivemindCap
2024-04-05 23:18:30,everPayHQ
2024-04-05 23:18:30,witnesschain
2024-04-05 23:18:30,UCC2_xyz
2024-04-05 23:18:30,bS01xVzAhv
2024-04-05 23:18:30,kelvinfichter
2024-04-05 23:18:30,QuantMeta
2024-04-05 23:18:30,TuringCapital_
2024-04-05 23:18:30,OPLabsPBC
2024-04-05 23:18:30,jon_charb
2024-04-05 23:18:30,Rockaway_X
2024-04-05 23:18:30,search?q=%24BTC&src=cashtag_click
2024-04-05 23:18:30,heliuslabs
2024-04-05 23:18:30,RhKEkfin1g
2024-04-05 23:18:30,binance
2024-04-05 23:18:30,onlylarping
2024-04-05 23:18:30,DePINState
2024-04-05 23:18:30,snowballtools
2024-04-05 23:18:30,dba_crypto
2024-04-05 23:18:30,kizzymobile
2024-04-05 23:18:30,BigDickBull69
2024-04-05 23:18:30,0xMert_
2024-04-05 23:18:30,spexinetwork
2024-04-05 23:18:30,nayibbukele
2024-04-05 23:18:30,krugermacro
2024-04-05 23:18:30,HustleFundVC
2024-04-05 23:18:30,4CmJNGjR5C
2024-04-05 23:18:30,ConsenSysMesh
2024-04-05 23:18:30,RydYp7vXBp
2024-04-05 23:18:30,Unstable_money
2024-04-05 23:18:30,goodalexander
2024-04-05 23:18:30,Snowden
2024-04-05 23:18:30,TuringCons
2024-04-05 23:18:30,smartestmoney_
2024-04-08 17:13:31,3pTLuuS2oi
2024-04-08 17:13:31,JoeLallouz
2024-04-08 17:13:31,Arete_xyz
2024-04-08 17:13:31,coverageproved
2024-04-08 17:13:31,lightspeedpodhq
2024-04-08 17:13:31,smartestmoney_
2024-04-08 17:13:31,jon_charb
2024-04-08 17:13:31,SpecularL2
2024-04-08 17:13:31,search?q=%24DMT&src=cashtag_click
2024-04-08 17:13:31,search?q=%24ETH&src=cashtag_click
2024-04-08 17:13:31,shacheng
2024-04-08 17:13:31,glowFND
2024-04-08 17:13:31,Rockaway_X
2024-04-08 17:13:31,KERNEL0x
2024-04-08 17:13:31,0xMert_
2024-04-08 17:13:31,DePINState
2024-04-08 17:13:31,aoTheComputer
2024-04-08 17:13:31,BigDickBull69
2024-04-08 17:13:31,bcg
2024-04-08 17:13:31,ambushcapital
2024-04-08 17:13:31,instagram
2024-04-08 17:13:31,DistilledCrypto
2024-04-08 17:13:31,RichhomieconE
2024-04-08 17:13:31,heliuslabs
2024-04-08 17:13:31,QuantMeta
2024-04-08 17:13:31,MelynMcKay
2024-04-08 17:13:31,HivemindCap
2024-04-08 17:13:31,binance
2024-04-08 17:13:31,vivianphung
2024-04-08 17:13:31,4CmJNGjR5C
2024-04-08 17:13:31,jmj
2024-04-08 17:13:31,Crypto_McKenna
2024-04-08 17:13:31,defideep_
2024-04-08 17:13:31,kelvinfichter
2024-04-08 17:13:31,McKinsey
2024-04-08 17:13:31,search?q=%24SOL&src=cashtag_click
2024-04-08 17:13:31,liquality_io
2024-04-08 17:13:31,viktorfischer
2024-04-08 17:13:31,iotex_io
2024-04-08 17:13:31,emWX3ZRBOg
2024-04-08 17:13:31,spexinetwork
2024-04-08 17:13:31,bS01xVzAhv
2024-04-08 17:13:31,BlockcastNet
2024-04-08 17:13:31,SankoGameCorp
2024-04-08 17:13:31,HustleFundVC
2024-04-08 17:13:31,rohindhar
2024-04-08 17:13:31,neuralunlock
2024-04-08 17:13:31,kay_phillips_
2024-04-08 17:13:31,Columbia_Biz
2024-04-08 17:13:31,chapterone
2024-04-08 17:13:31,DISTRIKT_org
2024-04-08 17:13:31,onlylarping
2024-04-08 17:13:31,UCC2_xyz
2024-04-08 17:13:31,snowballtools
2024-04-08 17:13:31,AresLabs_xyz
2024-04-08 17:13:31,afrectz
2024-04-08 17:13:31,Unstable_money
2024-04-08 17:13:31,Evan_ss6
2024-04-08 17:13:31,tributelabsxyz
2024-04-08 17:13:31,kccQNvoA8E
2024-04-08 17:13:31,witnesschain
2024-04-08 17:13:31,ritualnet
2024-04-08 17:13:31,kizzymobile
2024-04-08 17:13:31,nayibbukele
2024-04-08 17:13:31,XekZRIx2kU
2024-04-08 17:13:31,_Frictionless_
2024-04-08 17:13:31,ConsenSysMesh
2024-04-08 17:13:31,dba_crypto
2024-04-08 17:13:31,OPLabsPBC
2024-04-08 17:13:31,goodalexander
2024-04-08 17:13:31,RedBeardVC
2024-04-08 17:13:31,Tinder
2024-04-08 17:13:31,Tesla
2024-04-08 17:13:31,krugermacro
2024-04-08 17:13:31,hubermanlab
2024-04-08 17:13:31,TuringCapital_
2024-04-08 17:13:31,EigenLayer
2024-04-08 17:13:31,esm_iam
2024-04-08 17:13:31,search?q=%24BTC&src=cashtag_click
2024-04-08 17:13:31,TuringCons
2024-04-08 17:13:31,9XXBiTZoMI
2024-04-08 17:13:31,LoganJastremski
2024-04-08 17:13:31,RhKEkfin1g
2024-04-08 17:13:31,0x_emperor
2024-04-08 17:13:31,4tnH3y1OmY
2024-04-08 17:13:31,everPayHQ
2024-04-08 17:13:31,oaliramadan
2024-04-08 17:13:31,MoonOverlord
2024-04-08 17:13:31,BasecampFund
2024-04-08 17:13:31,BasedShillBH
2024-04-08 17:13:31,Snowden
2024-04-08 17:13:31,RydYp7vXBp
2024-04-17 14:23:16,BasedShillBH
2024-04-17 14:23:16,RedBeardVC
2024-04-17 14:23:16,XekZRIx2kU
2024-04-17 14:23:16,kay_phillips_
2024-04-17 14:23:16,onlylarping
2024-04-17 14:23:16,3pTLuuS2oi
2024-04-17 14:23:16,AresLabs_xyz
2024-04-17 14:23:16,bcg
2024-04-17 14:23:16,oaliramadan
2024-04-17 14:23:16,Snowden
2024-04-17 14:23:16,kizzymobile
2024-04-17 14:23:16,neuralunlock
2024-04-17 14:23:16,rohindhar
2024-04-17 14:23:16,heliuslabs
2024-04-17 14:23:16,aoTheComputer
2024-04-17 14:23:16,KERNEL0x
2024-04-17 14:23:16,lightspeedpodhq
2024-04-17 14:23:16,shacheng
2024-04-17 14:23:16,bS01xVzAhv
2024-04-17 14:23:16,TuringCapital_
2024-04-17 14:23:16,0xMert_
2024-04-17 14:23:16,smartestmoney_
2024-04-17 14:23:16,DePINState
2024-04-17 14:23:16,Tinder
2024-04-17 14:23:16,esm_iam
2024-04-17 14:23:16,FoliusVentures
2024-04-17 14:23:16,ConsenSysMesh
2024-04-17 14:23:16,ritualnet
2024-04-17 14:23:16,QuantMeta
2024-04-17 14:23:16,kelvinfichter
2024-04-17 14:23:16,bidclubio
2024-04-17 14:23:16,coverageproved
2024-04-17 14:23:16,DISTRIKT_org
2024-04-17 14:23:16,krugermacro
2024-04-17 14:23:16,JoeLallouz
2024-04-17 14:23:16,LoganJastremski
2024-04-17 14:23:16,EigenLayer
2024-04-17 14:23:16,_Frictionless_
2024-04-17 14:23:16,Crypto_McKenna
2024-04-17 14:23:16,SpecularL2
2024-04-17 14:23:16,Unstable_money
2024-04-17 14:23:16,RhKEkfin1g
2024-04-17 14:23:16,DistilledCrypto
2024-04-17 14:23:16,HustleFundVC
2024-04-17 14:23:16,RichhomieconE
2024-04-17 14:23:16,tributelabsxyz
2024-04-17 14:23:16,MoonOverlord
2024-04-17 14:23:16,4tnH3y1OmY
2024-04-17 14:23:16,hubermanlab
2024-04-17 14:23:16,jon_charb
2024-04-17 14:23:16,emWX3ZRBOg
2024-04-17 14:23:16,liquality_io
2024-04-17 14:23:16,RydYp7vXBp
2024-04-17 14:23:16,OPLabsPBC
2024-04-17 14:23:16,chapterone
2024-04-17 14:23:16,viktorfischer
2024-04-17 14:23:16,defideep_
2024-04-17 14:23:16,Arete_xyz
2024-04-17 14:23:16,Tesla
2024-04-17 14:23:16,jmj
2024-04-17 14:23:16,CarnegieMellon
2024-04-17 14:23:16,ambushcapital
2024-04-17 14:23:16,instagram
2024-04-17 14:23:16,search?q=%24BTC&src=cashtag_click
2024-04-17 14:23:16,MapleLeafCap
2024-04-17 14:23:16,Columbia_Biz
2024-04-17 14:23:16,snowballtools
2024-04-17 14:23:16,9XXBiTZoMI
2024-04-17 14:23:16,goodalexander
2024-04-17 14:23:16,SankoGameCorp
2024-04-17 14:23:16,GlowFND
2024-04-17 14:23:16,dba_crypto
2024-04-17 14:23:16,iotex_io
2024-04-17 14:23:16,spexinetwork
2024-04-17 14:23:16,search?q=%24ETH&src=cashtag_click
2024-04-17 14:23:16,BigDickBull69
2024-04-17 14:23:16,witnesschain
2024-04-17 14:23:16,binance
2024-04-17 14:23:16,BasecampFund
2024-04-17 14:23:16,BlockcastNet
2024-04-17 14:23:16,Evan_ss6
2024-04-17 14:23:16,MelynMcKay
2024-04-17 14:23:16,Rockaway_X
2024-04-17 14:23:16,afrectz
2024-04-17 14:23:16,vivianphung
2024-04-17 14:23:16,0x_emperor
2024-04-17 14:23:16,everPayHQ
2024-04-17 14:23:16,nayibbukele
2024-04-17 14:23:16,TuringCons
2024-04-17 14:23:16,search?q=%24SOL&src=cashtag_click
2024-04-17 14:23:16,McKinsey
2024-04-17 14:23:16,4CmJNGjR5C
2024-04-17 14:23:16,HivemindCap
2024-04-17 14:23:16,kccQNvoA8E
2024-04-17 14:23:16,UCC2_xyz
2024-04-17 14:23:16,search?q=%24DMT&src=cashtag_click
2024-05-03 17:16:40,hivemapper
2024-05-03 17:16:40,F2kZSpw7wD
2024-05-03 17:16:40,Drakulaapp
2024-05-03 17:16:40,cdrvalkyrie
2024-05-03 17:16:40,an_david
2024-05-03 17:16:40,Andrena_WiFi
2024-05-03 17:16:40,andrena_wifi
2024-05-03 17:16:40,helium
2024-05-03 17:16:40,dawninternet
2024-05-03 17:16:40,amirhaleem
2024-05-03 17:16:40,taofuxyz
2024-05-03 17:16:40,therundownai
2024-05-03 17:16:40,search?q=%24DEGEN&src=cashtag_click
2024-05-03 17:16:40,vLlb70Kb6a
2024-05-03 17:16:40,BarackObama
2024-05-03 17:16:40,interndao
2024-05-03 17:16:40,cV3FgizDnK
2024-05-03 17:16:40,bisontrails
2024-05-03 17:16:40,rowancheung
2024-05-03 17:16:40,BAXUSco
2024-05-03 17:16:40,web4O
2024-05-03 17:16:40,MechanismCap
2024-05-03 17:16:40,WarcMeinstein
2024-05-03 17:16:40,helium_mobile
2024-05-03 17:16:40,RootDataLabs
2024-05-20 20:05:54,7v5Cao7g3W
2024-05-20 20:05:54,mouthy
2024-05-20 20:05:54,1CH9kRIBUK
2024-05-20 20:05:54,chia_project
