2024-04-05 22:50:34,EleanorTerrett
2024-04-05 22:50:34,WesternUnion
2024-04-05 22:50:34,getSquire
2024-04-05 22:50:34,Suyu0x
2024-04-05 22:50:34,roundtablespace
2024-04-05 22:50:34,bessemerVP
2024-04-05 22:50:34,TuckerCarlson
2024-04-05 22:50:34,hyperbolic_labs
2024-04-05 22:50:34,midjourney
2024-04-05 22:50:34,HelloLumerin
2024-04-05 22:50:34,fakegingerbitch
2024-04-05 22:50:34,cryptogle
2024-04-05 22:50:34,DavidSHolz
2024-04-05 22:50:34,OwJfnQF6Re
2024-04-05 22:50:34,search?q=%24MOROS&src=cashtag_click
2024-04-05 22:50:34,alyriadefi
2024-04-05 22:50:34,OfficialLoganK
2024-04-05 22:50:34,search?q=%24rune&src=cashtag_click
2024-04-05 22:50:34,NaveenSpark
2024-04-05 22:50:34,BoredCoobs
2024-04-05 22:50:34,iamgingertrash
2024-04-05 22:50:34,realErikDPrince
2024-04-05 22:50:34,Garffish69
2024-04-05 22:50:34,Google
2024-04-05 22:50:34,MarioNawfal
2024-04-05 22:50:34,JDVance1
2024-04-05 22:50:34,KNTXTmusic
2024-04-05 22:50:34,hosseeb
2024-04-05 22:50:34,gluenet
2024-04-05 22:50:34,pgpfoundation
2024-04-05 22:50:34,ChatGPTapp
2024-04-05 22:50:34,JosephJacks_
2024-04-05 22:50:34,JMU
2024-04-05 22:50:34,adcock_brett
2024-04-05 22:50:34,Galaxyhq
2024-04-05 22:50:34,SaGT3y9AtE
2024-04-05 22:50:34,Airbnb
2024-04-05 22:50:34,caseykcaruso
2024-04-05 22:50:34,TikTok_us
2024-04-05 22:50:34,morosnet
2024-04-05 22:50:34,Flexport
2024-04-05 22:50:34,Paradigm
2024-04-05 22:50:34,citrea_xyz
2024-04-05 22:50:34,AISafetyMemes
2024-04-05 22:50:34,FoxBusiness
2024-04-05 22:50:34,OSSCapital
2024-04-05 22:50:34,TheApeList_
2024-04-05 22:50:34,harvard
2024-04-05 22:50:34,megs_io
2024-04-05 22:50:34,Devon_Eriksen_
2024-04-05 22:50:34,Figure_robot
2024-04-05 22:50:34,LayerZero_Labs
2024-04-05 22:50:34,nirmaanai
2024-04-05 22:50:34,technologypoet
2024-04-05 22:50:34,chainway_xyz
2024-04-05 22:50:34,blockchainkor
2024-04-05 22:50:34,enq_AI
2024-04-05 22:50:34,danarchos_
2024-04-05 22:50:34,Sparkart
2024-04-05 22:50:34,manveerxyz
2024-04-05 22:50:34,7Ssl4IvnPK
2024-04-05 22:50:34,eraqian
2024-04-05 22:50:34,OrRXXaWWvT
2024-04-05 22:50:34,wN0dT799Wv
2024-04-05 22:50:34,SaharaLabsAI
2024-04-05 22:50:34,Tari
2024-04-05 22:50:34,EdgeAGI
2024-04-05 22:50:34,dragonfly_xyz
2024-04-05 22:50:34,ryankcondron
2024-04-05 22:50:34,earndotcom
2024-04-05 22:50:34,polychain
2024-04-05 22:50:34,EMostaque
2024-04-05 22:50:34,charlestonccats
2024-04-05 22:50:34,NationalDebt
2024-04-05 22:50:34,cointelegraph
2024-04-05 22:50:34,usmanm
2024-04-05 22:50:34,MeganNyvold
2024-04-05 22:50:34,marionawfal
2024-04-05 22:50:34,MarieVaunt
2024-04-05 22:50:34,bingxofficial
2024-04-05 22:50:34,priva_xyz
2024-04-05 22:50:34,Unicode
2024-04-05 22:50:34,QRGBddvcqI
2024-04-05 22:50:34,zxocw
2024-04-05 22:50:34,whatsyouryat
2024-04-08 16:57:34,cointelegraph
2024-04-08 16:57:34,SaGT3y9AtE
2024-04-08 16:57:34,Figure_robot
2024-04-08 16:57:34,priva_xyz
2024-04-08 16:57:34,KNTXTmusic
2024-04-08 16:57:34,Airbnb
2024-04-08 16:57:34,HelloLumerin
2024-04-08 16:57:34,adcock_brett
2024-04-08 16:57:34,search?q=%24MOROS&src=cashtag_click
2024-04-08 16:57:34,chainway_xyz
2024-04-08 16:57:34,OwJfnQF6Re
2024-04-08 16:57:34,lexiemenyhart
2024-04-08 16:57:34,Sparkart
2024-04-08 16:57:34,TikTok_us
2024-04-08 16:57:34,Google
2024-04-08 16:57:34,BoredCoobs
2024-04-08 16:57:34,usmanm
2024-04-08 16:57:34,metagame
2024-04-08 16:57:34,eraqian
2024-04-08 16:57:34,bingxofficial
2024-04-08 16:57:34,midjourney
2024-04-08 16:57:34,zen_llama
2024-04-08 16:57:34,wN0dT799Wv
2024-04-08 16:57:34,MarieVaunt
2024-04-08 16:57:34,megs_io
2024-04-08 16:57:34,JdkBh8kToP
2024-04-08 16:57:34,caseykcaruso
2024-04-08 16:57:34,BrennerSpear
2024-04-08 16:57:34,earndotcom
2024-04-08 16:57:34,TuckerCarlson
2024-04-08 16:57:34,NationalDebt
2024-04-08 16:57:34,seedphrase
2024-04-08 16:57:34,TryVenice
2024-04-08 16:57:34,solana
2024-04-08 16:57:34,Devon_Eriksen_
2024-04-08 16:57:34,unlayeredpod
2024-04-08 16:57:34,affirm
2024-04-08 16:57:34,Galaxyhq
2024-04-08 16:57:34,7Ssl4IvnPK
2024-04-08 16:57:34,LayerZero_Labs
2024-04-08 16:57:34,fabric_vc
2024-04-08 16:57:34,2cPqL2xpuh
2024-04-08 16:57:34,polychain
2024-04-08 16:57:34,nothingnyc
2024-04-08 16:57:34,MarioNawfal
2024-04-08 16:57:34,itsalltruffles
2024-04-08 16:57:34,AISafetyMemes
2024-04-08 16:57:34,citrea_xyz
2024-04-08 16:57:34,realErikDPrince
2024-04-08 16:57:34,rodarmor
2024-04-08 16:57:34,hosseeb
2024-04-08 16:57:34,shadowxyz
2024-04-08 16:57:34,iamgingertrash
2024-04-08 16:57:34,miaferrariii
2024-04-08 16:57:34,bessemerVP
2024-04-08 16:57:34,blockchainkor
2024-04-08 16:57:34,charlestonccats
2024-04-08 16:57:34,Garffish69
2024-04-08 16:57:34,hyperbolic_labs
2024-04-08 16:57:34,Unicode
2024-04-08 16:57:34,Flexport
2024-04-08 16:57:34,OfficialLoganK
2024-04-08 16:57:34,JDVance1
2024-04-08 16:57:34,WesternUnion
2024-04-08 16:57:34,MeganNyvold
2024-04-08 16:57:34,morosnet
2024-04-08 16:57:34,GetCohosts
2024-04-08 16:57:34,Qy87VuaizA
2024-04-08 16:57:34,danarchos_
2024-04-08 16:57:34,Tari
2024-04-08 16:57:34,Suyu0x
2024-04-08 16:57:34,eG0CZL5IXH
2024-04-08 16:57:34,search?q=%24rune&src=cashtag_click
2024-04-08 16:57:34,1l9ekCAT6z
2024-04-08 16:57:34,TheApeList_
2024-04-08 16:57:34,QRGBddvcqI
2024-04-08 16:57:34,monad_xyz
2024-04-08 16:57:34,FoxBusiness
2024-04-08 16:57:34,nirmaanai
2024-04-08 16:57:34,ChatGPTapp
2024-04-08 16:57:34,scale_ai
2024-04-08 16:57:34,OrRXXaWWvT
2024-04-08 16:57:34,harvard
2024-04-08 16:57:34,JosephJacks_
2024-04-08 16:57:34,fakegingerbitch
2024-04-08 16:57:34,enq_AI
2024-04-08 16:57:34,JMU
2024-04-08 16:57:34,ryankcondron
2024-04-08 16:57:34,marionawfal
2024-04-08 16:57:34,whatsyouryat
2024-04-08 16:57:34,apple
2024-04-08 16:57:34,EMostaque
2024-04-08 16:57:34,technologypoet
2024-04-08 16:57:34,pgpfoundation
2024-04-08 16:57:34,EleanorTerrett
2024-04-08 16:57:34,getSquire
2024-04-08 16:57:34,alyriadefi
2024-04-08 16:57:34,zxocw
2024-04-08 16:57:34,gluenet
2024-04-08 16:57:34,EdgeAGI
2024-04-08 16:57:34,cryptogle
2024-04-08 16:57:34,OSSCapital
2024-04-08 16:57:34,manveerxyz
2024-04-08 16:57:34,HF0Residency
2024-04-08 16:57:34,DavidSHolz
2024-04-08 16:57:34,4MdA62CeUh
2024-04-08 16:57:34,uoft
2024-04-08 16:57:34,SaharaLabsAI
2024-04-08 16:57:34,roundtablespace
2024-04-08 16:57:34,Paradigm
2024-04-08 16:57:34,WalkinEvents
2024-04-08 16:57:34,NaveenSpark
2024-04-08 16:57:34,dragonfly_xyz
2024-04-08 12:25:06,BrennerSpear
2024-04-08 12:25:06,dragonfly_xyz
2024-04-08 12:25:06,search?q=%24MOROS&src=cashtag_click
2024-04-08 12:25:06,solana
2024-04-08 12:25:06,seedphrase
2024-04-08 12:25:06,KNTXTmusic
2024-04-08 12:25:06,unlayeredpod
2024-04-08 12:25:06,metagame
2024-04-08 12:25:06,NationalDebt
2024-04-08 12:25:06,rodarmor
2024-04-08 12:25:06,Airbnb
2024-04-08 12:25:06,monad_xyz
2024-04-08 12:25:06,JdkBh8kToP
2024-04-08 12:25:06,2cPqL2xpuh
2024-04-08 12:25:06,shadowxyz
2024-04-08 12:25:06,GetCohosts
2024-04-08 12:25:06,1l9ekCAT6z
2024-04-08 12:25:06,affirm
2024-04-08 12:25:06,miaferrariii
2024-04-08 12:25:06,Qy87VuaizA
2024-04-08 12:25:06,nothingnyc
2024-04-08 12:25:06,pgpfoundation
2024-04-08 12:25:06,hosseeb
2024-04-08 12:25:06,EMostaque
2024-04-08 12:25:06,WalkinEvents
2024-04-08 12:25:06,fabric_vc
2024-04-08 12:25:06,TryVenice
2024-04-08 12:25:06,4MdA62CeUh
2024-04-08 12:25:06,apple
2024-04-08 12:25:06,LayerZero_Labs
2024-04-08 12:25:06,MarieVaunt
2024-04-08 12:25:06,morosnet
2024-04-08 12:25:06,earndotcom
2024-04-08 12:25:06,zen_llama
2024-04-08 12:25:06,OwJfnQF6Re
2024-04-08 12:25:06,eG0CZL5IXH
2024-04-08 12:25:06,lexiemenyhart
2024-04-17 14:04:46,7Ssl4IvnPK
2024-04-17 14:04:46,affirm
2024-04-17 14:04:46,btcpolicyorg
2024-04-17 14:04:46,wN0dT799Wv
2024-04-17 14:04:46,HelloLumerin
2024-04-17 14:04:46,search?q=%24MOROS&src=cashtag_click
2024-04-17 14:04:46,enq_AI
2024-04-17 14:04:46,Immutable
2024-04-17 14:04:46,SaharaLabsAI
2024-04-17 14:04:46,Qy87VuaizA
2024-04-17 14:04:46,zen_llama
2024-04-17 14:04:46,search?q=%24rune&src=cashtag_click
2024-04-17 14:04:46,whatsyouryat
2024-04-17 14:04:46,marionawfal
2024-04-17 14:04:46,cryptogle
2024-04-17 14:04:46,Tari
2024-04-17 14:04:46,GetCohosts
2024-04-17 14:04:46,Unicode
2024-04-17 14:04:46,Garffish69
2024-04-17 14:04:46,roundtablespace
2024-04-17 14:04:46,QRGBddvcqI
2024-04-17 14:04:46,Flexport
2024-04-17 14:04:46,2cPqL2xpuh
2024-04-17 14:04:46,ku3eJLsh3u
2024-04-17 14:04:46,realErikDPrince
2024-04-17 14:04:46,lexiemenyhart
2024-04-17 14:04:46,JosephJacks_
2024-04-17 14:04:46,fakegingerbitch
2024-04-17 14:04:46,Figure_robot
2024-04-17 14:04:46,gluenet
2024-04-17 14:04:46,Hyland
2024-04-17 14:04:46,9NGiDhGND2
2024-04-17 14:04:46,shadowxyz
2024-04-17 14:04:46,technologypoet
2024-04-17 14:04:46,ChatGPTapp
2024-04-17 14:04:46,Sparkart
2024-04-17 14:04:46,Google
2024-04-17 14:04:46,hosseeb
2024-04-17 14:04:46,earndotcom
2024-04-17 14:04:46,monad_xyz
2024-04-17 14:04:46,metagame
2024-04-17 14:04:46,TheApeList_
2024-04-17 14:04:46,BrennerSpear
2024-04-17 14:04:46,nirmaanai
2024-04-17 14:04:46,OwJfnQF6Re
2024-04-17 14:04:46,solana
2024-04-17 14:04:46,eG0CZL5IXH
2024-04-17 14:04:46,eraqian
2024-04-17 14:04:46,nothingnyc
2024-04-17 14:04:46,charlestonccats
2024-04-17 14:04:46,paradigm
2024-04-17 14:04:46,NationalDebt
2024-04-17 14:04:46,MarioNawfal
2024-04-17 14:04:46,GeufiDWSmb
2024-04-17 14:04:46,OfficialLoganK
2024-04-17 14:04:46,dragonfly_xyz
2024-04-17 14:04:46,pgpfoundation
2024-04-17 14:04:46,KNTXTmusic
2024-04-17 14:04:46,morosnet
2024-04-17 14:04:46,SaGT3y9AtE
2024-04-17 14:04:46,unlayeredpod
2024-04-17 14:04:46,rodarmor
2024-04-17 14:04:46,AISafetyMemes
2024-04-17 14:04:46,fabric_vc
2024-04-17 14:04:46,NSmolenski
2024-04-17 14:04:46,ether_fi
2024-04-17 14:04:46,DavidSHolz
2024-04-17 14:04:46,ryankcondron
2024-04-17 14:04:46,EdgeAGI
2024-04-17 14:04:46,midjourney
2024-04-17 14:04:46,priva_xyz
2024-04-17 14:04:46,BoredCoobs
2024-04-17 14:04:46,danarchos_
2024-04-17 14:04:46,WalkinEvents
2024-04-17 14:04:46,seedphrase
2024-04-17 14:04:46,1l9ekCAT6z
2024-04-17 14:04:46,hyperbolic_labs
2024-04-17 14:04:46,MarieVaunt
2024-04-17 14:04:46,GodsUnchained
2024-04-17 14:04:46,apple
2024-04-17 14:04:46,OSSCapital
2024-04-17 14:04:46,4MdA62CeUh
2024-04-17 14:04:46,JdkBh8kToP
2024-04-17 14:04:46,Galaxyhq
2024-04-17 14:04:46,RuiHuang_art
2024-04-17 14:04:46,Airbnb
2024-04-17 14:04:46,getSquire
2024-04-17 14:04:46,miaferrariii
2024-04-17 14:04:46,MorpheusAIs
2024-04-17 14:04:46,txbitcoinfound
2024-04-17 14:04:46,lorenzofrankel
2024-04-17 14:04:46,EMostaque
2024-04-17 14:04:46,NaveenSpark
2024-04-17 14:04:46,TryVenice
2024-04-17 14:04:46,adcock_brett
2024-04-17 14:04:46,manveerxyz
2024-04-17 14:04:46,LayerZero_Labs
2024-05-03 17:10:50,krakenfx
2024-05-03 17:10:50,HuggingFace
2024-05-03 17:10:50,unchained_pod
2024-05-03 17:10:50,Cobratate
2024-05-03 17:10:50,mark_murdock3
2024-05-03 17:10:50,GreenRuneDildo
2024-05-03 17:10:50,Forbes
2024-05-03 17:10:50,pete_rizzo_
2024-05-03 17:10:50,WormholeFdn
2024-05-03 17:10:50,lifiprotocol
2024-05-03 17:10:50,Wormhole
2024-05-03 17:10:50,BitcoinMagazine
2024-05-03 17:10:50,GbvrjOkleC
2024-05-03 17:10:50,ClementDelangue
2024-05-03 17:10:50,huggingface
2024-05-03 17:10:50,layerzero_labs
2024-05-03 17:10:50,danreecer_
2024-05-03 17:10:50,VkRPD0VKaZ
2024-05-03 17:10:50,iLoveJaneAdams
2024-05-08 17:20:15,btJLTOVSK6
2024-05-08 17:20:15,thechrisbuskirk
2024-05-08 17:20:15,zerohedge
2024-05-08 17:20:15,1789Capital
2024-05-08 17:20:15,b2DF1rm9ij
2024-05-08 17:20:15,oVDAXOr6Ha
2024-05-08 19:43:32,CasaHODL
2024-05-08 19:43:32,INALdNGvCP
2024-05-08 19:43:32,MistralAI
2024-05-10 16:19:44,avax
2024-05-10 16:19:44,UCBerkeley
2024-05-10 16:19:44,citsecurities
2024-05-10 16:19:44,grok
2024-05-10 16:19:44,6079ai
2024-05-10 16:19:44,zjasper666
2024-05-10 16:19:44,vGwEsZXDiN
2024-05-10 16:19:44,Hyperbolic_Labs
2024-05-10 16:19:44,XZcGBdhG3h
2024-05-10 16:19:44,Uncensored_AI
2024-05-15 13:50:36,pixiekate13
2024-05-15 13:50:36,keFRdP3G5M
2024-05-15 13:50:36,FractionAI_xyz
2024-05-15 13:50:36,search?q=%24GME&src=cashtag_click
2024-05-15 13:50:36,TheRoaringKitty
2024-05-15 13:50:36,nyguild
2024-05-15 13:50:36,ucberkeley
2024-05-15 13:50:36,woj_zaremba
2024-05-15 13:50:36,decryptmedia
2024-05-15 13:50:36,columbia
2024-05-15 13:50:36,pcmag
2024-05-15 13:50:36,inputmag
2024-05-20 20:00:40,nUyWYjoOVd
2024-05-20 20:00:40,StabilityAI
2024-05-20 20:00:40,uwaterloo
2024-05-20 20:00:40,gensynai
2024-05-20 20:00:40,WOMBO
2024-05-20 20:00:40,FEEonline
2024-05-20 20:00:40,omegalabsai
2024-05-20 20:00:40,parshantdeep
2024-05-20 20:00:40,PatrickC1995
