2024-04-05 22:02:29,maggielove_
2024-04-05 22:02:29,aztecnetwork
2024-04-05 22:02:29,0xkydo
2024-04-05 22:02:29,42dqgsbvyp
2024-04-05 22:02:29,fortyiq
2024-04-05 22:02:29,zL0RbiPsub
2024-04-05 22:02:29,warlock_xyz
2024-04-05 22:02:29,astriaorg
2024-04-05 22:02:29,sonyasunkim
2024-04-05 22:02:29,YaleCompsci
2024-04-05 22:02:29,ObolNetwork
2024-04-05 22:02:29,MetaLeX_Labs
2024-04-05 22:02:29,clubfokus
2024-04-05 22:02:29,surfrider
2024-04-05 22:02:29,ValantisLabs
2024-04-05 22:02:29,layerzero_labs
2024-04-05 22:02:29,OisinKyne
2024-04-05 22:02:29,_bfarmer
2024-04-05 22:02:29,initc3org
2024-04-05 22:02:29,plutomisfits
2024-04-05 22:02:29,SchmittJunior
2024-04-05 22:02:29,jesslivingston
2024-04-05 22:02:29,gelatonetwork
2024-04-05 22:02:29,baincapital
2024-04-05 22:02:29,soubhik_deb
2024-04-05 22:02:29,coinbase
2024-04-05 22:02:29,Columbia_Biz
2024-04-05 22:02:29,lqlhDlDwIN
2024-04-05 22:02:29,iMiaSanMia
2024-04-05 22:02:29,zhayitong
2024-04-05 22:02:29,lightspeedpodhq
2024-04-05 22:02:29,joroshiba
2024-04-05 22:02:29,StarkWareLtd
2024-04-05 22:02:29,BrianQuintenz
2024-04-05 22:02:29,0xPolygon
2024-04-05 22:02:29,0xFunk
2024-04-05 22:02:29,celestiaorg
2024-04-05 22:02:29,hilmarxo
2024-04-05 22:02:29,totorovirus
2024-04-05 22:02:29,CelestiaOrg
2024-04-05 22:02:29,peshwarla
2024-04-05 22:02:29,lOf1sIUTD0
2024-04-05 22:02:29,arrakisfinance
2024-04-05 22:02:29,ballorientiert
2024-04-05 22:02:29,chainlinklabs
2024-04-05 22:02:29,steakhousefi
2024-04-05 22:02:29,AstriaOrg
2024-04-05 22:02:29,emmarosepb
2024-04-05 22:02:29,Ternoa_
2024-04-05 22:02:29,sproulM_
2024-04-05 22:02:29,JacobArluck
2024-04-05 22:02:29,eigenlayer
2024-04-05 22:02:29,nateliason
2024-04-05 22:02:29,iMiaSanMia_GER
2024-04-05 22:02:29,KVgIwt6b4i
2024-04-05 22:02:29,itamarreif
2024-04-05 22:02:29,eigen_da
2024-04-05 22:02:29,yale
2024-04-05 22:02:29,kapursanat
2024-04-05 22:02:29,echodotxyz
2024-04-05 22:02:29,a16zcrypto
2024-04-05 22:02:29,ethereum
2024-04-05 22:02:29,iMiaSanMia_en
2024-04-05 22:02:29,heliuslabs
2024-04-05 22:02:29,ArrakisFinance
2024-04-05 22:02:29,suave_bot
2024-04-05 22:02:29,ekrahm
2024-04-05 22:02:29,jonwu_
2024-04-05 22:02:29,IreneWu27
2024-04-05 22:02:29,dragonfly_xyz
2024-04-05 22:02:29,sigp_io
2024-04-05 22:02:29,archetypevc
2024-04-05 22:02:29,0xpolygonlabs
2024-04-05 22:02:29,0xMert_
2024-04-05 22:02:29,0xFanZhang
2024-04-05 22:02:29,nativelabs_
2024-04-05 22:02:29,paradigm
2024-04-05 22:02:29,omw_to_the_moon
2024-04-05 22:02:29,sourcex44
2024-04-05 22:02:29,eQaZILm0PW
2024-04-05 22:02:29,harvardHBS
2024-04-05 22:02:29,Cornell_Tech
2024-04-05 22:02:29,Cornell
2024-04-05 22:02:29,Starknet
2024-04-05 22:02:29,dimahledba
2024-04-05 22:02:29,ciamac
2024-04-05 22:02:29,SorellaLabs
2024-04-05 22:02:29,eigen_labs
2024-04-08 16:31:10,suave_bot
2024-04-08 16:31:10,ObolNetwork
2024-04-08 16:31:10,dimahledba
2024-04-08 16:31:10,lightspeedpodhq
2024-04-08 16:31:10,Ternoa_
2024-04-08 16:31:10,OisinKyne
2024-04-08 16:31:10,peshwarla
2024-04-08 16:31:10,0xkydo
2024-04-08 16:31:10,AstriaOrg
2024-04-08 16:31:10,JacobArluck
2024-04-08 16:31:10,astriaorg
2024-04-08 16:31:10,ballorientiert
2024-04-08 16:31:10,BrianQuintenz
2024-04-08 16:31:10,warlock_xyz
2024-04-08 16:31:10,0xMert_
2024-04-08 16:31:10,eigen_da
2024-04-08 16:31:10,ArrakisFinance
2024-04-08 16:31:10,sproulM_
2024-04-08 16:31:10,ekrahm
2024-04-08 16:31:10,Uchicago
2024-04-08 16:31:10,0xvanbeethoven
2024-04-08 16:31:10,echodotxyz
2024-04-08 16:31:10,heliuslabs
2024-04-08 16:31:10,Starknet
2024-04-08 16:31:10,itamarreif
2024-04-08 16:31:10,nateliason
2024-04-08 16:31:10,aztecnetwork
2024-04-08 16:31:10,sonyasunkim
2024-04-08 16:31:10,0xPolygon
2024-04-08 16:31:10,nativelabs_
2024-04-08 16:31:10,clubfokus
2024-04-08 16:31:10,42dqgsbvyp
2024-04-08 16:31:10,ValantisLabs
2024-04-08 16:31:10,0xFanZhang
2024-04-08 16:31:10,0xFunk
2024-04-08 16:31:10,emmarosepb
2024-04-08 16:31:10,Cornell
2024-04-08 16:31:10,harvardHBS
2024-04-08 16:31:10,hilmarxo
2024-04-08 16:31:10,iMiaSanMia_GER
2024-04-08 16:31:10,iMiaSanMia
2024-04-08 16:31:10,_bfarmer
2024-04-08 16:31:10,Columbia_Biz
2024-04-08 16:31:10,archetypevc
2024-04-08 16:31:10,Sorellalabs
2024-04-08 16:31:10,SorellaLabs
2024-04-08 16:31:10,celestiaorg
2024-04-08 16:31:10,iMiaSanMia_en
2024-04-08 16:31:10,eigenlayer
2024-04-08 16:31:10,arrakisfinance
2024-04-08 16:31:10,Cornell_Tech
2024-04-08 16:31:10,sigp_io
2024-04-08 16:31:10,a16zcrypto
2024-04-08 16:31:10,yale
2024-04-08 16:31:10,initc3org
2024-04-08 16:31:10,zhayitong
2024-04-08 16:31:10,maggielove_
2024-04-08 16:31:10,fortyiq
2024-04-08 16:31:10,ethereum
2024-04-08 16:31:10,jonwu_
2024-04-08 16:31:10,totorovirus
2024-04-08 16:31:10,soubhik_deb
2024-04-08 16:31:10,paradigm
2024-04-08 16:31:10,baincapital
2024-04-08 16:31:10,eigen_labs
2024-04-08 16:31:10,gelatonetwork
2024-04-08 16:31:10,IreneWu27
2024-04-08 16:31:10,omw_to_the_moon
2024-04-08 16:31:10,MetaLeX_Labs
2024-04-08 16:31:10,kapursanat
2024-04-08 16:31:10,StarkWareLtd
2024-04-08 16:31:10,lOf1sIUTD0
2024-04-08 16:31:10,KVgIwt6b4i
2024-04-08 16:31:10,steakhousefi
2024-04-08 16:31:10,CelestiaOrg
2024-04-08 16:31:10,eQaZILm0PW
2024-04-08 16:31:10,ciamac
2024-04-08 16:31:10,jesslivingston
2024-04-08 16:31:10,SchmittJunior
2024-04-08 16:31:10,lqlhDlDwIN
2024-04-08 16:31:10,layerzero_labs
2024-04-08 16:31:10,zL0RbiPsub
2024-04-08 16:31:10,chainlinklabs
2024-04-08 16:31:10,joroshiba
2024-04-08 16:31:10,YaleCompsci
2024-04-08 16:31:10,surfrider
2024-04-08 16:31:10,dragonfly_xyz
2024-04-08 12:12:19,dragonfly_xyz
2024-04-08 12:12:19,KVgIwt6b4i
2024-04-08 12:12:19,ValantisLabs
2024-04-08 12:12:19,ObolNetwork
2024-04-08 12:12:19,AstriaOrg
2024-04-08 12:12:19,iMiaSanMia
2024-04-08 12:12:19,eigenlayer
2024-04-08 12:12:19,omw_to_the_moon
2024-04-08 12:12:19,maggielove_
2024-04-08 12:12:19,a16zcrypto
2024-04-08 12:12:19,lqlhDlDwIN
2024-04-08 12:12:19,nativelabs_
2024-04-08 12:12:19,ballorientiertc
2024-04-08 12:12:19,YaleCompsci
2024-04-08 12:12:19,ciamac
2024-04-08 12:12:19,arrakisfinance
2024-04-08 12:12:19,sourcex44
2024-04-08 12:12:19,Uchicago
2024-04-08 12:12:19,SchmittJunior
2024-04-08 12:12:19,astriaorg
2024-04-08 12:12:19,0xFanZhang
2024-04-08 12:12:19,fortyiq
2024-04-08 12:12:19,0xPolygon
2024-04-08 12:12:19,chainlinklabs
2024-04-08 12:12:19,warlock_xyz
2024-04-08 12:12:19,Ternoa_
2024-04-08 12:12:19,rotkiapp
2024-04-08 12:12:19,jesslivingston
2024-04-08 12:12:19,0xFunk
2024-04-08 12:12:19,nateliason
2024-04-08 12:12:19,Columbia_Biz
2024-04-08 12:12:19,Starknet
2024-04-08 12:12:19,CelestiaOrg
2024-04-08 12:12:19,heliuslabs
2024-04-08 12:12:19,it17jUjnW8
2024-04-08 12:12:19,initc3org
2024-04-08 12:12:19,iMiaSanMia_GER
2024-04-08 12:12:19,hilmarxo
2024-04-08 12:12:19,ArrakisFinance
2024-04-08 12:12:19,0xvanbeethoven
2024-04-08 12:12:19,kapursanat
2024-04-08 12:12:19,ekrahm
2024-04-08 12:12:19,peshwarla
2024-04-08 12:12:19,ballorientiert
2024-04-08 12:12:19,paradigm
2024-04-08 12:12:19,itamarreif
2024-04-08 12:12:19,zhayitong
2024-04-08 12:12:19,StarkWareLtd
2024-04-08 12:12:19,surfrider
2024-04-08 12:12:19,MetaLeX_Labs
2024-04-08 12:12:19,Cornell_Tech
2024-04-08 12:12:19,steakhousefi
2024-04-08 12:12:19,IreneWu27
2024-04-08 12:12:19,0xpolygonlabs
2024-04-08 12:12:19,BrianQuintenz
2024-04-08 12:12:19,eigen_da
2024-04-08 12:12:19,0xkydo
2024-04-08 12:12:19,_bfarmer
2024-04-08 12:12:19,harvardHBS
2024-04-08 12:12:19,zL0RbiPsub
2024-04-08 12:12:19,eigen_labs
2024-04-08 12:12:19,ethereum
2024-04-08 12:12:19,iMiaSanMia_en
2024-04-08 12:12:19,42dqgsbvyp
2024-04-08 12:12:19,suave_bot
2024-04-08 12:12:19,baincapital
2024-04-08 12:12:19,eQaZILm0PW
2024-04-08 12:12:19,plutomisfits
2024-04-08 12:12:19,yale
2024-04-08 12:12:19,emmarosepb
2024-04-08 12:12:19,celestiaorg
2024-04-08 12:12:19,sonyasunkim
2024-04-08 12:12:19,archetypevc
2024-04-08 12:12:19,SorellaLabs
2024-04-08 12:12:19,soubhik_deb
2024-04-08 12:12:19,totorovirus
2024-04-08 12:12:19,gelatonetwork
2024-04-08 12:12:19,sproulM_
2024-04-08 12:12:19,layerzero_labs
2024-04-08 12:12:19,echodotxyz
2024-04-08 12:12:19,lightspeedpodhq
2024-04-08 12:12:19,aztecnetwork
2024-04-08 12:12:19,joroshiba
2024-04-08 12:12:19,Cornell
2024-04-08 12:12:19,0xMert_
2024-04-08 12:12:19,lOf1sIUTD0
2024-04-08 12:12:19,JacobArluck
2024-04-08 12:12:19,dimahledba
2024-04-08 12:12:19,sigp_io
2024-04-08 12:12:19,clubfokus
2024-04-08 12:12:19,Sorellalabs
2024-04-08 12:12:19,LefterisJP
2024-04-08 12:12:19,OisinKyne
2024-04-08 12:12:19,jonwu_
2024-04-17 13:40:09,eigen_labs
2024-04-17 13:40:09,steakhousefi
2024-04-17 13:40:09,0xvanbeethoven
2024-04-17 13:40:09,SchmittJunior
2024-04-17 13:40:09,hilmarxo
2024-04-17 13:40:09,sourcex44
2024-04-17 13:40:09,Ternoa_
2024-04-17 13:40:09,ArrakisFinance
2024-04-17 13:40:09,plutomisfits
2024-04-17 13:40:09,0xkydo
2024-04-17 13:40:09,OisinKyne
2024-04-17 13:40:09,heliuslabs
2024-04-17 13:40:09,0xpolygonlabs
2024-04-17 13:40:09,MorphoLabs
2024-04-17 13:40:09,ballorientiert
2024-04-17 13:40:09,lightspeedpodhq
2024-04-17 13:40:09,iMiaSanMia_GER
2024-04-17 13:40:09,CelestiaOrg
2024-04-17 13:40:09,ValantisLabs
2024-04-17 13:40:09,KVgIwt6b4i
2024-04-17 13:40:09,0xMert_
2024-04-17 13:40:09,clubfokus
2024-04-17 13:40:09,suave_bot
2024-04-17 13:40:09,rektguynft
2024-04-17 13:40:09,Initialized
2024-04-17 13:40:09,forgottenrunes
2024-04-17 13:40:09,JacobArluck
2024-04-17 13:40:09,garrytan
2024-04-17 13:40:09,_bfarmer
2024-04-17 13:40:09,emmarosepb
2024-04-17 13:40:09,surfrider
2024-04-17 13:40:09,initc3org
2024-04-17 13:40:09,soubhik_deb
2024-04-17 13:40:09,zhayitong
2024-04-17 13:40:09,Cornell_Tech
2024-04-17 13:40:09,YaleCompsci
2024-04-17 13:40:09,totorovirus
2024-04-17 13:40:09,joroshiba
2024-04-17 13:40:09,omw_to_the_moon
2024-04-17 13:40:09,0xFanZhang
2024-04-17 13:40:09,Sorellalabs
2024-04-17 13:40:09,arrakisfinance
2024-04-17 13:40:09,IreneWu27
2024-04-17 13:40:09,nativelabs_
2024-04-17 13:40:09,gelatonetwork
2024-04-17 13:40:09,itamarreif
2024-04-17 13:40:09,nateliason
2024-04-17 13:40:09,0xPolygon
2024-04-17 13:40:09,eigenlayer
2024-04-17 13:40:09,eQaZILm0PW
2024-04-17 13:40:09,sonyasunkim
2024-04-17 13:40:09,eigen_da
2024-04-17 13:40:09,MetaLeX_Labs
2024-04-17 13:40:09,it17jUjnW8
2024-04-17 13:40:09,LefterisJP
2024-04-17 13:40:09,dimahledba
2024-04-17 13:40:09,smlevin11
2024-04-17 13:40:09,echodotxyz
2024-04-17 13:40:09,maggielove_
2024-04-17 13:40:09,paradigm
2024-04-17 13:40:09,iMiaSanMia_en
2024-04-17 13:40:09,archetypevc
2024-04-17 13:40:09,dragonfly_xyz
2024-04-17 13:40:09,yale
2024-04-17 13:40:09,aztecnetwork
2024-04-17 13:40:09,6529Collections
2024-04-17 13:40:09,kapursanat
2024-04-17 13:40:09,Columbia_Biz
2024-04-17 13:40:09,Uchicago
2024-04-17 13:40:09,ObolNetwork
2024-04-17 13:40:09,baincapital
2024-04-17 13:40:09,layerzero_labs
2024-04-17 13:40:09,ycombinator
2024-04-17 13:40:09,sproulM_
2024-04-17 13:40:09,jonwu_
2024-04-17 13:40:09,jesslivingston
2024-04-17 13:40:09,42dqgsbvyp
2024-04-17 13:40:09,ekrahm
2024-04-17 13:40:09,fortyiq
2024-04-17 13:40:09,BrianQuintenz
2024-04-17 13:40:09,harvardHBS
2024-04-17 13:40:09,astriaorg
2024-04-17 13:40:09,0xFunk
2024-04-17 13:40:09,a16zcrypto
2024-04-17 13:40:09,StarkWareLtd
2024-04-17 13:40:09,celestiaorg
2024-04-17 13:40:09,rotkiapp
2024-04-17 13:40:09,Cornell
2024-04-17 13:40:09,PaulFrambot
2024-04-17 13:40:09,sigp_io
2024-04-17 13:40:09,ethereum
2024-04-17 13:40:09,warlock_xyz
2024-04-17 13:40:09,SorellaLabs
2024-04-17 13:40:09,q2HJBveKnf
2024-04-17 13:40:09,peshwarla
2024-04-17 13:40:09,lOf1sIUlNs
2024-04-17 13:40:09,chainlinklabs
2024-04-17 13:40:09,AstriaOrg
2024-04-17 13:40:09,ballorientiertc
2024-04-17 13:40:09,iMiaSanMia
2024-04-17 13:40:09,zL0RbiPsub
2024-04-17 13:40:09,ciamac
2024-05-03 16:58:12,vocdoni
2024-05-03 16:58:12,Starknet
2024-05-03 16:58:12,chainbound_
2024-05-03 16:58:12,Ehdri6rqvV
2024-05-03 16:58:12,zMjvYMCHEt
2024-05-03 16:58:12,potshotpod
2024-05-03 16:58:12,Eulenberg_
2024-05-03 16:58:12,IjTPXIMML1
2024-05-03 16:58:12,Aragonproject
2024-05-03 16:58:12,A_Leutenegger
2024-05-03 16:58:12,JogoBonitoUK
2024-05-03 16:58:12,WXdwm9Qqrg
2024-05-03 16:58:12,Arsenal
2024-05-03 16:58:12,THHDUBkCe4
2024-05-03 16:58:12,mempirate
2024-05-03 16:58:12,cryptowanderer
2024-05-03 16:58:12,halbraumkuebi
2024-05-03 16:58:12,Eintracht
2024-05-03 16:58:12,AgoraGovernance
2024-05-08 17:08:23,ThomasBraziel
2024-05-20 19:51:32,berkeleyhaas
2024-05-20 19:51:32,ATRightMovies
2024-05-20 19:51:32,Meta
2024-05-20 19:51:32,Uniswap
2024-05-20 19:51:32,jumptrading
2024-05-20 19:51:32,LathamWatkins
2024-05-20 19:51:32,CitSecurities
2024-05-20 19:51:32,dYdX
2024-05-20 19:51:32,AvaLabs
2024-05-20 19:51:32,HasuBackup
2024-05-20 19:51:32,Ripple
2024-05-20 19:51:32,thelatestindefi
2024-05-20 19:51:32,D2IQ
2024-05-20 19:51:32,kafka2046
2024-05-20 19:51:32,Oracle
2024-05-20 19:51:32,vjXmVi7IOu
2024-05-20 19:51:32,meta
2024-05-20 19:51:32,yangl1996
2024-05-20 19:51:32,shayne_coplan
2024-05-20 19:51:32,collins_belton
2024-05-20 19:51:32,jtriley_eth
2024-05-20 19:51:32,0xLitquidity
2024-05-20 19:51:32,ConsenSys
2024-05-20 19:51:32,kevinxpang
2024-05-20 19:51:32,Polymarket
2024-05-20 19:51:32,megaeth_labs
2024-05-20 19:51:32,EclipseFND
2024-05-20 19:51:32,eawosikaa
2024-05-20 19:51:32,Ethereum2077
2024-05-20 19:51:32,OpenAI
2024-05-20 19:51:32,talbroda
2024-05-20 19:51:32,lobstermindset
