2024-04-05 22:45:23,pofunder
2024-04-05 22:45:23,PunkVenturesDAO
2024-04-05 22:45:23,eawosikaa
2024-04-05 22:45:23,solana
2024-04-05 22:45:23,0xkrishb
2024-04-05 22:45:23,GeorgePBeall
2024-04-05 22:45:23,thenextweb
2024-04-05 22:45:23,trustmachinesco
2024-04-05 22:45:23,RiscZero
2024-04-05 22:45:23,shadyjawn
2024-04-05 22:45:23,tiogacapital
2024-04-05 22:45:23,FactionVC
2024-04-05 22:45:23,ZostelHostel
2024-04-05 22:45:23,gauntlet_xyz
2024-04-05 22:45:23,SwethaPD
2024-04-05 22:45:23,Bybit_official
2024-04-05 22:45:23,near_ai
2024-04-05 22:45:23,tim_khoury
2024-04-05 22:45:23,RISCZero
2024-04-05 22:45:23,hrs_2220
2024-04-05 22:45:23,gsg_digital
2024-04-05 22:45:23,vakaytion
2024-04-05 22:45:23,WhaleFUD
2024-04-05 22:45:23,trentdotsol
2024-04-05 22:45:23,izsu_z
2024-04-05 22:45:23,DCGco
2024-04-05 22:45:23,AmandaKEvents
2024-04-05 22:45:23,flaq_club
2024-04-05 22:45:23,metamask
2024-04-05 22:45:23,lookout
2024-04-05 22:45:23,mydukaanapp
2024-04-05 22:45:23,ellipsis_labs
2024-04-05 22:45:23,ynonestop
2024-04-05 22:45:23,earngather
2024-04-05 22:45:23,ShaneBarratt
2024-04-05 22:45:23,dcdaoxyz
2024-04-05 22:45:23,LightspeedVP
2024-04-05 22:45:23,ben_mckenzie
2024-04-05 22:45:23,jarxiao
2024-04-05 22:45:23,superteamDAO
2024-04-05 22:45:23,STFX_Matthew
2024-04-05 22:45:23,AvaLabsOfficial
2024-04-05 22:45:23,rollchains
2024-04-05 22:45:23,RavenCorexyz
2024-04-05 22:45:23,developer_dao
2024-04-05 22:45:23,UmbraResearch
2024-04-05 22:45:23,3dns_inc
2024-04-05 22:45:23,lyft
2024-04-05 22:45:23,GeckoTerminal
2024-04-05 22:45:23,QkCog6MLEK
2024-04-05 22:45:23,leatherbtc
2024-04-05 22:45:23,Microsoft
2024-04-05 22:45:23,ShaileeA
2024-04-05 22:45:23,dexscreener
2024-04-05 22:45:23,imthatcarlos
2024-04-05 22:45:23,jokubaitisL
2024-04-05 22:45:23,IQWIKI
2024-04-05 22:45:23,jonrussell
2024-04-05 22:45:23,zetablockchain
2024-04-05 22:45:23,TSUlqSpUlh
2024-04-05 22:45:23,ink_dao
2024-04-05 22:45:23,madfiprotocol
2024-04-05 22:45:23,cryptocom_cap
2024-04-05 22:45:23,JulesUrbach
2024-04-05 22:45:23,thekenweb
2024-04-05 22:45:23,0xShitTrader
2024-04-05 22:45:23,search?q=%24bonsai&src=cashtag_click
2024-04-05 22:45:23,TimeswapLabs
2024-04-05 22:45:23,asiatechreview
2024-04-05 22:45:23,ssh_nkar
2024-04-05 22:45:23,lhordkrane
2024-04-05 22:45:23,0fcounsel
2024-04-05 22:45:23,amazon
2024-04-05 22:45:23,mosync
2024-04-05 22:45:23,OTL1xZiTD0
2024-04-05 22:45:23,tsarnick
2024-04-05 22:45:23,anza_xyz
2024-04-05 22:45:23,hicommonwealth
2024-04-05 22:45:23,search?q=%24COST&src=cashtag_click
2024-04-05 22:45:23,AlloraNetwork
2024-04-05 22:45:23,techcrunch
2024-04-05 22:45:23,echodotxyz
2024-04-05 22:45:23,Station3NYC
2024-04-05 22:45:23,L2x6dVfnZo
2024-04-05 22:45:23,fetcchX
2024-04-05 22:45:23,GrabSG
2024-04-05 22:45:23,shefiorg
2024-04-05 22:45:23,shadddowfax
2024-04-05 22:45:23,lapgandhi
2024-04-05 22:45:23,Coinbase
2024-04-05 22:45:23,60Minutes
2024-04-05 22:45:23,AdXUVjS3iF
2024-04-05 22:45:23,ytUYxQBwaZ
2024-04-05 22:45:23,FhMw2wdAJ3
2024-04-05 22:45:23,The_Zo_World
2024-04-05 22:45:23,bitgetglobal
2024-04-05 22:45:23,waleswoosh
2024-04-05 22:45:23,CoinTrader01
2024-04-05 22:45:23,OTOY
2024-04-05 22:45:23,LushAIAgency
2024-04-05 22:45:23,RiscZeroIntern
2024-04-05 22:45:23,buttrfly_app
2024-04-05 22:45:23,lensplayxyz
2024-04-05 22:45:23,costcodogsol
2024-04-05 22:45:23,deankrauss
2024-04-05 22:45:23,0xAlphaGEMs
2024-04-05 22:45:23,worldofwomennft
2024-04-05 22:45:23,clashofclans
2024-04-05 22:45:23,AvailProject
2024-04-05 22:45:23,solanalabs
2024-04-05 22:45:23,coingecko
2024-04-05 22:45:23,ConsenSys
2024-04-08 16:53:05,search?q=%24TRG&src=cashtag_click
2024-04-08 16:53:05,clashofclans
2024-04-08 16:53:05,GeckoTerminal
2024-04-08 16:53:05,gsg_digital
2024-04-08 16:53:05,0xkrishb
2024-04-08 16:53:05,AftermathFi
2024-04-08 16:53:05,suilendprotocol
2024-04-08 16:53:05,CoinTrader01
2024-04-08 16:53:05,MqqLm1PzSX
2024-04-08 16:53:05,UmbraResearch
2024-04-08 16:53:05,EkuboProtocol
2024-04-08 16:53:05,3dns_inc
2024-04-08 16:53:05,RISCZero
2024-04-08 16:53:05,jonrussell
2024-04-08 16:53:05,TSUlqSpUlh
2024-04-08 16:53:05,MarRampy
2024-04-08 16:53:05,Bybit_official
2024-04-08 16:53:05,solanalabs
2024-04-08 16:53:05,cryptocom_cap
2024-04-08 16:53:05,coingecko
2024-04-08 16:53:05,0xairtx
2024-04-08 16:53:05,0xAlphaGEMs
2024-04-08 16:53:05,_nishil_
2024-04-08 16:53:05,mscchung
2024-04-08 16:53:05,hicommonwealth
2024-04-08 16:53:05,RavenCorexyz
2024-04-08 16:53:05,thekenweb
2024-04-08 16:53:05,Starknet
2024-04-08 16:53:05,IQWIKI
2024-04-08 16:53:05,ytUYxQBwaZ
2024-04-08 16:53:05,solana
2024-04-08 16:53:05,rollchains
2024-04-08 16:53:05,ink_dao
2024-04-08 16:53:05,search?q=%24bonsai&src=cashtag_click
2024-04-08 16:53:05,ynonestop
2024-04-08 16:53:05,2VIXnO28Tl
2024-04-08 16:53:05,Nitro_Labs
2024-04-08 16:53:05,Georgetown
2024-04-08 16:53:05,search?q=%24RVLT&src=cashtag_click
2024-04-08 16:53:05,ShaneBarratt
2024-04-08 16:53:05,imthatcarlos
2024-04-08 16:53:05,GeorgePBeall
2024-04-08 16:53:05,shadddowfax
2024-04-08 16:53:05,TimeswapLabs
2024-04-08 16:53:05,colo
2024-04-08 16:53:05,gauntlet_xyz
2024-04-08 16:53:05,solendprotocol
2024-04-08 16:53:05,trentdotsol
2024-04-08 16:53:05,zetablockchain
2024-04-08 16:53:05,0xShitTrader
2024-04-08 16:53:05,tsarnick
2024-04-08 16:53:05,eigenlayer
2024-04-08 16:53:05,thenextweb
2024-04-08 16:53:05,izsu_z
2024-04-08 16:53:05,OverclockSol
2024-04-08 16:53:05,ZostelHostel
2024-04-08 16:53:05,ellipsis_labs
2024-04-08 16:53:05,HouseofChimera
2024-04-08 16:53:05,FhMw2wdAJ3
2024-04-08 16:53:05,search?q=%24CULT&src=cashtag_click
2024-04-08 16:53:05,OreSupply
2024-04-08 16:53:05,ben_mckenzie
2024-04-08 16:53:05,lapgandhi
2024-04-08 16:53:05,ethereum
2024-04-08 16:53:05,SwethaPD
2024-04-08 16:53:05,bitgetglobal
2024-04-08 16:53:05,RiscZeroIntern
2024-04-08 16:53:05,techcrunch
2024-04-08 16:53:05,jokubaitisL
2024-04-08 16:53:05,deankrauss
2024-04-08 16:53:05,biconomy
2024-04-08 16:53:05,lhordkrane
2024-04-08 16:53:05,tiogacapital
2024-04-08 16:53:05,search?q=%24COST&src=cashtag_click
2024-04-08 16:53:05,pofunder
2024-04-08 16:53:05,jarxiao
2024-04-08 16:53:05,AvailProject
2024-04-08 16:53:05,shadyjawn
2024-04-08 16:53:05,costcodogsol
2024-04-08 16:53:05,lsukernik
2024-04-08 16:53:05,Sei_FND
2024-04-08 16:53:05,token_italy
2024-04-08 16:53:05,madfiprotocol
2024-04-08 16:53:05,0xkenjiii
2024-04-08 16:53:05,The_Zo_World
2024-04-08 16:53:05,ESYudkowsky
2024-04-08 16:53:05,bitspblockchain
2024-04-08 16:53:05,hi_reverie
2024-04-08 16:53:05,Safaryclub
2024-04-08 16:53:05,shefiorg
2024-04-08 16:53:05,PunkVenturesDAO
2024-04-08 16:53:05,asiatechreview
2024-04-08 16:53:05,anza_xyz
2024-04-08 16:53:05,amazon
2024-04-08 16:53:05,waleswoosh
2024-04-08 16:53:05,eoracle_network
2024-04-08 16:53:05,superteamDAO
2024-04-08 16:53:05,7LayerMagik
2024-04-08 12:23:41,search?q=%24RVLT&src=cashtag_click
2024-04-08 12:23:41,EkuboProtocol
2024-04-08 12:23:41,suilendprotocol
2024-04-08 12:23:41,biconomy
2024-04-08 12:23:41,bitspblockchain
2024-04-08 12:23:41,eoracle_network
2024-04-08 12:23:41,Sei_FND
2024-04-08 12:23:41,search?q=%24CULT&src=cashtag_click
2024-04-08 12:23:41,eigenlayer
2024-04-08 12:23:41,HouseofChimera
2024-04-08 12:23:41,AftermathFi
2024-04-08 12:23:41,0xkenjiii
2024-04-08 12:23:41,mscchung
2024-04-08 12:23:41,solendprotocol
2024-04-08 12:23:41,2VIXnO28Tl
2024-04-08 12:23:41,Nitro_Labs
2024-04-08 12:23:41,Starknet
2024-04-08 12:23:41,Safaryclub
2024-04-08 12:23:41,MqqLm1PzSX
2024-04-08 12:23:41,OverclockSol
2024-04-08 12:23:41,Georgetown
2024-04-08 12:23:41,search?q=%24TRG&src=cashtag_click
2024-04-08 12:23:41,ethereum
2024-04-08 12:23:41,MarRampy
2024-04-08 12:23:41,OreSupply
2024-04-08 12:23:41,token_italy
2024-04-08 12:23:41,0xairtx
2024-04-08 12:23:41,7LayerMagik
2024-04-08 12:23:41,colo
2024-04-08 12:23:41,_nishil_
2024-04-17 13:57:14,anoma
2024-04-17 13:57:14,DoublePeakGroup
2024-04-17 13:57:14,MerschMax_
2024-04-17 13:57:14,rohemani
2024-04-17 13:57:14,iPolloverse
2024-04-17 13:57:14,NexusLabsHQ
2024-04-17 13:57:14,Nukri_Super
2024-04-17 13:57:14,awasunyin
2024-04-17 13:57:14,67eEVrdLnI
2024-04-17 13:57:14,bagel_network
2024-04-17 13:57:14,iPolloCN
2024-04-17 13:57:14,Lions
2024-04-17 13:57:14,OmerShlomovits
2024-04-17 13:57:14,CyberConnectHQ
2024-04-17 13:57:14,GCRClassic
2024-04-17 13:57:14,NFTLAlive
2024-04-17 13:57:14,d9BYyQrzt2
2024-04-17 13:57:14,columbia
2024-04-17 13:57:14,PwC
2024-04-17 13:57:14,BillSPACman
2024-04-17 13:57:14,stillgray
2024-04-17 13:57:14,sophon
2024-04-17 13:57:14,Memeland
2024-04-17 13:57:14,GEODNET_
2024-04-17 13:57:14,9GAG
2024-04-17 13:57:14,EdgeOfCo
2024-04-17 13:57:14,StanfordGSB
2024-04-17 13:57:14,NanoLabsLtd
2024-04-17 13:57:14,metagov_project
2024-04-17 13:57:14,StanfordCrypto
2024-04-17 13:57:14,Cameron_Dennis_
2024-04-17 13:57:14,0xPolygonLabs
2024-04-17 13:57:14,gitcoin
2024-04-17 13:57:14,NEARProtocol
2024-04-17 13:57:14,driaforall
2024-04-17 13:57:14,availspaceapp
2024-04-17 13:57:14,FirstBatchxyz_
2024-04-17 13:57:14,LucasKozinski
2024-04-17 13:57:14,sofamon_xyz
2024-04-17 13:57:14,0xfiredrops
2024-04-17 13:57:14,ensdomains
2024-04-17 13:57:14,ClashRoyale
2024-04-17 13:57:14,0xPolygon
2024-04-17 13:57:14,flipkart
2024-04-17 13:57:14,galenlawkun
2024-04-17 13:57:14,0oArp7mWhx
2024-04-17 13:57:14,Banyan_NEAR
2024-04-17 13:57:14,h2A9GRdUQU
2024-04-17 13:57:14,EdgeOf_AI
2024-04-17 13:57:14,Onchaincity
2024-04-17 13:57:14,Aniirban19
2024-04-17 13:57:14,punk8185
2024-04-17 13:57:14,namada
2024-04-17 13:57:14,EdgeOfNFT
2024-04-17 13:57:14,OreSupply
2024-04-17 13:57:14,RenzoProtocol
2024-04-17 13:57:14,mogmachine
2024-04-17 13:57:14,0xRickyW
2024-04-17 13:57:14,CoinbaseWallet
2024-04-17 13:57:14,kernel0x
2024-04-17 13:57:14,FjordFoundry
2024-04-17 13:57:14,bonvoyagebrooke
2024-04-17 13:57:14,Flipkart
2024-04-17 13:57:14,UofIllinois
2024-04-17 13:57:14,WazzCrypto
2024-04-17 13:57:14,CataniaNathan
2024-04-17 13:57:14,fabric_vc
2024-04-17 13:57:14,super__protocol
2024-04-17 13:57:14,HardhatChad
2024-04-17 13:57:14,TheBAFNetwork
2024-04-17 13:57:14,fulbrightprgrm
2024-04-17 13:57:14,XReg_Consulting
2024-04-17 13:57:14,moonwellDeFi
2024-04-17 13:57:14,AIWayfinder
2024-04-17 13:57:14,tokensoftinc
2024-04-17 13:57:14,notscottmoore
2024-04-17 13:57:14,optimismfnd
2024-04-17 13:57:14,amazon
2024-04-17 13:57:14,Memecoin
2024-04-17 13:57:14,scapicxr
2024-04-17 13:57:14,iPolloMiner
2024-04-17 13:57:14,SocketProtocol
2024-04-17 13:57:14,wassielawyer
2024-04-17 13:57:14,buildatautonomy
2024-04-17 13:57:14,Ingo_zk
2024-04-17 13:57:14,tezosfoundation
2024-04-17 13:57:14,BanklessVC
2024-04-17 13:57:14,0xKimberly
2024-04-17 13:57:14,ajaypv4
2024-04-17 13:57:14,cyberport_hk
2024-04-17 13:57:14,9gagceo
2024-05-03 17:09:15,eidon_ai
2024-05-03 17:09:15,PrimeIntellect
2024-05-03 17:09:15,0xVanna
2024-05-03 17:09:15,aoTheComputer
2024-05-03 17:09:15,SJ8dkmO0BE
2024-05-03 17:09:15,hrishioa
2024-05-03 17:09:15,heyiamrky
2024-05-03 17:09:15,MartinShkreli
2024-05-03 17:09:15,alliancedao
2024-05-03 17:09:15,0xcarnation
2024-05-03 17:09:15,bobby_beniers
2024-05-03 17:09:15,9TF9m3AbIc
2024-05-03 17:09:15,polychain
2024-05-03 17:09:15,LoadingALIAS
2024-05-03 17:09:15,PulchraMens
2024-05-03 17:09:15,Re_Squared
2024-05-03 17:09:15,asymmetric_re
2024-05-03 17:09:15,legendsinvest
2024-05-03 17:09:15,streamflow_fi
2024-05-03 17:09:15,yangl1996
2024-05-03 17:09:15,larvalads
2024-05-03 17:09:15,ZKVaA0ozAk
2024-05-03 17:09:15,__geometrydev__
2024-05-03 17:09:15,JvxSy9X0Ji
2024-05-03 17:09:15,Ethereum2077
2024-05-03 17:09:15,x
2024-05-03 17:09:15,eawosikaa
2024-05-03 17:09:15,consensys
2024-05-03 17:09:15,eigenfoundation
2024-05-03 17:09:15,ConvexCat
2024-05-03 17:09:15,ApexFusion
2024-05-03 17:09:15,GNext5000
2024-05-03 17:09:15,web3superpower
2024-05-03 17:09:15,shadid_io
2024-05-03 17:09:15,0xevevm
2024-05-03 17:09:15,megaeth_labs
2024-05-03 17:09:15,BackseatVC
2024-05-03 17:09:15,Google
2024-05-03 17:09:15,labs_electron
2024-05-03 17:09:15,3NC0duKF4a
2024-05-03 17:09:15,DuU6MMqcgQ
2024-05-03 17:09:15,NASA
2024-05-03 17:09:15,Coinbase
2024-05-03 17:09:15,GalaxyHQ
2024-05-03 17:09:15,TwoSigma
2024-05-03 17:09:15,ptraughber
2024-05-03 17:09:15,laurabrooksie1
2024-05-03 17:09:15,Cal
2024-05-03 17:09:15,justinkan
2024-05-03 17:09:15,lightnodevent
2024-05-03 17:09:15,sundaeswap
2024-05-03 17:09:15,appfolio
2024-05-03 17:09:15,uwaterloo
2024-05-03 17:09:15,thenetrunna
2024-05-03 17:09:15,AethirCloud
2024-05-03 17:09:15,JohnsHopkins
2024-05-03 17:09:15,HugoMartingale
2024-05-03 17:09:15,stanfordbuilds
2024-05-03 17:09:15,HASHCIB
2024-05-03 17:09:15,Chroniclelabs
2024-05-03 17:09:15,stripe
2024-05-03 17:09:15,stanford
2024-05-03 17:09:15,Jensencoin
2024-05-03 17:09:15,nZpBbAAPOO
2024-05-03 17:09:15,praxisnation
2024-05-03 17:09:15,twosigma
2024-05-03 17:09:15,0xranvir
2024-05-03 17:09:15,0THO58doBm
2024-05-03 17:09:15,kemonokaki
2024-05-03 17:09:15,CryptFyn
2024-05-03 17:09:15,betterhelp
2024-05-03 17:09:15,eli5_defi
2024-05-03 17:09:15,ionet
2024-05-03 17:09:15,XCOPYART
2024-05-03 17:09:15,oMIiyJcIzk
2024-05-03 17:09:15,Meta
2024-05-03 17:09:15,zUwG7VcGJN
2024-05-03 17:09:15,jensenhaji
2024-05-03 17:09:15,AllenNaliath
2024-05-03 17:09:15,Foresight_News
2024-05-03 17:09:15,0xdjma
2024-05-03 17:09:15,nebrazkp
2024-05-03 17:09:15,shog_AGI
2024-05-03 17:09:15,MakerDAO
2024-05-03 17:09:15,MetaLawMan
2024-05-03 17:09:15,artembwright
2024-05-03 17:09:15,eigenlayer
2024-05-03 17:09:15,bru_finance
2024-05-03 17:09:15,on4Jt5ON6E
2024-05-03 17:09:15,lzin5ByH0t
2024-05-03 17:09:15,polymarket
2024-05-03 17:09:15,s1nvQoWoBC
2024-05-08 17:18:33,muasIr0PuD
2024-05-08 17:18:33,DN_Founder
2024-05-08 17:18:33,_kaitoai
2024-05-08 17:18:33,DegenerateNews
2024-05-08 17:18:33,CgUN5Xiivz
2024-05-08 17:18:33,JvxSy9WsTK
2024-05-08 17:18:33,GUy99qMi2O
2024-05-08 17:18:33,chameleon_jeff
2024-05-08 17:18:33,FeederRotation
2024-05-08 17:18:33,hyperliquidx
2024-05-08 17:18:33,nonce_community
2024-05-08 17:18:33,jiwoo_jun
2024-05-08 17:18:33,4c1bFOTy89
2024-05-08 17:18:33,shibshib89
2024-05-08 17:18:33,9TF9m3zDSE
2024-05-10 16:18:04,solanalabs
2024-05-10 16:18:04,Immutable
2024-05-10 16:18:04,Reddit
2024-05-10 16:18:04,Station3NYC
2024-05-10 16:18:04,CyfrinAudits
2024-05-10 16:18:04,MattTaylorLoL
2024-05-10 16:18:04,bhenhsi
2024-05-10 16:18:04,dkhB6oWZ08
2024-05-10 16:18:04,EmonMotamedi
2024-05-10 16:18:04,dimo_network
2024-05-10 16:18:04,NYCMayor
2024-05-10 16:18:04,alexsrawitz
2024-05-10 16:18:04,hyperbolic_labs
2024-05-10 16:18:04,RJ0OLYJlMs
2024-05-10 16:18:04,SaGT3y9AtE
2024-05-10 16:18:04,hero_glyphs
2024-05-10 16:18:04,movementlabsxyz
2024-05-10 16:18:04,monad_xyz
2024-05-10 16:18:04,BasedVC
2024-05-10 16:18:04,maven11capital
2024-05-10 16:18:04,BalderBomans
2024-05-10 16:18:04,kvncnls
2024-05-10 16:18:04,UrbanArtsOrg
2024-05-10 16:18:04,VCYOFsWpYn
2024-05-10 16:18:04,PolygonNYC
2024-05-10 16:18:04,Solana
2024-05-15 13:48:57,UofGlasgow
2024-05-15 13:48:57,expatlitj
2024-05-15 13:48:57,heliumfndn
2024-05-15 13:48:57,OrangeDAOxyz
2024-05-15 13:48:57,MollyJZuckerman
2024-05-15 13:48:57,_duckhead
2024-05-15 13:48:57,permissionless
2024-05-15 13:48:57,ACJRNetwork
2024-05-15 13:48:57,shayne_coplan
2024-05-15 13:48:57,RPS_Network
2024-05-15 13:48:57,theempirepod
2024-05-15 13:48:57,QqRUsvzHZF
2024-05-15 13:48:57,blockworks_
2024-05-15 13:48:57,xraylitmag
2024-05-15 13:48:57,myshell_ai
2024-05-15 13:48:57,3OJfnUHG57
2024-05-15 13:48:57,RPS_Labs
2024-05-15 13:48:57,pipeline_xyz
2024-05-15 13:48:57,buildoneigen
2024-05-15 13:48:57,zkSync
2024-05-15 13:48:57,frwell_trans
2024-05-15 13:48:57,Artificio_Org
2024-05-15 13:48:57,lastdotnet
2024-05-15 13:48:57,TryVenice
2024-05-15 13:48:57,the_matter_labs
2024-05-15 13:48:57,TheRoaringKitty
2024-05-15 13:48:57,chainlink
2024-05-15 13:48:57,bidhanxyz
2024-05-15 13:48:57,orangeDAOxyz
2024-05-15 13:48:57,Blockworks_
2024-05-15 13:48:57,Ozhar
2024-05-15 13:48:57,Polymarket
2024-05-15 13:48:57,arweaveEco
2024-05-15 13:48:57,XiaotongSun6
2024-05-15 13:48:57,utwani_aarti
2024-05-15 13:48:57,helium
2024-05-15 13:48:57,_omgnicklachey
2024-05-15 13:48:57,mpmcsweeney
2024-05-15 13:48:57,Amazon
2024-05-15 13:48:57,iUPC8ijDPN
2024-05-15 13:48:57,Instacart
2024-05-15 13:48:57,TheForesightAI
2024-05-15 13:48:57,JasonYanowitz
2024-05-15 13:48:57,CityUMacau
2024-05-15 13:48:57,HWihler
2024-05-15 13:48:57,ErikVoorhees
2024-05-15 13:48:57,hey_madni
2024-05-15 13:48:57,0xENAS
2024-05-20 19:59:02,mitchliu
2024-05-20 19:59:02,DoctorPepee
2024-05-20 19:59:02,Theta_Network
2024-05-20 19:59:02,simonch00
2024-05-20 19:59:02,tyqwF5KhAF
2024-05-20 19:59:02,OrdinalsNFT
2024-05-20 19:59:02,QpnLRvj8uc
2024-05-20 19:59:02,EclipseFi
2024-05-20 19:59:02,stoicsavage
2024-05-20 19:59:02,aspecta_id
2024-05-20 19:59:02,funky_onchain_
2024-05-20 19:59:02,producthunt
2024-05-20 19:59:02,snxambassadors
2024-05-20 19:59:02,beondeck
2024-05-20 19:59:02,WestieCapital
2024-05-20 19:59:02,turpentinemedia
2024-05-20 19:59:02,villageglobal
2024-05-20 19:59:02,search?q=%24OLM&src=cashtag_click
2024-05-20 19:59:02,153uQoVllU
2024-05-20 19:59:02,blockworksres
2024-05-20 19:59:02,eriktorenberg
2024-05-20 19:59:02,ORAprotocol
2024-05-20 19:59:02,partyhatDAO
2024-05-20 19:59:02,0xKartin
