2024-04-05 22:05:55,StabilityAI
2024-04-05 22:05:55,VitalikButerin
2024-04-05 22:05:55,ZehraDidntSay
2024-04-05 22:05:55,harmonai_org
2024-04-05 22:05:55,openbioml
2024-04-05 22:05:55,StabilityAI_JP
2024-04-05 22:05:55,archillinks
2024-04-05 22:05:55,iScienceLuvr
2024-04-05 22:05:55,StableAudio
2024-04-05 22:05:55,MedARC_AI
2024-04-05 22:05:55,XQa6rMwh7A
2024-04-05 22:05:55,gwern
2024-04-05 22:05:55,4GidJOvIKC
2024-04-05 22:05:55,archillect
2024-04-05 22:05:55,elonmusk
2024-04-05 22:05:55,U7Oh7xumQp
2024-04-08 16:33:51,archillinks
2024-04-08 16:33:51,elonmusk
2024-04-08 16:33:51,archillect
2024-04-08 16:33:51,VitalikButerin
2024-04-08 16:33:51,StabilityAI
2024-04-08 16:33:51,iScienceLuvr
2024-04-08 16:33:51,gwern
2024-04-08 16:33:51,harmonai_org
2024-04-08 16:33:51,MedARC_AI
2024-04-08 16:33:51,4GidJOvIKC
2024-04-08 16:33:51,openbioml
2024-04-08 16:33:51,StableAudio
2024-04-08 16:33:51,U7Oh7xumQp
2024-04-08 16:33:51,ZehraDidntSay
2024-04-08 16:33:51,XQa6rMwh7A
2024-04-08 16:33:51,StabilityAI_JP
2024-04-08 12:15:01,openbioml
2024-04-08 12:15:01,harmonai_org
2024-04-08 12:15:01,StabilityAI_JP
2024-04-08 12:15:01,MedARC_AI
2024-04-08 12:15:01,iScienceLuvr
2024-04-08 12:15:01,XQa6rMwh7A
2024-04-08 12:15:01,VitalikButerin
2024-04-08 12:15:01,StabilityAI
2024-04-08 12:15:01,elonmusk
2024-04-08 12:15:01,archillinks
2024-04-08 12:15:01,U7Oh7xumQp
2024-04-08 12:15:01,StableAudio
2024-04-08 12:15:01,gwern
2024-04-08 12:15:01,archillect
2024-04-08 12:15:01,4GidJOvIKC
2024-04-08 12:15:01,ZehraDidntSay
2024-04-17 13:42:27,harmonai_org
2024-04-17 13:42:27,openbioml
2024-04-17 13:42:27,StabilityAI
2024-04-17 13:42:27,XQa6rMwh7A
2024-04-17 13:42:27,StableAudio
2024-04-17 13:42:27,U7Oh7xumQp
2024-04-17 13:42:27,iScienceLuvr
2024-04-17 13:42:27,MedARC_AI
2024-04-17 13:42:27,ZehraDidntSay
2024-04-17 13:42:27,4GidJOvaV4
2024-04-17 13:42:27,archillect
2024-04-17 13:42:27,elonmusk
2024-04-17 13:42:27,VitalikButerin
2024-04-17 13:42:27,archillinks
2024-04-17 13:42:27,StabilityAI_JP
2024-04-17 13:42:27,gwern
