2024-04-05 22:12:41,JohnArnoldTen31
2024-04-05 22:12:41,TotemMacro
2024-04-05 22:12:41,Blackstone
2024-04-05 22:12:41,chiefaioffice
2024-04-05 22:12:41,lwkzyUqeAx
2024-04-05 22:12:41,highrespodcast
2024-04-05 22:12:41,Nick_van_Eck
2024-04-05 22:12:41,Jordy__Long
2024-04-05 22:12:41,decisivepointvc
2024-04-05 22:12:41,ojLj461QLg
2024-04-05 22:12:41,dsundheim
2024-04-05 22:12:41,BrianSozzi
2024-04-05 22:12:41,ModdedQuad
2024-04-05 22:12:41,search?q=%24WIF&src=cashtag_click
2024-04-05 22:12:41,a16z
2024-04-05 22:12:41,UfYZR6ERSN
2024-04-05 22:12:41,CogRev_Podcast
2024-04-05 22:12:41,YahooFinance
2024-04-05 22:12:41,ghoshal
2024-04-05 22:12:41,wework
2024-04-05 22:12:41,daylightco
2024-04-05 22:12:41,briansin
2024-04-05 22:12:41,conzimp
2024-04-05 22:12:41,OfficialLoganK
2024-04-05 22:12:41,3uLARGPvIF
2024-04-05 22:12:41,BloombergRadio
2024-04-05 22:12:41,mansourtarek_
2024-04-05 22:12:41,Square
2024-04-05 22:12:41,Google
2024-04-05 22:12:41,BKRealEstateAdv
2024-04-05 22:12:41,IamTalin
2024-04-05 22:12:41,livecandid
2024-04-05 22:12:41,alphawifhat
2024-04-05 22:12:41,samsethowitz
2024-04-05 22:12:41,fygVkh2Zbk
2024-04-05 22:12:41,SpecialSitsNews
2024-04-05 22:12:41,bloombergTV
2024-04-05 22:12:41,GoodUnclefoods
2024-04-05 22:12:41,Raadmobrem
2024-04-05 22:12:41,DataTrekMB
2024-04-05 22:12:41,wizard_waterloo
2024-04-05 22:12:41,TurpentineVC
2024-04-05 22:12:41,hkuppy
2024-04-05 22:12:41,defillama
2024-04-05 22:12:41,sealed_art
2024-04-05 22:12:41,Ten31vc
2024-04-05 22:12:41,TurpentineMedia
2024-04-05 22:12:41,thomasehendrix
2024-04-05 22:12:41,Upstream__Pod
2024-04-05 22:12:41,MOZ_Podcast
2024-04-05 22:12:41,Econ102_Podcast
2024-04-05 22:12:41,Kalshi
2024-04-05 22:12:41,AnjanKatta
2024-04-05 22:12:41,bagehots
2024-04-05 22:12:41,grayscale
2024-04-05 22:12:41,orrdavid
2024-04-05 22:12:41,CorneliaLake
2024-04-05 22:12:41,smolrefuel
2024-04-05 22:12:41,UberEats
2024-04-05 22:12:41,TheStreet
2024-04-05 22:12:41,AgoraDollar
2024-04-05 22:12:41,Ix6dovncRx
2024-04-05 22:12:41,blknoiz06
2024-04-05 22:12:41,anuatluru
2024-04-05 22:12:41,PhantomAuto
2024-04-05 22:12:41,The_Guarantors
2024-04-05 22:12:41,dupedotcom
2024-04-05 22:12:41,LowBeta_
2024-04-05 22:12:41,llamapay_io
2024-04-05 22:12:41,ParthenosCap
2024-04-05 22:12:41,v3JCobIT8q
2024-04-05 22:12:41,timsteno
2024-04-05 22:12:41,CryptoJelleNL
2024-04-05 22:12:41,0xngmi
2024-04-05 22:12:41,rusholmecapital
2024-04-05 22:12:41,Biohazard3737
2024-04-05 22:12:41,USSOCOM
2024-04-05 22:12:41,useintro
2024-04-05 22:12:41,compoundmedia_x
2024-04-05 22:12:41,sevensevensix
2024-04-08 16:37:24,JohnArnoldTen31
2024-04-08 16:37:24,Arete_xyz
2024-04-08 16:37:24,3uLARGPvIF
2024-04-08 16:37:24,mhp_guy
2024-04-08 16:37:24,hkuppy
2024-04-08 16:37:24,livecandid
2024-04-08 16:37:24,CorneliaLake
2024-04-08 16:37:24,TuongvyLe12
2024-04-08 16:37:24,The_Guarantors
2024-04-08 16:37:24,a16z
2024-04-08 16:37:24,conzimp
2024-04-08 16:37:24,Anchorage
2024-04-08 16:37:24,Google
2024-04-08 16:37:24,Heritage
2024-04-08 16:37:24,Harvard
2024-04-08 16:37:24,BKRealEstateAdv
2024-04-08 16:37:24,daylightco
2024-04-08 16:37:24,ejames_c
2024-04-08 16:37:24,USSOCOM
2024-04-08 16:37:24,ojLj461QLg
2024-04-08 16:37:24,defillama
2024-04-08 16:37:24,dsundheim
2024-04-08 16:37:24,jDXGXZVHqH
2024-04-08 16:37:24,sealed_art
2024-04-08 16:37:24,AnjanKatta
2024-04-08 16:37:24,UfYZR6ERSN
2024-04-08 16:37:24,search?q=%24WIF&src=cashtag_click
2024-04-08 16:37:24,llamapay_io
2024-04-08 16:37:24,nymetrowx
2024-04-08 16:37:24,MOZ_Podcast
2024-04-08 16:37:24,PhantomAuto
2024-04-08 16:37:24,highrespodcast
2024-04-08 16:37:24,baincapcrypto
2024-04-08 16:37:24,Crypto_McKenna
2024-04-08 16:37:24,samsethowitz
2024-04-08 16:37:24,v3JCobIT8q
2024-04-08 16:37:24,GeorgeMasonU
2024-04-08 16:37:24,BloombergRadio
2024-04-08 16:37:24,Square
2024-04-08 16:37:24,AgoraDollar
2024-04-08 16:37:24,dupedotcom
2024-04-08 16:37:24,wizard_waterloo
2024-04-08 16:37:24,Kalshi
2024-04-08 16:37:24,mansourtarek_
2024-04-08 16:37:24,TotemMacro
2024-04-08 16:37:24,DataTrekMB
2024-04-08 16:37:24,timsteno
2024-04-08 16:37:24,ScottWu46
2024-04-08 16:37:24,Ix6dovncRx
2024-04-08 16:37:24,CogRev_Podcast
2024-04-08 16:37:24,TheKellyOGrady
2024-04-08 16:37:24,cognition_labs
2024-04-08 16:37:24,chiefaioffice
2024-04-08 16:37:24,decisivepointvc
2024-04-08 16:37:24,IamTalin
2024-04-08 16:37:24,jhomenuk
2024-04-08 16:37:24,OfficialLoganK
2024-04-08 16:37:24,UberEats
2024-04-08 16:37:24,Upstream__Pod
2024-04-08 16:37:24,LowBeta_
2024-04-08 16:37:24,pedma7
2024-04-08 16:37:24,ModdedQuad
2024-04-08 16:37:24,AxelAdlerJr
2024-04-08 16:37:24,Nick_van_Eck
2024-04-08 16:37:24,ParthenosCap
2024-04-08 16:37:24,bloombergTV
2024-04-08 16:37:24,Econ102_Podcast
2024-04-08 16:37:24,YahooFinance
2024-04-08 16:37:24,StartupArchive_
2024-04-08 16:37:24,adamnmichel
2024-04-08 16:37:24,lwkzyUqeAx
2024-04-08 16:37:24,TurpentineMedia
2024-04-08 16:37:24,SECgov
2024-04-08 16:37:24,smolrefuel
2024-04-08 16:37:24,JECRepublicans
2024-04-08 16:37:24,0xngmi
2024-04-08 16:37:24,rusholmecapital
2024-04-08 16:37:24,sumnerpark16
2024-04-08 16:37:24,bagehots
2024-04-08 16:37:24,jaredkushner
2024-04-08 16:37:24,grayscale
2024-04-08 16:37:24,mercatus
2024-04-08 16:37:24,blknoiz06
2024-04-08 16:37:24,GoodUnclefoods
2024-04-08 16:37:24,worldcoin
2024-04-08 16:37:24,foxbusiness
2024-04-08 16:37:24,hhubrEwmxo
2024-04-08 16:37:24,TurpentineVC
2024-04-08 16:37:24,orrdavid
2024-04-08 16:37:24,SpecialSitsNews
2024-04-08 16:37:24,wilmerhale
2024-04-08 16:37:24,fygVkh2Zbk
2024-04-08 16:37:24,Jordy__Long
2024-04-08 16:37:24,Biohazard3737
2024-04-08 16:37:24,anuatluru
2024-04-08 16:37:24,useintro
2024-04-08 16:37:24,CryptoJelleNL
2024-04-08 16:37:24,sevensevensix
2024-04-08 16:37:24,ghoshal
2024-04-08 16:37:24,Raadmobrem
2024-04-08 16:37:24,CatoInstitute
2024-04-08 16:37:24,thomasehendrix
2024-04-08 16:37:24,TheStreet
2024-04-08 16:37:24,compoundmedia_x
2024-04-08 16:37:24,alphawifhat
2024-04-08 16:37:24,Blackstone
2024-04-08 16:37:24,8gO6sUlhUM
2024-04-08 16:37:24,cryptoquant_com
2024-04-08 16:37:24,Ten31vc
2024-04-08 16:37:24,briansin
2024-04-08 16:37:24,HarvardHBS
2024-04-08 16:37:24,BrianSozzi
2024-04-08 16:37:24,wework
2024-04-08 16:37:24,JoshMandell6
2024-04-08 12:18:46,livecandid
2024-04-08 12:18:46,ParthenosCap
2024-04-08 12:18:46,Econ102_Podcast
2024-04-08 12:18:46,orrdavid
2024-04-08 12:18:46,TurpentineVC
2024-04-08 12:18:46,sevensevensix
2024-04-08 12:18:46,Google
2024-04-08 12:18:46,search?q=%24WIF&src=cashtag_click
2024-04-08 12:18:46,useintro
2024-04-08 12:18:46,BKRealEstateAdv
2024-04-08 12:18:46,llamapay_io
2024-04-08 12:18:46,wework
2024-04-08 12:18:46,AgoraDollar
2024-04-08 12:18:46,DataTrekMB
2024-04-08 12:18:46,highrespodcast
2024-04-08 12:18:46,ghoshal
2024-04-08 12:18:46,lwkzyUqeAx
2024-04-08 12:18:46,a16z
2024-04-08 12:18:46,IamTalin
2024-04-08 12:18:46,LowBeta_
2024-04-08 12:18:46,Nick_van_Eck
2024-04-08 12:18:46,pedma7
2024-04-08 12:18:46,hhubrEwmxo
2024-04-08 12:18:46,daylightco
2024-04-08 12:18:46,Blackstone
2024-04-08 12:18:46,chiefaioffice
2024-04-08 12:18:46,Kalshi
2024-04-08 12:18:46,thomasehendrix
2024-04-08 12:18:46,JohnArnoldTen31
2024-04-08 12:18:46,AnjanKatta
2024-04-08 12:18:46,CorneliaLake
2024-04-08 12:18:46,Biohazard3737
2024-04-08 12:18:46,Upstream__Pod
2024-04-08 12:18:46,fygVkh2Zbk
2024-04-08 12:18:46,sealed_art
2024-04-08 12:18:46,decisivepointvc
2024-04-08 12:18:46,v3JCobIT8q
2024-04-08 12:18:46,mhp_guy
2024-04-08 12:18:46,rusholmecapital
2024-04-08 12:18:46,alphawifhat
2024-04-08 12:18:46,TheStreet
2024-04-08 12:18:46,TotemMacro
2024-04-08 12:18:46,ojLj461QLg
2024-04-08 12:18:46,BrianSozzi
2024-04-08 12:18:46,PhantomAuto
2024-04-08 12:18:46,TurpentineMedia
2024-04-08 12:18:46,Ten31vc
2024-04-08 12:18:46,GoodUnclefoods
2024-04-08 12:18:46,blknoiz06
2024-04-08 12:18:46,dupedotcom
2024-04-08 12:18:46,mansourtarek_
2024-04-08 12:18:46,defillama
2024-04-08 12:18:46,YahooFinance
2024-04-08 12:18:46,OfficialLoganK
2024-04-08 12:18:46,samsethowitz
2024-04-08 12:18:46,ModdedQuad
2024-04-08 12:18:46,USSOCOM
2024-04-08 12:18:46,Square
2024-04-08 12:18:46,Crypto_McKenna
2024-04-08 12:18:46,MOZ_Podcast
2024-04-08 12:18:46,CogRev_Podcast
2024-04-08 12:18:46,Jordy__Long
2024-04-08 12:18:46,compoundmedia_x
2024-04-08 12:18:46,UberEats
2024-04-08 12:18:46,The_Guarantors
2024-04-08 12:18:46,smolrefuel
2024-04-08 12:18:46,conzimp
2024-04-08 12:18:46,grayscale
2024-04-08 12:18:46,0xngmi
2024-04-08 12:18:46,Raadmobrem
2024-04-08 12:18:46,UfYZR6ERSN
2024-04-08 12:18:46,briansin
2024-04-08 12:18:46,hkuppy
2024-04-08 12:18:46,Arete_xyz
2024-04-17 13:45:23,bonapartay
2024-04-17 13:45:23,BKRealEstateAdv
2024-04-17 13:45:23,Kalshi
2024-04-17 13:45:23,compoundmedia_x
2024-04-17 13:45:23,AnjanKatta
2024-04-17 13:45:23,jSTlkp5ILe
2024-04-17 13:45:23,Raadmobrem
2024-04-17 13:45:23,Upstream__Pod
2024-04-17 13:45:23,PhantomAuto
2024-04-17 13:45:23,sealed_art
2024-04-17 13:45:23,0xngmi
2024-04-17 13:45:23,O1Visa
2024-04-17 13:45:23,useintro
2024-04-17 13:45:23,Nick_van_Eck
2024-04-17 13:45:23,chiefaioffice
2024-04-17 13:45:23,daylightco
2024-04-17 13:45:23,Alphacoiners
2024-04-17 13:45:23,getairchat
2024-04-17 13:45:23,ParthenosCap
2024-04-17 13:45:23,APompliano
2024-04-17 13:45:23,search?q=%24WIF&src=cashtag_click
2024-04-17 13:45:23,dupedotcom
2024-04-17 13:45:23,orrdavid
2024-04-17 13:45:23,samsethowitz
2024-04-17 13:45:23,a16z
2024-04-17 13:45:23,TurpentineMedia
2024-04-17 13:45:23,lwkzyUqeAx
2024-04-17 13:45:23,IamTalin
2024-04-17 13:45:23,Crypto_McKenna
2024-04-17 13:45:23,livecandid
2024-04-17 13:45:23,prattprattpratt
2024-04-17 13:45:23,naval
2024-04-17 13:45:23,thomasehendrix
2024-04-17 13:45:23,Google
2024-04-17 13:45:23,Blackstone
2024-04-17 13:45:23,CentralParkTC
2024-04-17 13:45:23,hkuppy
2024-04-17 13:45:23,Square
2024-04-17 13:45:23,conzimp
2024-04-17 13:45:23,rusholmecapital
2024-04-17 13:45:23,KauffmanFellows
2024-04-17 13:45:23,briansin
2024-04-17 13:45:23,Jordy__Long
2024-04-17 13:45:23,KobeissiLetter
2024-04-17 13:45:23,ghoshal
2024-04-17 13:45:23,ShadowLion
2024-04-17 13:45:23,jacqmelinek
2024-04-17 13:45:23,GoodUnclefoods
2024-04-17 13:45:23,Token_Relations
2024-04-17 13:45:23,Arete_xyz
2024-04-17 13:45:23,mansourtarek_
2024-04-17 13:45:23,OfficialLoganK
2024-04-17 13:45:23,fygVkh2Zbk
2024-04-17 13:45:23,Patrick_Bush_VE
2024-04-17 13:45:23,0xSigil
2024-04-17 13:45:23,The_Guarantors
2024-04-17 13:45:23,sevensevensix
2024-04-17 13:45:23,karl_xbt
2024-04-17 13:45:23,DataTrekMB
2024-04-17 13:45:23,Econ102_Podcast
2024-04-17 13:45:23,UberEats
2024-04-17 13:45:23,AgoraDollar
2024-04-17 13:45:23,Biohazard3737
2024-04-17 13:45:23,v3JCobIT8q
2024-04-17 13:45:23,USSOCOM
2024-04-17 13:45:23,Lekker_Cap
2024-04-17 13:45:23,Jeffreyw5000
2024-04-17 13:45:23,highrespodcast
2024-04-17 13:45:23,defillama
2024-04-17 13:45:23,FJLabs
2024-04-17 13:45:23,decisivepointvc
2024-04-17 13:45:23,hhubrEwmxo
2024-04-17 13:45:23,MOZ_Podcast
2024-04-17 13:45:23,UfYZR6ERSN
2024-04-17 13:45:23,CogRev_Podcast
2024-04-17 13:45:23,alphawifhat
2024-04-17 13:45:23,qthomp
2024-04-17 13:45:23,dQTNx34dz6
2024-04-17 13:45:23,Kairos_DAO
2024-04-17 13:45:23,smolrefuel
2024-04-17 13:45:23,nilelundgren
2024-04-17 13:45:23,CorneliaLake
2024-04-17 13:45:23,mhp_guy
2024-04-17 13:45:23,TurpentineVC
2024-04-17 13:45:23,wework
2024-04-17 13:45:23,blknoiz06
2024-04-17 13:45:23,llamapay_io
2024-04-17 13:45:23,pedma7
2024-04-17 13:45:23,gilad_haas
2024-05-03 17:01:35,blueprintsmb22
2024-05-03 17:01:35,chucky
2024-05-03 17:01:35,moicanoufc
2024-05-03 17:01:35,paradigm
2024-05-03 17:01:35,TonySeruga
2024-05-03 17:01:35,ycombinator
2024-05-03 17:01:35,eatiqbar
2024-05-03 17:01:35,mckinsey
2024-05-03 17:01:35,gregogallagher
2024-05-03 17:01:35,CIO_Baylor
2024-05-03 17:01:35,AdN0PKC3wa
2024-05-03 17:01:35,IdaJwZJCXm
2024-05-03 17:01:35,ChrisCamillo
2024-05-03 17:01:35,viewstats
2024-05-03 17:01:35,BoringBiz_
2024-05-03 17:01:35,JulianDoreyPod
2024-05-03 17:01:35,pElP2cnauG
2024-05-03 17:01:35,immutable
2024-05-03 17:01:35,willnitze
2024-05-03 17:01:35,julianddorey
2024-05-03 17:01:35,VCBrags
2024-05-03 17:01:35,BragsVentures
2024-05-03 17:01:35,nearcyan
2024-05-03 17:01:35,j0hnwang
2024-05-03 17:01:35,armorlabs
2024-05-03 17:01:35,meanwhilelife
2024-05-03 17:01:35,ztownsend
2024-05-03 17:01:35,corybooker
2024-05-03 17:01:35,CAGovOps
2024-05-03 17:01:35,tinloof
2024-05-03 17:01:35,tomaspueyo
2024-05-03 17:01:35,gerovich
2024-05-03 17:01:35,seif_ghezala
2024-05-03 17:01:35,rpgoyal_
2024-05-03 17:01:35,9g1MIgjiqc
2024-05-08 17:12:22,othership_us
2024-05-08 17:12:22,mspringut
2024-05-08 17:12:22,jakeradler
2024-05-08 17:12:22,robbiebent1
2024-05-08 17:12:22,DanMulroyjr
2024-05-08 17:12:22,pilgrimlabs
2024-05-08 17:12:22,Monumental_Labs
2024-05-08 17:12:22,maxwelltani
2024-05-08 17:12:22,tsarnick
2024-05-08 17:12:22,jessicapellien
2024-05-09 17:06:49,eyyyyitsrachel
2024-05-09 17:06:49,HKStrategies
2024-05-09 17:06:49,tuskventures
2024-05-09 17:06:49,public
2024-05-15 13:43:35,6Voodoo
2024-05-15 13:43:35,FredaDuan
2024-05-15 13:43:35,Chris_Petkas
2024-05-15 13:43:35,ebitdaddy90
2024-05-20 19:54:06,TMTLongShort
2024-05-20 19:54:06,XmjLSv3guW
2024-05-20 19:54:06,philippilk
2024-05-20 19:54:06,Seawolfcap
2024-05-20 19:54:06,ChrisPavese
2024-05-20 19:54:06,usehaven
2024-05-20 19:54:06,urban_comp
2024-05-20 19:54:06,MultipolarPod
2024-05-20 19:54:06,TPUSA
2024-05-20 19:54:06,Cyrus845
2024-05-20 19:54:06,admcollingwood
2024-05-20 19:54:06,aesthete001
2024-05-20 19:54:06,multipolarpod
2024-05-20 19:54:06,yoalexrapz
2024-05-20 19:54:06,j_fishback
2024-05-20 19:54:06,IncubateDebate
2024-05-20 19:54:06,DIU_x
2024-05-20 19:54:06,TinInvestor
2024-05-20 19:54:06,CTVentureCap
