2024-04-05 23:02:30,FOziBAz2hO
2024-04-05 23:02:30,GiganticRebirth
2024-04-05 23:02:30,2dSUkOGEBd
2024-04-05 23:02:30,NfK3cU3ic2
2024-04-05 23:02:30,94NKZ2j4rI
2024-04-05 23:02:30,shellvish
2024-04-05 23:02:30,gm_maxg
2024-04-05 23:02:30,ModdedQuad
2024-04-05 23:02:30,GCRClassic
2024-04-05 23:02:30,HelloLumerin
2024-04-05 23:02:30,eG0CZL5IXH
2024-04-05 23:02:30,LeonidasNFT
2024-04-05 23:02:30,ItalianComments
2024-04-05 23:02:30,BMANLead
2024-04-05 23:02:30,btcstartuplab
2024-04-05 23:02:30,HighCoinviction
2024-04-05 23:02:30,baPjxs4bXL
2024-04-05 23:02:30,FutureJurvetson
2024-04-05 23:02:30,Qy87VuaizA
2024-04-05 23:02:30,fabric_vc
2024-04-05 23:02:30,search?q=%24GURS&src=cashtag_click
2024-04-05 23:02:30,SyncracyCapital
2024-04-05 23:02:30,MertdSOL
2024-04-05 23:02:30,EQ7LS0uFqR
2024-04-05 23:02:30,nvvarsha
2024-04-05 23:02:30,Lauren_Dowling_
2024-04-05 23:02:30,ord_io
2024-04-05 23:02:30,ABCDELabs
2024-04-05 23:02:30,0xBalloonLover
2024-04-05 23:02:30,Web3Caff_Res
2024-04-05 23:02:30,TheOrdinalShow
2024-04-05 23:02:30,ahansjee
2024-04-05 23:02:30,chrisek
2024-04-05 23:02:30,anagramxyz
2024-04-05 23:02:30,merschmax_
2024-04-05 23:02:30,cyberfund_
2024-04-05 23:02:30,FlFbQzv6my
2024-04-05 23:02:30,italians_mad_at_food
2024-04-05 23:02:30,getdolarapp
2024-04-05 23:02:30,basisprotocol
2024-04-05 23:02:30,interchainriley
2024-04-05 23:02:30,pascal_paillier
2024-04-05 23:02:30,search?q=%24MERTD&src=cashtag_click
2024-04-05 23:02:30,drip
2024-04-05 23:02:30,richardmuirhead
2024-04-05 23:02:30,4MdA62CeUh
2024-04-05 23:02:30,dReGdtCpU8
2024-04-05 23:02:30,amir_hamz_
2024-04-05 23:02:30,Immutable
2024-04-05 23:02:30,primodiumgame
2024-04-05 23:02:30,VAZSUsAYbs
2024-04-05 23:02:30,bridgewater
2024-04-05 23:02:30,sceniuscapital
2024-04-05 23:02:30,ZK_shark
2024-04-05 23:02:30,waltjsmith
2024-04-05 23:02:30,1w37PXU25k
2024-04-05 23:02:30,bennypjacobs
2024-04-05 23:02:30,_bureaucrats
2024-04-05 23:02:30,DujunX
2024-04-05 23:02:30,PortalVentures
2024-04-05 23:02:30,0xNing0x
2024-04-05 23:02:30,1l9ekCAT6z
2024-04-05 23:02:30,frURBGCzzI
2024-04-05 23:02:30,ecomEddie
2024-04-05 23:02:30,web3caff_zh
2024-04-05 23:02:30,StonkTrump
2024-04-05 23:02:30,OrdinalMaxiBiz
2024-04-05 23:02:30,0xMert_
2024-04-05 23:02:30,stride_zone
2024-04-05 23:02:30,2cPqL2xpuh
2024-04-05 23:02:30,Web3Caff_ZH
2024-04-05 23:02:30,ordinalhive
2024-04-05 23:02:30,buxord
2024-04-05 23:02:30,NetworkMedici
2024-04-05 23:02:30,zillowgonewild
2024-04-05 23:02:30,gursonavax
2024-04-05 23:02:30,fd_ripatel
2024-04-05 23:02:30,rodarmor
2024-04-05 23:02:30,drip_haus
2024-04-08 17:05:33,StonkTrump
2024-04-08 17:05:33,BMANLead
2024-04-08 17:05:33,shellvish
2024-04-08 17:05:33,gm_maxg
2024-04-08 17:05:33,ord_io
2024-04-08 17:05:33,primodiumgame
2024-04-08 17:05:33,drip_haus
2024-04-08 17:05:33,HelloLumerin
2024-04-08 17:05:33,chrisek
2024-04-08 17:05:33,buxord
2024-04-08 17:05:33,MertdSOL
2024-04-08 17:05:33,btcstartuplab
2024-04-08 17:05:33,PortalVentures
2024-04-08 17:05:33,FlFbQzv6my
2024-04-08 17:05:33,SyncracyCapital
2024-04-08 17:05:33,0xMert_
2024-04-08 17:05:33,ordinalhive
2024-04-08 17:05:33,TheOrdinalShow
2024-04-08 17:05:33,interchainriley
2024-04-08 17:05:33,dReGdtCpU8
2024-04-08 17:05:33,EQ7LS0uFqR
2024-04-08 17:05:33,GiganticRebirth
2024-04-08 17:05:33,ecomEddie
2024-04-08 17:05:33,cyberfund_
2024-04-08 17:05:33,nvvarsha
2024-04-08 17:05:33,0xBalloonLover
2024-04-08 17:05:33,Web3Caff_ZH
2024-04-08 17:05:33,DujunX
2024-04-08 17:05:33,fabric_vc
2024-04-08 17:05:33,2cPqL2xpuh
2024-04-08 17:05:33,rodarmor
2024-04-08 17:05:33,ABCDELabs
2024-04-08 17:05:33,94NKZ2j4rI
2024-04-08 17:05:33,amir_hamz_
2024-04-08 17:05:33,2dSUkOGEBd
2024-04-08 17:05:33,Immutable
2024-04-08 17:05:33,sceniuscapital
2024-04-08 17:05:33,bridgewater
2024-04-08 17:05:33,1w37PXU25k
2024-04-08 17:05:33,ModdedQuad
2024-04-08 17:05:33,drip
2024-04-08 17:05:33,Qy87VuaizA
2024-04-08 17:05:33,baPjxs4bXL
2024-04-08 17:05:33,eG0CZL5IXH
2024-04-08 17:05:33,1l9ekCAT6z
2024-04-08 17:05:33,Lauren_Dowling_
2024-04-08 17:05:33,ZK_shark
2024-04-08 17:05:33,Web3Caff_Res
2024-04-08 17:05:33,0xNing0x
2024-04-08 17:05:33,bennypjacobs
2024-04-08 17:05:33,OrdinalMaxiBiz
2024-04-08 17:05:33,waltjsmith
2024-04-08 17:05:33,getdolarapp
2024-04-08 17:05:33,fd_ripatel
2024-04-08 17:05:33,VAZSUsAYbs
2024-04-08 17:05:33,merschmax_
2024-04-08 17:05:33,HighCoinviction
2024-04-08 17:05:33,ahansjee
2024-04-08 17:05:33,zillowgonewild
2024-04-08 17:05:33,pascal_paillier
2024-04-08 17:05:33,FutureJurvetson
2024-04-08 17:05:33,web3caff_zh
2024-04-08 17:05:33,FOziBAz2hO
2024-04-08 17:05:33,LeonidasNFT
2024-04-08 17:05:33,stride_zone
2024-04-08 17:05:33,italians_mad_at_food
2024-04-08 17:05:33,_bureaucrats
2024-04-08 17:05:33,NfK3cU3ic2
2024-04-08 17:05:33,gursonavax
2024-04-08 17:05:33,GCRClassic
2024-04-08 17:05:33,frURBGCzzI
2024-04-08 17:05:33,ItalianComments
2024-04-08 17:05:33,anagramxyz
2024-04-08 17:05:33,4MdA62CeUh
2024-04-08 17:05:33,search?q=%24GURS&src=cashtag_click
2024-04-08 17:05:33,basisprotocol
2024-04-08 17:05:33,NetworkMedici
2024-04-08 17:05:33,search?q=%24MERTD&src=cashtag_click
2024-04-08 17:05:33,richardmuirhead
2024-04-08 12:27:13,StonkTrump
2024-04-08 12:27:13,ZK_shark
2024-04-08 12:27:13,Web3Caff_ZH
2024-04-08 12:27:13,ModdedQuad
2024-04-08 12:27:13,TheOrdinalShow
2024-04-08 12:27:13,web3caff_zh
2024-04-08 12:27:13,2dSUkOGEBd
2024-04-08 12:27:13,LeonidasNFT
2024-04-08 12:27:13,ord_io
2024-04-08 12:27:13,gursonavax
2024-04-08 12:27:13,NfK3cU3ic2
2024-04-08 12:27:13,search?q=%24GURS&src=cashtag_click
2024-04-08 12:27:13,GCRClassic
2024-04-08 12:27:13,gm_maxg
2024-04-08 12:27:13,baPjxs4bXL
2024-04-08 12:27:13,0xNing0x
2024-04-08 12:27:13,Immutable
2024-04-08 12:27:13,DujunX
2024-04-08 12:27:13,Web3Caff_Res
2024-04-08 12:27:13,cyberfund_
2024-04-08 12:27:13,anagramxyz
2024-04-08 12:27:13,FlFbQzv6my
2024-04-08 12:27:13,FutureJurvetson
2024-04-08 12:27:13,OrdinalMaxiBiz
2024-04-08 12:27:13,GiganticRebirth
2024-04-08 12:27:13,waltjsmith
2024-04-08 12:27:13,ABCDELabs
2024-04-08 12:27:13,BMANLead
2024-04-17 14:12:46,Kalshi
2024-04-17 14:12:46,zillowgonewild
2024-04-17 14:12:46,HelloLumerin
2024-04-17 14:12:46,1w37PXU25k
2024-04-17 14:12:46,btcstartuplab
2024-04-17 14:12:46,waltjsmith
2024-04-17 14:12:46,vjXmVi7IOu
2024-04-17 14:12:46,baPjxs4bXL
2024-04-17 14:12:46,ord_io
2024-04-17 14:12:46,LeonidasNFT
2024-04-17 14:12:46,FlFbQzv6my
2024-04-17 14:12:46,0xNing0x
2024-04-17 14:12:46,anagramxyz
2024-04-17 14:12:46,BMANLead
2024-04-17 14:12:46,DujunX
2024-04-17 14:12:46,GCRClassic
2024-04-17 14:12:46,EQ7LS0uFqR
2024-04-17 14:12:46,Immutable
2024-04-17 14:12:46,Qy87VuaizA
2024-04-17 14:12:46,stride_zone
2024-04-17 14:12:46,PortalVentures
2024-04-17 14:12:46,Lauren_Dowling_
2024-04-17 14:12:46,0xMert_
2024-04-17 14:12:46,litocoen
2024-04-17 14:12:46,ordinalhive
2024-04-17 14:12:46,sceniuscapital
2024-04-17 14:12:46,SyncracyCapital
2024-04-17 14:12:46,cyberfund_
2024-04-17 14:12:46,2cPqL2xpuh
2024-04-17 14:12:46,bridgewater
2024-04-17 14:12:46,ModdedQuad
2024-04-17 14:12:46,web3caff_zh
2024-04-17 14:12:46,lwkzyUqeAx
2024-04-17 14:12:46,robin_linus
2024-04-17 14:12:46,8aCzYwoJCt
2024-04-17 14:12:46,frURBGCzzI
2024-04-17 14:12:46,gursonavax
2024-04-17 14:12:46,bungeeexchange
2024-04-17 14:12:46,pascal_paillier
2024-04-17 14:12:46,94NKZ2j4rI
2024-04-17 14:12:46,Web3Caff_ZH
2024-04-17 14:12:46,NetworkMedici
2024-04-17 14:12:46,eG0CZL5IXH
2024-04-17 14:12:46,rot13maxi
2024-04-17 14:12:46,k33cIjEcC3
2024-04-17 14:12:46,TaprootWizards
2024-04-17 14:12:46,jtriley_eth
2024-04-17 14:12:46,ABCDELabs
2024-04-17 14:12:46,socketprotocol
2024-04-17 14:12:46,mansourtarek_
2024-04-17 14:12:46,TheOrdinalShow
2024-04-17 14:12:46,chrisek
2024-04-17 14:12:46,cryptotesters
2024-04-17 14:12:46,HighCoinviction
2024-04-17 14:12:46,rodarmor
2024-04-17 14:12:46,ZK_shark
2024-04-17 14:12:46,gm_maxg
2024-04-17 14:12:46,basisprotocol
2024-04-17 14:12:46,coffeexcoin
2024-04-17 14:12:46,bennypjacobs
2024-04-17 14:12:46,interchainriley
2024-04-17 14:12:46,italians_mad_at_food
2024-04-17 14:12:46,FutureJurvetson
2024-04-17 14:12:46,GiganticRebirth
2024-04-17 14:12:46,search?q=%24MERTD&src=cashtag_click
2024-04-17 14:12:46,search?q=%24GURS&src=cashtag_click
2024-04-17 14:12:46,ecomEddie
2024-04-17 14:12:46,1l9ekCAT6z
2024-04-17 14:12:46,primodiumgame
2024-04-17 14:12:46,OrdinalMaxiBiz
2024-04-17 14:12:46,4MdA62CeUh
2024-04-17 14:12:46,nvvarsha
2024-04-17 14:12:46,NfK3cU3ic2
2024-04-17 14:12:46,shellvish
2024-04-17 14:12:46,MertdSOL
2024-04-17 14:12:46,FOziBAz2hO
2024-04-17 14:12:46,ItalianComments
2024-04-17 14:12:46,Web3Caff_Res
2024-04-17 14:12:46,2dSUkOGEBd
2024-04-17 14:12:46,ZeroSync_
2024-04-17 14:12:46,StonkTrump
2024-04-17 14:12:46,yugalabs
2024-04-17 14:12:46,super_testnet
2024-05-03 17:13:19,0xGoldenDegen
2024-05-03 17:13:19,MtGoxBalanceBot
2024-05-03 17:13:19,lmrankhan
2024-05-03 17:13:19,qwqiao
2024-05-03 17:13:19,shifub_
2024-05-03 17:13:19,OnChainAutists
2024-05-03 17:13:19,0xReflection
2024-05-03 17:13:19,ProfHilaryAllen
2024-05-03 17:13:19,u4X6lczRRX
2024-05-03 17:13:19,Momentum_v1
2024-05-03 17:13:19,alliancedao
2024-05-03 17:13:19,ManifestorDAO
2024-05-03 17:13:19,goodgamepodxyz
2024-05-08 17:22:32,ValidatedPod
2024-05-08 17:22:32,Austin_Federa
2024-05-08 17:22:32,SolanaFndn
2024-05-08 17:22:32,parsec_finance
2024-05-08 17:22:32,VersusFNF
2024-05-08 17:22:32,FeederRotation
2024-05-08 17:22:32,2yZgjgrHpm
2024-05-15 13:52:48,linksdao
2024-05-15 13:52:48,6thManVentures
2024-05-15 13:52:48,breakoutprop
2024-05-15 13:52:48,theblock__
2024-05-15 13:52:48,mdudas
2024-05-15 13:52:48,CryptoCred
2024-05-15 13:52:48,OOZjd773nV
2024-05-15 13:52:48,dharmesh
2024-05-20 20:02:56,Twiter_score
2024-05-20 20:02:56,HardhatChad
2024-05-20 20:02:56,OreSupply
2024-05-20 20:02:56,lwkzyUqMq5
