2024-04-05 22:40:23,AngelList
2024-04-05 22:40:23,maggielove_
2024-04-05 22:40:23,ShoeVentures
2024-04-05 22:40:23,point72
2024-04-05 22:40:23,mortespiral
2024-04-05 22:40:23,nathandoctor
2024-04-05 22:40:23,MoonrockCapital
2024-04-05 22:40:23,eli5_defi
2024-04-05 22:40:23,CryptoKoryo
2024-04-05 22:40:23,blockworks_
2024-04-05 22:40:23,MakerDAO
2024-04-05 22:40:23,base
2024-04-05 22:40:23,AngryTomtweets
2024-04-05 22:40:23,TheHomiesDAO
2024-04-05 22:40:23,omgadamho
2024-04-05 22:40:23,ournetwork__
2024-04-05 22:40:23,ycombinator
2024-04-05 22:40:23,Lomashuk
2024-04-05 22:40:23,delphi_digital
2024-04-05 22:40:23,ImanEurope
2024-04-05 22:40:23,mindmeldpod
2024-04-05 22:40:23,ravibakhai
2024-04-05 22:40:23,mmazco
2024-04-05 22:40:23,cozymaximalist
2024-04-05 22:40:23,huntersolaire_
2024-04-05 22:40:23,PMzx57ocEG
2024-04-05 22:40:23,uchicago
2024-04-05 22:40:23,endaomentdotorg
2024-04-05 22:40:23,codygarrison_
2024-04-05 22:40:23,probablynothing
2024-04-05 22:40:23,sjdedic
2024-04-05 22:40:23,dovemetrics
2024-04-05 22:40:23,benohanlon
2024-04-05 22:40:23,CoinFlip
2024-04-05 22:40:23,getautopsy
2024-04-05 22:40:23,uncommonscrypto
2024-04-05 22:40:23,lazyvillager1
2024-04-05 22:40:23,nick_hollins
2024-04-05 22:40:23,KERNEL0x
2024-04-05 22:40:23,poidhxyz
2024-04-05 22:40:23,WalletLabels
2024-04-05 22:40:23,robbiepetersen_
2024-04-05 22:40:23,HLV_XYZ
2024-04-05 22:40:23,search?q=%24DEGEN&src=cashtag_click
2024-04-05 22:40:23,drakerelated
2024-04-05 22:40:23,crowdmuse
2024-04-05 22:40:23,LegendreNa795
2024-04-05 22:40:23,1kxnetwork
2024-04-05 22:40:23,ozempicbase
2024-04-05 22:40:23,InputOutputHK
2024-04-05 22:40:23,roadtoaly
2024-04-05 22:40:23,young8uddha
2024-04-05 22:40:23,cultsadye
2024-04-05 22:40:23,EclipseFND
2024-04-05 22:40:23,weareunitlondon
2024-04-05 22:40:23,citrea_xyz
2024-04-05 22:40:23,gethype_hq
2024-04-05 22:40:23,0xdoug
2024-04-05 22:40:23,basedkarbon
2024-04-05 22:40:23,quienesfacundo
2024-04-05 22:40:23,pixel_unit
2024-04-05 22:40:23,lnrzdao
2024-04-05 22:40:23,cashapp
2024-04-05 22:40:23,illcamille
2024-04-05 22:40:23,Codewars
2024-04-05 22:40:23,CoinList
2024-04-05 22:40:23,ambient_finance
2024-04-05 22:40:23,cousinape
2024-04-05 22:40:23,cited
2024-04-05 22:40:23,search?q=%24LUNA&src=cashtag_click
2024-04-05 22:40:23,GiggleAcademy
2024-04-05 22:40:23,mindpalaceai
2024-04-05 22:40:23,chainway_xyz
2024-04-05 22:40:23,reganbozman
2024-04-05 22:40:23,ufo__club
2024-04-05 22:40:23,songcamp_
2024-04-05 22:40:23,lattice_fund
2024-04-05 22:40:23,degentokenbase
2024-04-05 22:40:23,interestDeFi
2024-04-05 22:40:23,getty_hill
2024-04-05 22:40:23,ojcP129At6
2024-04-05 22:40:23,kotecinho
2024-04-05 22:40:23,shefiorg
2024-04-05 22:40:23,apollocmptr
2024-04-05 22:40:23,SteakingIO
2024-04-05 22:40:23,search?q=%24WAVES&src=cashtag_click
2024-04-05 22:40:23,dYdX
2024-04-05 22:40:23,jonwu_
2024-04-05 22:40:23,multicoincap
2024-04-05 22:40:23,stoolpresidente
2024-04-05 22:40:23,hadronfc
2024-04-05 22:40:23,DianacBiggs
2024-04-05 22:40:23,Web3_Emily
2024-04-05 22:40:23,dublab
2024-04-05 22:40:23,tecleimert
2024-04-05 22:40:23,shayonsengupta
2024-04-05 22:40:23,chainyoda
2024-04-05 22:40:23,DSCVR1
2024-04-05 22:40:23,okutrade
2024-04-05 22:40:23,AntonioMJuliano
2024-04-05 22:40:23,PwgYCwfWIx
2024-04-05 22:40:23,Infinitexyz_
2024-04-05 22:40:23,labsgfx
2024-04-05 22:40:23,kaspotz
2024-04-08 16:50:58,MakerDAO
2024-04-08 16:50:58,young8uddha
2024-04-08 16:50:58,jacek0x
2024-04-08 16:50:58,1kxnetwork
2024-04-08 16:50:58,WalletLabels
2024-04-08 16:50:58,point72
2024-04-08 16:50:58,chainway_xyz
2024-04-08 16:50:58,quienesfacundo
2024-04-08 16:50:58,getty_hill
2024-04-08 16:50:58,ozempicbase
2024-04-08 16:50:58,lazyvillager1
2024-04-08 16:50:58,weareunitlondon
2024-04-08 16:50:58,infinitybanyan
2024-04-08 16:50:58,labsgfx
2024-04-08 16:50:58,basedkarbon
2024-04-08 16:50:58,mars_protocol
2024-04-08 16:50:58,reganbozman
2024-04-08 16:50:58,codygarrison_
2024-04-08 16:50:58,DSCVR1
2024-04-08 16:50:58,wassifiedcap
2024-04-08 16:50:58,Web3_Emily
2024-04-08 16:50:58,cozymaximalist
2024-04-08 16:50:58,HLV_XYZ
2024-04-08 16:50:58,fantasy_top_
2024-04-08 16:50:58,UegWZkh0uH
2024-04-08 16:50:58,pixel_unit
2024-04-08 16:50:58,dovemetrics
2024-04-08 16:50:58,eliqiann
2024-04-08 16:50:58,DianacBiggs
2024-04-08 16:50:58,HarambeApes
2024-04-08 16:50:58,search?q=%24WAVES&src=cashtag_click
2024-04-08 16:50:58,hadronfc
2024-04-08 16:50:58,dYdX
2024-04-08 16:50:58,CoinFlip
2024-04-08 16:50:58,citrea_xyz
2024-04-08 16:50:58,0xMikado
2024-04-08 16:50:58,i5q51NxgXC
2024-04-08 16:50:58,degentokenbase
2024-04-08 16:50:58,kotecinho
2024-04-08 16:50:58,Codewars
2024-04-08 16:50:58,cousinape
2024-04-08 16:50:58,chainyoda
2024-04-08 16:50:58,lattice_fund
2024-04-08 16:50:58,benohanlon
2024-04-08 16:50:58,LegendreNa795
2024-04-08 16:50:58,huntersolaire_
2024-04-08 16:50:58,ournetwork__
2024-04-08 16:50:58,search?q=%24LUNA&src=cashtag_click
2024-04-08 16:50:58,multicoincap
2024-04-08 16:50:58,PwgYCwfWIx
2024-04-08 16:50:58,galenyuan
2024-04-08 16:50:58,base
2024-04-08 16:50:58,AngelList
2024-04-08 16:50:58,InputOutputHK
2024-04-08 16:50:58,robbiepetersen_
2024-04-08 16:50:58,interestDeFi
2024-04-08 16:50:58,SteakingIO
2024-04-08 16:50:58,search?q=%24DEGEN&src=cashtag_click
2024-04-08 16:50:58,blockworks_
2024-04-08 16:50:58,Rabby_io
2024-04-08 16:50:58,AngryTomtweets
2024-04-08 16:50:58,BullpenFi
2024-04-08 16:50:58,59qt5735Lk
2024-04-08 16:50:58,cited
2024-04-08 16:50:58,dancreee
2024-04-08 16:50:58,okutrade
2024-04-08 16:50:58,EclipseFND
2024-04-08 16:50:58,delphi_digital
2024-04-08 16:50:58,CoinList
2024-04-08 16:50:58,markjeffrey
2024-04-08 16:50:58,DeBankDeFi
2024-04-08 16:50:58,AntonioMJuliano
2024-04-08 16:50:58,drakerelated
2024-04-08 16:50:58,nathandoctor
2024-04-08 16:50:58,Infinitexyz_
2024-04-08 12:22:59,delphi_digital
2024-04-08 12:22:59,BullpenFi
2024-04-08 12:22:59,i5q51NxgXC
2024-04-08 12:22:59,chainway_xyz
2024-04-08 12:22:59,robbiepetersen_
2024-04-08 12:22:59,Rabby_io
2024-04-08 12:22:59,jacek0x
2024-04-08 12:22:59,fantasy_top_
2024-04-08 12:22:59,dancreee
2024-04-08 12:22:59,0xMikado
2024-04-08 12:22:59,galenyuan
2024-04-08 12:22:59,infinitybanyan
2024-04-08 12:22:59,DeBankDeFi
2024-04-08 12:22:59,search?q=%24DEGEN&src=cashtag_click
2024-04-08 12:22:59,wassifiedcap
2024-04-08 12:22:59,mars_protocol
2024-04-08 12:22:59,citrea_xyz
2024-04-08 12:22:59,DSCVR1
2024-04-08 12:22:59,HarambeApes
2024-04-08 12:22:59,multicoincap
2024-04-08 12:22:59,EclipseFND
2024-04-08 12:22:59,degentokenbase
2024-04-08 12:22:59,markjeffrey
2024-04-08 12:22:59,eliqiann
2024-04-17 13:55:55,LightspeedPodHQ
2024-04-17 13:55:55,BullpenFi
2024-04-17 13:55:55,fantasy_top_
2024-04-17 13:55:55,kaidrochronicle
2024-04-17 13:55:55,eliqiann
2024-04-17 13:55:55,AngryTomtweets
2024-04-17 13:55:55,tednotlasso
2024-04-17 13:55:55,arbitrum
2024-04-17 13:55:55,zkmattwyatt
2024-04-17 13:55:55,wassifiedcap
2024-04-17 13:55:55,cozymaximalist
2024-04-17 13:55:55,0xArnav
2024-04-17 13:55:55,xealenergy
2024-04-17 13:55:55,johnnyflash__
2024-04-17 13:55:55,dancreee
2024-04-17 13:55:55,jacek0x
2024-04-17 13:55:55,search?q=%24DEGEN&src=cashtag_click
2024-04-17 13:55:55,Robert_o_Simons
2024-04-17 13:55:55,lets_puzzle
2024-04-17 13:55:55,0xResearch
2024-04-17 13:55:55,initc3org
2024-04-17 13:55:55,citrea_xyz
2024-04-17 13:55:55,DSCVR1
2024-04-17 13:55:55,delphi_digital
2024-04-17 13:55:55,multicoincap
2024-04-17 13:55:55,0xMikado
2024-04-17 13:55:55,HarambeApes
2024-04-17 13:55:55,EclipseFND
2024-04-17 13:55:55,Crypt0mer
2024-04-17 13:55:55,MaxPertsovskiy
2024-04-17 13:55:55,smyyguy
2024-04-17 13:55:55,needtoknowpod
2024-04-17 13:55:55,chainway_xyz
2024-04-17 13:55:55,playsomo
2024-04-17 13:55:55,NavyLabs
2024-04-17 13:55:55,archntwrk
2024-04-17 13:55:55,Jschwa
2024-04-17 13:55:55,aleohq
2024-04-17 13:55:55,blockworksres
2024-04-17 13:55:55,BlockworksRes
2024-04-17 13:55:55,markjeffrey
2024-04-17 13:55:55,gadget_bot
2024-04-17 13:55:55,dpak_1024
2024-04-17 13:55:55,search?q=%24RUNE&src=cashtag_click
2024-04-17 13:55:55,apatheticwhale
2024-04-17 13:55:55,search?q=%24FTM&src=cashtag_click
2024-04-17 13:55:55,NavyAI_xyz
2024-04-17 13:55:55,search?q=%24SOMO&src=cashtag_click
2024-04-17 13:55:55,kotecinho
2024-04-17 13:55:55,cornell_tech
2024-04-17 13:55:55,galenyuan
2024-04-17 13:55:55,ronin_network
2024-04-17 13:55:55,Rabby_io
2024-04-17 13:55:55,OffchainLabs
2024-04-17 13:55:55,aztecnetwork
2024-04-17 13:55:55,Solana
2024-04-17 13:55:55,swmartin19
2024-04-17 13:55:55,sgoldfed
2024-04-17 13:55:55,Balltillwefall
2024-04-17 13:55:55,siriusxm
2024-04-17 13:55:55,fejau_inc
2024-04-17 13:55:55,young8uddha
2024-04-17 13:55:55,PegChung
2024-04-17 13:55:55,mars_protocol
2024-04-17 13:55:55,search?q=%24ORDI&src=cashtag_click
2024-04-17 13:55:55,i5q51NxgXC
2024-04-17 13:55:55,PwgYCwfWIx
2024-04-17 13:55:55,cyAWegWq2m
2024-04-17 13:55:55,PrincetonCS
2024-04-17 13:55:55,daylight
2024-04-17 13:55:55,infinitybanyan
2024-04-17 13:55:55,vRMWOdwdCH
2024-04-17 13:55:55,Chatnigga101
2024-04-17 13:55:55,DeBankDeFi
2024-04-17 13:55:55,degentokenbase
2024-04-17 13:55:55,veritaslimited
2024-04-17 13:55:55,ANOTR
2024-04-17 13:55:55,robbiepetersen_
2024-05-03 17:07:54,OffxTech
2024-05-03 17:07:54,GoldDefi
2024-05-03 17:07:54,interchain_io
2024-05-03 17:07:54,Blockworks_
2024-05-03 17:07:54,threesigmaxyz
2024-05-03 17:07:54,chorusone
2024-05-03 17:07:54,magicdhz
2024-05-03 17:07:54,Qi_Capital
2024-05-03 17:07:54,mikadontlouz
2024-05-03 17:07:54,jurad0x
2024-05-03 17:07:54,rugradio
2024-05-03 17:07:54,DJHed
2024-05-03 17:07:54,HomeGrownRadio
2024-05-03 17:07:54,jonmoore202
2024-05-03 17:07:54,odlabs
2024-05-03 17:07:54,movementlabsxyz
2024-05-03 17:07:54,urbitfoundation
2024-05-03 17:07:54,rushimanche
2024-05-03 17:07:54,epicenterbtc
2024-05-03 17:07:54,EFF
2024-05-03 17:07:54,tcg_crypto
2024-05-03 17:07:54,crateplace
2024-05-03 17:07:54,JoeyIny
2024-05-03 17:07:54,_RyanRConnor
2024-05-03 17:07:54,astroport_fi
2024-05-03 17:07:54,0xlaveen
2024-05-03 17:07:54,marcarjoon
2024-05-03 17:07:54,nansen_ai
2024-05-03 17:07:54,roycoprotocol
2024-05-03 17:07:54,KioskSocial
2024-05-03 17:07:54,dcurtis
2024-05-03 17:07:54,crainbf
2024-05-03 17:07:54,0xBalloonLover
2024-05-08 17:17:48,yupuday
2024-05-08 17:17:48,ValantisLabs
2024-05-08 17:17:48,usc
2024-05-08 17:17:48,_buildspace
2024-05-08 17:17:48,base
2024-05-08 17:17:48,DevenMat
2024-05-08 17:17:48,starknetfndn
2024-05-08 17:17:48,calblockchain
2024-05-08 17:17:48,Crateplace
2024-05-08 17:17:48,nethermindeth
2024-05-08 17:17:48,andrepower
2024-05-08 17:17:48,blockchainatusc
2024-05-08 19:41:35,split_research
2024-05-08 19:41:35,splitcapital
2024-05-10 16:17:22,1616665443380658178
2024-05-10 16:17:22,P_Huf
2024-05-10 16:17:22,dotkrueger
2024-05-10 16:17:22,libredotorg
2024-05-10 16:17:22,bensig
2024-05-10 16:17:22,AbGntC19G6
2024-05-10 16:17:22,Starfirebtc
2024-05-15 13:48:18,glitchmarfa
2024-05-15 13:48:18,collab_currency
2024-05-15 13:48:18,TheRoaringKitty
2024-05-15 13:48:18,derekedws
2024-05-15 13:48:18,_ryanrconnor
2024-05-20 19:58:16,creatureworld
2024-05-20 19:58:16,0xAlan_
2024-05-20 19:58:16,DistributedMarz
2024-05-20 19:58:16,ccskej
2024-05-20 19:58:16,heliaxdev
2024-05-20 19:58:16,xdefi_wallet
2024-05-20 19:58:16,dannycoleee
2024-05-20 19:58:16,goitbykojiro
2024-05-20 19:58:16,anoma
2024-05-20 19:58:16,paulcanetti
2024-05-20 19:58:16,DgmjH8pSSx
2024-05-20 19:58:16,Columbia_Biz
2024-05-20 19:58:16,uTadOB6goE
2024-05-20 19:58:16,adrianbrink
2024-05-20 19:58:16,namada
