2024-04-05 22:29:05,ashwinrz
2024-04-05 22:29:05,DevinLewtan
2024-04-05 22:29:05,GoogleDeepMind
2024-04-05 22:29:05,animocaventures
2024-04-05 22:29:05,claudhadd
2024-04-05 22:29:05,blairlmarshall
2024-04-05 22:29:05,MantaNetwork
2024-04-05 22:29:05,uwcse
2024-04-05 22:29:05,OpenAI
2024-04-05 22:29:05,Binance
2024-04-05 22:29:05,spacex
2024-04-05 22:29:05,karpathy
2024-04-05 22:29:05,mit_REALM
2024-04-05 22:29:05,mantanetwork
2024-04-05 22:29:05,6BhhDP1Hcy
2024-04-05 22:29:05,jpmorgan
2024-04-05 22:29:05,chloejiani
2024-04-05 22:29:05,tiktok_us
2024-04-05 22:29:05,foundersfund
2024-04-05 22:29:05,honam
2024-04-05 22:29:05,Nucleusgenomics
2024-04-05 22:29:05,RISCZero
2024-04-05 22:29:05,GoldmanSachs
2024-04-05 22:29:05,fwbtweets
2024-04-05 22:29:05,ucsbcs
2024-04-05 22:29:05,carnegiemellon
2024-04-05 22:29:05,gdb
2024-04-05 22:29:05,Blocknative
2024-04-05 22:29:05,BinanceLabs
2024-04-05 22:29:05,Penn
2024-04-05 22:29:05,AmmanBhasin
2024-04-05 22:29:05,bridge__harris
2024-04-05 22:29:05,c14_team
2024-04-05 22:29:05,palantirtech
2024-04-05 22:29:05,zfellows_
2024-04-05 22:29:05,teamf16y
2024-04-05 22:29:05,_RichardTeng
2024-04-05 22:29:05,theblandwonder
2024-04-05 22:29:05,nyuniversity
2024-04-05 22:29:05,RioRestaking
2024-04-05 22:29:05,jesslivingston
2024-04-05 22:29:05,obeygiant
2024-04-05 22:29:05,breville
2024-04-05 22:29:05,0xBalloonLover
2024-04-05 22:29:05,KianSadeghi5
2024-04-05 22:29:05,IsomorphicLabs
2024-04-05 22:29:05,__geometry__
2024-04-05 22:29:05,animocabrands
2024-04-05 22:29:05,shotsonclub
2024-04-05 22:29:05,mBVFhriJVf
2024-04-05 22:29:05,khalani_network
2024-04-05 22:29:05,nebrazkp
2024-04-05 22:29:05,ravemother
2024-04-05 22:29:05,artemis__xyz
2024-04-05 22:29:05,13yearoldvc
2024-04-05 22:29:05,wehack247
2024-04-05 22:29:05,oswinso
2024-04-05 22:29:05,cyberfund_
2024-04-05 22:29:05,jiffy_peanuts
2024-04-05 22:29:05,FoliusVentures
2024-04-05 22:29:05,0xPolygon
2024-04-05 22:29:05,standardcrypto
2024-04-05 22:29:05,EclipseFND
2024-04-05 22:29:05,shumochu
2024-04-05 22:29:05,BruestleJeremy
2024-04-05 22:29:05,jennyqcheng
2024-04-05 22:29:05,Columbia_biz
2024-04-05 22:29:05,QLBLUjmuOS
2024-04-05 22:29:05,CelestiaOrg
2024-04-05 22:29:05,tracecrypto1
2024-04-05 22:29:05,goforward
2024-04-05 22:29:05,davidcarr3ra
2024-04-05 22:29:05,miramurati
2024-04-05 22:29:05,demishassabis
2024-04-05 22:29:05,LayerZero_Labs
2024-04-05 22:29:05,mlunghi2000
2024-04-05 22:29:05,columbia
2024-04-05 22:29:05,casparschwa
2024-04-05 22:29:05,eigenlayer
2024-04-05 22:29:05,0xtaetaehoho
2024-04-05 22:29:05,uscmarshall
2024-04-05 22:29:05,thielfellowship
2024-04-05 22:29:05,eigen_da
2024-04-05 22:29:05,MapleLeafCap
2024-04-05 22:29:05,jasonjzhao
2024-04-05 22:29:05,nervosnetwork
2024-04-05 22:29:05,ethereum
2024-04-05 22:29:05,stanford
2024-04-05 22:29:05,Facebook
2024-04-05 22:29:05,nounsdao
2024-04-05 22:29:05,CarnegieMellon
2024-04-05 22:29:05,waltjsmith
2024-04-05 22:29:05,weidai11
2024-04-05 22:29:05,sonu_stream
2024-04-05 22:29:05,CampbellJAustin
2024-04-05 22:29:05,PayPal
2024-04-05 22:29:05,Polychain
2024-04-05 22:29:05,knwang
2024-04-05 22:29:05,dragonfly_xyz
2024-04-05 22:29:05,khushii_w
2024-04-05 22:29:05,BrownUniversity
2024-04-05 22:29:05,citi
2024-04-05 22:29:05,ICONIQ
2024-04-05 22:29:05,googledeepmind
2024-04-05 22:29:05,madrealities
2024-04-05 22:29:05,CoinbaseWallet
2024-04-05 22:29:05,Felicis
2024-04-05 22:29:05,PropelVC
2024-04-05 22:29:05,storyprotocol
2024-04-05 22:29:05,protagonistXYZ
2024-04-05 22:29:05,RiscZeroDevs
2024-04-05 22:29:05,Stifel
2024-04-05 22:29:05,PalantirTech
2024-04-05 22:29:05,yuxiao_deng
2024-04-05 22:29:05,Ruisnakes
2024-04-05 22:29:05,SevenXVentures
2024-04-05 22:29:05,NucleusGenomics
2024-04-05 22:29:05,bidclubio
2024-04-05 22:29:05,raihan_
2024-04-05 22:29:05,SorellaLabs
2024-04-05 22:29:05,paxos
2024-04-05 22:29:05,eigen_labs
2024-04-05 22:29:05,txsequencer
2024-04-08 16:44:55,nounsdao
2024-04-08 16:44:55,jennyqcheng
2024-04-08 16:44:55,CarnegieMellon
2024-04-08 16:44:55,foundersfund
2024-04-08 16:44:55,PropelVC
2024-04-08 16:44:55,yuxiao_deng
2024-04-08 16:44:55,alongsidefi
2024-04-08 16:44:55,_RichardTeng
2024-04-08 16:44:55,RISCZero
2024-04-08 16:44:55,mBVFhriJVf
2024-04-08 16:44:55,eigen_da
2024-04-08 16:44:55,shotsonclub
2024-04-08 16:44:55,thielfellowship
2024-04-08 16:44:55,fwbtweets
2024-04-08 16:44:55,QLBLUjmuOS
2024-04-08 16:44:55,nervosnetwork
2024-04-08 16:44:55,txsequencer
2024-04-08 16:44:55,cyberfund_
2024-04-08 16:44:55,artemis__xyz
2024-04-08 16:44:55,KianSadeghi5
2024-04-08 16:44:55,0xBalloonLover
2024-04-08 16:44:55,PayPal
2024-04-08 16:44:55,OpenAI
2024-04-08 16:44:55,jasonjzhao
2024-04-08 16:44:55,Nucleusgenomics
2024-04-08 16:44:55,0xPolygon
2024-04-08 16:44:55,knwang
2024-04-08 16:44:55,LayerZero_Labs
2024-04-08 16:44:55,nyuniversity
2024-04-08 16:44:55,ravemother
2024-04-08 16:44:55,storyprotocol
2024-04-08 16:44:55,goforward
2024-04-08 16:44:55,claudhadd
2024-04-08 16:44:55,Facebook
2024-04-08 16:44:55,BruestleJeremy
2024-04-08 16:44:55,ashwinrz
2024-04-08 16:44:55,0xgaut
2024-04-08 16:44:55,honam
2024-04-08 16:44:55,CoinbaseWallet
2024-04-08 16:44:55,0xtaetaehoho
2024-04-08 16:44:55,MapleLeafCap
2024-04-08 16:44:55,animocabrands
2024-04-08 16:44:55,tracecrypto1
2024-04-08 16:44:55,madrealities
2024-04-08 16:44:55,FoliusVentures
2024-04-08 16:44:55,eigenlayer
2024-04-08 16:44:55,Ruisnakes
2024-04-08 16:44:55,RiscZeroDevs
2024-04-08 16:44:55,uwcse
2024-04-08 16:44:55,raihan_
2024-04-08 16:44:55,miramurati
2024-04-08 16:44:55,khalani_network
2024-04-08 16:44:55,MantaNetwork
2024-04-08 16:44:55,6BhhDP1Hcy
2024-04-08 16:44:55,standardcrypto
2024-04-08 16:44:55,ucsbcs
2024-04-08 16:44:55,zfellows_
2024-04-08 16:44:55,NucleusGenomics
2024-04-08 16:44:55,nebrazkp
2024-04-08 16:44:55,obeygiant
2024-04-08 16:44:55,ethereum
2024-04-08 16:44:55,waltjsmith
2024-04-08 16:44:55,bridge__harris
2024-04-08 16:44:55,Polychain
2024-04-08 16:44:55,shumochu
2024-04-08 16:44:55,Binance
2024-04-08 16:44:55,jpmorgan
2024-04-08 16:44:55,tiktok_us
2024-04-08 16:44:55,AmmanBhasin
2024-04-08 16:44:55,uscmarshall
2024-04-08 16:44:55,casparschwa
2024-04-08 16:44:55,eigen_labs
2024-04-08 16:44:55,googledeepmind
2024-04-08 16:44:55,SevenXVentures
2024-04-08 16:44:55,DevinLewtan
2024-04-08 16:44:55,EclipseFND
2024-04-08 16:44:55,animocaventures
2024-04-08 16:44:55,mantanetwork
2024-04-08 16:44:55,CelestiaOrg
2024-04-08 16:44:55,sonu_stream
2024-04-08 16:44:55,bidclubio
2024-04-08 16:44:55,Penn
2024-04-08 16:44:55,BinanceLabs
2024-04-08 16:44:55,jiffy_peanuts
2024-04-08 16:44:55,breville
2024-04-08 16:44:55,weidai11
2024-04-08 16:44:55,stanford
2024-04-08 16:44:55,Stifel
2024-04-08 16:44:55,theblandwonder
2024-04-08 16:44:55,teamf16y
2024-04-08 16:44:55,dragonfly_xyz
2024-04-08 12:20:53,standardcrypto
2024-04-08 12:20:53,animocaventures
2024-04-08 12:20:53,bridge__harris
2024-04-08 12:20:53,dragonfly_xyz
2024-04-08 12:20:53,jpmorgan
2024-04-08 12:20:53,Nucleusgenomics
2024-04-08 12:20:53,BruestleJeremy
2024-04-08 12:20:53,RiscZeroDevs
2024-04-08 12:20:53,yuxiao_deng
2024-04-08 12:20:53,tracecrypto1
2024-04-08 12:20:53,NucleusGenomics
2024-04-08 12:20:53,stanford
2024-04-08 12:20:53,zfellows_
2024-04-08 12:20:53,storyprotocol
2024-04-08 12:20:53,ashwinrz
2024-04-08 12:20:53,KianSadeghi5
2024-04-08 12:20:53,animocabrands
2024-04-08 12:20:53,RISCZero
2024-04-08 12:20:53,goforward
2024-04-08 12:20:53,jennyqcheng
2024-04-08 12:20:53,alongsidefi
2024-04-08 12:20:53,SevenXVentures
2024-04-08 12:20:53,googledeepmind
2024-04-08 12:20:53,thielfellowship
2024-04-08 12:20:53,honam
2024-04-08 12:20:53,0xgaut
2024-04-08 12:20:53,jasonjzhao
2024-04-08 12:20:53,foundersfund
2024-04-17 13:52:04,tracecrypto1
2024-04-17 13:52:04,eigen_labs
2024-04-17 13:52:04,standardcrypto
2024-04-17 13:52:04,storyprotocol
2024-04-17 13:52:04,jennyqcheng
2024-04-17 13:52:04,waltjsmith
2024-04-17 13:52:04,Stifel
2024-04-17 13:52:04,6BhhDP1Hcy
2024-04-17 13:52:04,UChicago
2024-04-17 13:52:04,mantanetwork
2024-04-17 13:52:04,AmmanBhasin
2024-04-17 13:52:04,ravemother
2024-04-17 13:52:04,KianSadeghi5
2024-04-17 13:52:04,Facebook
2024-04-17 13:52:04,claudhadd
2024-04-17 13:52:04,nyuniversity
2024-04-17 13:52:04,animocaventures
2024-04-17 13:52:04,raihan_
2024-04-17 13:52:04,PayPal
2024-04-17 13:52:04,Penn
2024-04-17 13:52:04,CelestiaOrg
2024-04-17 13:52:04,DJRYSH
2024-04-17 13:52:04,BruestleJeremy
2024-04-17 13:52:04,honam
2024-04-17 13:52:04,FoliusVentures
2024-04-17 13:52:04,shumochu
2024-04-17 13:52:04,Ruisnakes
2024-04-17 13:52:04,thielfellowship
2024-04-17 13:52:04,madrealities
2024-04-17 13:52:04,cyberfund_
2024-04-17 13:52:04,bidclubio
2024-04-17 13:52:04,ksrini_
2024-04-17 13:52:04,ethena_labs
2024-04-17 13:52:04,theblandwonder
2024-04-17 13:52:04,googledeepmind
2024-04-17 13:52:04,DevinLewtan
2024-04-17 13:52:04,sonu_stream
2024-04-17 13:52:04,EclipseFND
2024-04-17 13:52:04,NucleusGenomics
2024-04-17 13:52:04,0xBalloonLover
2024-04-17 13:52:04,ashwinrz
2024-04-17 13:52:04,BinanceLabs
2024-04-17 13:52:04,shotsonclub
2024-04-17 13:52:04,RISCZero
2024-04-17 13:52:04,uwcse
2024-04-17 13:52:04,jiffy_peanuts
2024-04-17 13:52:04,blur_io
2024-04-17 13:52:04,eigenlayer
2024-04-17 13:52:04,0xPolygon
2024-04-17 13:52:04,eigen_da
2024-04-17 13:52:04,txsequencer
2024-04-17 13:52:04,foundersfund
2024-04-17 13:52:04,casparschwa
2024-04-17 13:52:04,AustinLDiamond
2024-04-17 13:52:04,dragonfly_xyz
2024-04-17 13:52:04,jasonjzhao
2024-04-17 13:52:04,CarnegieMellon
2024-04-17 13:52:04,0xtaetaehoho
2024-04-17 13:52:04,RiscZero
2024-04-17 13:52:04,MapleLeafCap
2024-04-17 13:52:04,alongsidefi
2024-04-17 13:52:04,0xgaut
2024-04-17 13:52:04,CoinbaseWallet
2024-04-17 13:52:04,SevenXVentures
2024-04-17 13:52:04,bridge__harris
2024-04-17 13:52:04,zfellows_
2024-04-17 13:52:04,berachain
2024-04-17 13:52:04,teamf16y
2024-04-17 13:52:04,clairekart
2024-04-17 13:52:04,RiscZeroDevs
2024-04-17 13:52:04,jpmorgan
2024-04-17 13:52:04,Polychain
2024-04-17 13:52:04,animocabrands
2024-04-17 13:52:04,PropelVC
2024-04-17 13:52:04,MikiIsakari
2024-04-17 13:52:04,nervosnetwork
2024-04-17 13:52:04,goforward
2024-04-17 13:52:04,nucleusgenomics
2024-04-17 13:52:04,ucsbcs
2024-04-17 13:52:04,MantaNetwork
2024-04-17 13:52:04,khalani_network
2024-04-17 13:52:04,yuxiao_deng
2024-04-17 13:52:04,ethereum
2024-04-17 13:52:04,SorellaLabs
2024-04-17 13:52:04,stanford
2024-04-17 13:52:04,QfrTQyQqYg
2024-04-17 13:52:04,knwang
2024-04-17 13:52:04,nounsdao
2024-04-17 13:52:04,LayerZero_Labs
2024-04-17 13:52:04,nebrazkp
2024-04-17 13:52:04,tiktok_us
2024-05-03 17:05:01,exolabs_
2024-05-03 17:05:01,eigenfoundation
2024-05-03 17:05:01,cs1TfhpBhw
2024-05-03 17:05:01,mo_baioumy
2024-05-03 17:05:01,sequoia
2024-05-03 17:05:01,sershokunin
2024-05-03 17:05:01,7UfNTDUAao
2024-05-03 17:05:01,oxfordrobots
2024-05-03 17:05:01,jacobkxyz
2024-05-03 17:05:01,Superscrypt
2024-05-03 17:05:01,EFDevcon
2024-05-03 17:05:01,YeruiZhang
2024-05-03 17:05:01,wbrads
2024-05-08 17:14:56,browsercompany
2024-05-15 13:45:57,RiscZeroIntern
2024-05-15 13:45:57,merettm
2024-05-15 13:45:57,drakefjustin
