2024-04-05 21:37:34,ColosseumOrg
2024-04-05 21:37:34,W6fN5Ptwfw
2024-04-05 21:37:34,openzeppelin
2024-04-05 21:37:34,goodwinlaw
2024-04-05 21:37:34,_0xNinja_
2024-04-05 21:37:34,knveth
2024-04-05 21:37:34,DrewAustin
2024-04-05 21:37:34,DylanAbruscato
2024-04-05 21:37:34,RedBeardVC
2024-04-05 21:37:34,CgaoMfhUHd
2024-04-05 21:37:34,search?q=%24ORN&src=cashtag_click
2024-04-05 21:37:34,l2beat
2024-04-05 21:37:34,lfg_org
2024-04-05 21:37:34,cryptothegame_
2024-04-05 21:37:34,HERDAOIndia
2024-04-05 21:37:34,WadeandWendy
2024-04-05 21:37:34,alignedlayer
2024-04-05 21:37:34,hqtrivia
2024-04-05 21:37:34,Valist_io
2024-04-05 21:37:34,Solana
2024-04-05 21:37:34,gham1lt0n
2024-04-05 21:37:34,BanklessVC
2024-04-05 21:37:34,remi_gai
2024-04-05 21:37:34,anchor_protocol
2024-04-05 21:37:34,melynx
2024-04-05 21:37:34,tuffleuk
2024-04-05 21:37:34,iXe8JnRmPi
2024-04-05 21:37:34,cairoeth
2024-04-05 21:37:34,knightsofdegen
2024-04-05 21:37:34,sofamon_xyz
2024-04-05 21:37:34,search?q=%24LUMIA&src=cashtag_click
2024-04-05 21:37:34,ultrastellar
2024-04-05 21:37:34,variantfund
2024-04-05 21:37:34,khalani_network
2024-04-05 21:37:34,capitalxyz
2024-04-05 21:37:34,Raph_Bloch
2024-04-05 21:37:34,aahiknsv
2024-04-05 21:37:34,IgorStadnykINC4
2024-04-05 21:37:34,avowallet
2024-04-05 21:37:34,Instadapp
2024-04-05 21:37:34,elixir
2024-04-05 21:37:34,JayLovesPotato_
2024-04-05 21:37:34,S2XPqnyc22
2024-04-05 21:37:34,WilderWorld
2024-04-05 21:37:34,fran_strambini
2024-04-05 21:37:34,partyround
2024-04-05 21:37:34,0xEmirr
2024-04-05 21:37:34,daniel_de_witte
2024-04-05 21:37:34,dH6lkvj5xn
2024-04-05 21:37:34,TheBigWhale_
2024-04-05 21:37:34,DenariiLabs
2024-04-05 21:37:34,0xplus7
2024-04-05 21:37:34,miszke_eth
2024-04-05 21:37:34,0xKanekiKen
2024-04-05 21:37:34,TonyHB121
2024-04-05 21:37:34,automatanetwork
2024-04-05 21:37:34,Fhenix_OS
2024-04-05 21:37:34,JayLovesPotato
2024-04-05 21:37:34,FhenixIO
2024-04-05 21:37:34,NEARProtocol
2024-04-05 21:37:34,class_lambda
2024-04-05 21:37:34,0xStackr
2024-04-05 21:37:34,nervosnetwork
2024-04-05 21:37:34,gregory_raymond
2024-04-05 21:37:34,zkLumi
2024-04-05 21:37:34,thedreamos
2024-04-05 21:37:34,wagieeacc
2024-04-05 21:37:34,DG2
2024-04-05 21:37:34,knwang
2024-04-05 21:37:34,the_matter_labs
2024-04-05 21:37:34,FHEOnchain
2024-04-05 21:37:34,vaIeGo7eaW
2024-04-05 21:37:34,JQuantAnalytics
2024-04-05 21:37:34,DrYuYuan
2024-04-05 21:37:34,JpwdEKL4Sc
2024-04-05 21:37:34,pNpbDU9CaV
2024-04-05 21:37:34,FourPillarsFP
2024-04-05 21:37:34,INC_4_
2024-04-05 21:37:34,zkSync
2024-04-05 21:37:34,stableunitdao
2024-04-05 21:37:34,terra_money
2024-04-05 21:37:34,BuildOnLumia
2024-04-05 21:37:34,gateway_eth
2024-04-05 21:37:34,FVn3NRNrLe
2024-04-05 21:37:34,a_vaunt
2024-04-05 21:37:34,airdao_io
2024-04-05 21:37:34,Scroll_ZKP
2024-04-05 21:37:34,postmates
2024-04-05 21:37:34,Louis_Tellier
2024-04-08 16:18:15,wagieeacc
2024-04-08 16:18:15,gham1lt0n
2024-04-08 16:18:15,the_matter_labs
2024-04-08 16:18:15,iXe8JnRmPi
2024-04-08 16:18:15,postmates
2024-04-08 16:18:15,synthetix_io
2024-04-08 16:18:15,daniel_de_witte
2024-04-08 16:18:15,search?q=%24ORN&src=cashtag_click
2024-04-08 16:18:15,elixir
2024-04-08 16:18:15,0xplus7
2024-04-08 16:18:15,HERDAOIndia
2024-04-08 16:18:15,openzeppelin
2024-04-08 16:18:15,JpwdEKL4Sc
2024-04-08 16:18:15,IgorStadnykINC4
2024-04-08 16:18:15,Anchorage
2024-04-08 16:18:15,cryptothegame_
2024-04-08 16:18:15,JQuantAnalytics
2024-04-08 16:18:15,tanned_sipped
2024-04-08 16:18:15,electriccoinco
2024-04-08 16:18:15,thedreamos
2024-04-08 16:18:15,DG2
2024-04-08 16:18:15,W6fN5Ptwfw
2024-04-08 16:18:15,Fhenix_OS
2024-04-08 16:18:15,capitalxyz
2024-04-08 16:18:15,search?q=%24LUMIA&src=cashtag_click
2024-04-08 16:18:15,FVn3NRNrLe
2024-04-08 16:18:15,airdao_io
2024-04-08 16:18:15,dH6lkvj5xn
2024-04-08 16:18:15,FHEOnchain
2024-04-08 16:18:15,S2XPqnyc22
2024-04-08 16:18:15,cairoeth
2024-04-08 16:18:15,anchor_protocol
2024-04-08 16:18:15,0xEmirr
2024-04-08 16:18:15,Louis_Tellier
2024-04-08 16:18:15,wharton
2024-04-08 16:18:15,michlai007
2024-04-08 16:18:15,Solana
2024-04-08 16:18:15,goodwinlaw
2024-04-08 16:18:15,gregory_raymond
2024-04-08 16:18:15,TonyHB121
2024-04-08 16:18:15,melynx
2024-04-08 16:18:15,pNpbDU9CaV
2024-04-08 16:18:15,ultrastellar
2024-04-08 16:18:15,automatanetwork
2024-04-08 16:18:15,zkLumi
2024-04-08 16:18:15,aahiknsv
2024-04-08 16:18:15,lfg_org
2024-04-08 16:18:15,Valist_io
2024-04-08 16:18:15,_0xNinja_
2024-04-08 16:18:15,TheBigWhale_
2024-04-08 16:18:15,partyround
2024-04-08 16:18:15,a_vaunt
2024-04-08 16:18:15,avowallet
2024-04-08 16:18:15,WilderWorld
2024-04-08 16:18:15,zkSync
2024-04-08 16:18:15,miszke_eth
2024-04-08 16:18:15,vaIeGo7eaW
2024-04-08 16:18:15,stableunitdao
2024-04-08 16:18:15,FourPillarsFP
2024-04-08 16:18:15,DylanAbruscato
2024-04-08 16:18:15,DrewAustin
2024-04-08 16:18:15,CgaoMfhUHd
2024-04-08 16:18:15,BuildOnLumia
2024-04-08 16:18:15,NEARProtocol
2024-04-08 16:18:15,terra_money
2024-04-08 16:18:15,knightsofdegen
2024-04-08 16:18:15,0xStackr
2024-04-08 16:18:15,JayLovesPotato_
2024-04-08 16:18:15,INC_4_
2024-04-08 16:18:15,WadeandWendy
2024-04-08 16:18:15,RedBeardVC
2024-04-08 16:18:15,BanklessVC
2024-04-08 16:18:15,sofamon_xyz
2024-04-08 16:18:15,FhenixIO
2024-04-08 16:18:15,l2beat
2024-04-08 16:18:15,Instadapp
2024-04-08 16:18:15,variantfund
2024-04-08 16:18:15,HeyJeremyHorn
2024-04-08 16:18:15,bloccelerate
2024-04-08 16:18:15,Overworldplay
2024-04-08 16:18:15,JayLovesPotato
2024-04-08 16:18:15,poof_eth
2024-04-08 16:18:15,ColosseumOrg
2024-04-08 16:18:15,hqtrivia
2024-04-08 16:18:15,Scroll_ZKP
2024-04-08 16:18:15,BinanceLabs
2024-04-08 16:18:15,gateway_eth
2024-04-08 16:18:15,Raph_Bloch
2024-04-08 16:18:15,remi_gai
2024-04-08 16:18:15,knveth
2024-04-08 16:18:15,DenariiLabs
2024-04-08 16:18:15,XterioGames
2024-04-08 11:59:54,capitalxyz
2024-04-08 11:59:54,S2XPqnyc22
2024-04-08 11:59:54,Anchorage
2024-04-08 11:59:54,aahiknsv
2024-04-08 11:59:54,TheBigWhale_
2024-04-08 11:59:54,FhenixIO
2024-04-08 11:59:54,JayLovesPotato
2024-04-08 11:59:54,remi_gai
2024-04-08 11:59:54,fran_strambini
2024-04-08 11:59:54,XterioGames
2024-04-08 11:59:54,melynx
2024-04-08 11:59:54,iXe8JnRmPi
2024-04-08 11:59:54,bloccelerate
2024-04-08 11:59:54,vaIeGo7eaW
2024-04-08 11:59:54,terra_money
2024-04-08 11:59:54,postmates
2024-04-08 11:59:54,zkSync
2024-04-08 11:59:54,0xEmirr
2024-04-08 11:59:54,openzeppelin
2024-04-08 11:59:54,WadeandWendy
2024-04-08 11:59:54,lfg_org
2024-04-08 11:59:54,0xplus7
2024-04-08 11:59:54,anchor_protocol
2024-04-08 11:59:54,DrYuYuan
2024-04-08 11:59:54,search?q=%24LUMIA&src=cashtag_click
2024-04-08 11:59:54,elixir
2024-04-08 11:59:54,BinanceLabs
2024-04-08 11:59:54,michlai007
2024-04-08 11:59:54,Valist_io
2024-04-08 11:59:54,JpwdEKL4Sc
2024-04-08 11:59:54,miszke_eth
2024-04-08 11:59:54,gham1lt0n
2024-04-08 11:59:54,IgorStadnykINC4
2024-04-08 11:59:54,DrewAustin
2024-04-08 11:59:54,FVn3NRNrLe
2024-04-08 11:59:54,sofamon_xyz
2024-04-08 11:59:54,gateway_eth
2024-04-08 11:59:54,knveth
2024-04-08 11:59:54,stableunitdao
2024-04-08 11:59:54,a_vaunt
2024-04-08 11:59:54,Solana
2024-04-08 11:59:54,Louis_Tellier
2024-04-08 11:59:54,Fhenix_OS
2024-04-08 11:59:54,poof_eth
2024-04-08 11:59:54,DenariiLabs
2024-04-08 11:59:54,WilderWorld
2024-04-08 11:59:54,gregory_raymond
2024-04-08 11:59:54,CgaoMfhUHd
2024-04-08 11:59:54,BuildOnLumia
2024-04-08 11:59:54,l2beat
2024-04-08 11:59:54,goodwinlaw
2024-04-08 11:59:54,avowallet
2024-04-08 11:59:54,hqtrivia
2024-04-08 11:59:54,0xKanekiKen
2024-04-08 11:59:54,HeyJeremyHorn
2024-04-08 11:59:54,pNpbDU9CaV
2024-04-08 11:59:54,INC_4_
2024-04-08 11:59:54,alignedlayer
2024-04-08 11:59:54,synthetix_io
2024-04-08 11:59:54,search?q=%24ORN&src=cashtag_click
2024-04-08 11:59:54,ColosseumOrg
2024-04-08 11:59:54,Instadapp
2024-04-08 11:59:54,daniel_de_witte
2024-04-08 11:59:54,knwang
2024-04-08 11:59:54,HERDAOIndia
2024-04-08 11:59:54,wharton
2024-04-08 11:59:54,airdao_io
2024-04-08 11:59:54,0xStackr
2024-04-08 11:59:54,NEARProtocol
2024-04-08 11:59:54,DylanAbruscato
2024-04-08 11:59:54,Scroll_ZKP
2024-04-08 11:59:54,DG2
2024-04-08 11:59:54,ultrastellar
2024-04-08 11:59:54,partyround
2024-04-08 11:59:54,cryptothegame_
2024-04-08 11:59:54,electriccoinco
2024-04-08 11:59:54,Raph_Bloch
2024-04-08 11:59:54,TonyHB121
2024-04-08 11:59:54,_0xNinja_
2024-04-08 11:59:54,zkLumi
2024-04-08 11:59:54,dH6lkvj5xn
2024-04-08 11:59:54,BanklessVC
2024-04-08 11:59:54,Overworldplay
2024-04-08 11:59:54,automatanetwork
2024-04-08 11:59:54,thedreamos
2024-04-08 11:59:54,W6fN5Ptwfw
2024-04-08 11:59:54,FourPillarsFP
2024-04-08 11:59:54,tuffleuk
2024-04-08 11:59:54,RedBeardVC
2024-04-08 11:59:54,cairoeth
2024-04-08 11:59:54,variantfund
2024-04-08 11:59:54,FHEOnchain
2024-04-08 11:59:54,wagieeacc
2024-04-08 11:59:54,khalani_network
2024-04-08 11:59:54,knightsofdegen
2024-04-08 11:59:54,tanned_sipped
2024-04-08 11:59:54,JayLovesPotato_
2024-04-08 11:59:54,JQuantAnalytics
2024-04-08 11:59:54,class_lambda
2024-04-08 11:59:54,nervosnetwork
2024-04-08 11:59:54,the_matter_labs
2024-04-17 13:26:15,tristan_angles
2024-04-17 13:26:15,davidsrz
2024-04-17 13:26:15,BBCiPlayer
2024-04-17 13:26:15,eRG5Uf82RR
2024-04-17 13:26:15,femboy_capital
2024-04-17 13:26:15,QLBLUjmuOS
2024-04-17 13:26:15,bkase_
2024-04-17 13:26:15,XAI_GAMES
2024-04-17 13:26:15,nodeguardians
2024-04-17 13:26:15,Uniswap
2024-04-17 13:26:15,Abridged_io
2024-04-17 13:26:15,eawosikaa
2024-04-17 13:26:15,CyberConnectHQ
2024-04-17 13:26:15,0xPolygonID
2024-04-17 13:26:15,njess
2024-04-17 13:26:15,zksecurityXYZ
2024-04-17 13:26:15,BuildOnPalm
2024-04-17 13:26:15,Explara
2024-04-17 13:26:15,BAYCKorea
2024-04-17 13:26:15,CelestiaOrg
2024-04-17 13:26:15,digitlartifacts
2024-04-17 13:26:15,wwwwednesday
2024-04-17 13:26:15,proof_xyz
2024-04-17 13:26:15,Mclader
2024-04-17 13:26:15,FoundershipHQ
2024-04-17 13:26:15,mishika251
2024-04-17 13:26:15,StanfordGSB
2024-04-17 13:26:15,MoonwellDeFi
2024-04-17 13:26:15,AmirRezaizadeh
2024-04-17 13:26:15,ninerealms_cap
2024-04-17 13:26:15,Ethereum2077
2024-04-17 13:26:15,PUsZRwnvHv
2024-04-17 13:26:15,ATXDAO
2024-04-17 13:26:15,StevenQuartz
2024-04-17 13:26:15,accelerateart
2024-04-17 13:26:15,OnlyDust_com
2024-04-17 13:26:15,StanfordCrypto
2024-04-17 13:26:15,core_scientific
2024-04-17 13:26:15,ammori
2024-04-17 13:26:15,krugermacro
2024-04-17 13:26:15,genarc_official
2024-04-17 13:26:15,0xRampey
2024-04-17 13:26:15,SearchOnDora
2024-04-17 13:26:15,CATBOTICA
2024-04-17 13:26:15,0xStackr
2024-04-17 13:26:15,cartesiproject
2024-04-17 13:26:15,Stake_Cat
2024-04-17 13:26:15,inter4pod
2024-04-17 13:26:15,bmaia_expat
2024-04-17 13:26:15,ClashRoyale
2024-04-17 13:26:15,NITIAayog
2024-04-17 13:26:15,0xPolygon
2024-04-17 13:26:15,klee_049
2024-04-17 13:26:15,pleasrDAO
2024-04-17 13:26:15,s40uHnCdvQ
2024-04-17 13:26:15,seedclubhq
2024-04-17 13:26:15,Collab_land_
2024-04-17 13:26:15,MKjrstad
2024-04-17 13:26:15,MinaProtocol
2024-04-17 13:26:15,dorahacks
2024-04-17 13:26:15,Aniirban19
2024-04-17 13:26:15,uniswap
2024-04-17 13:26:15,AmpleforthOrg
2024-04-17 13:26:15,UMAProtocol
2024-04-17 13:26:15,GoogleCloud
2024-04-17 13:26:15,AnavAgrawal2
2024-04-17 13:26:15,CosmosATOMDaily
2024-04-17 13:26:15,Caltech
2024-04-17 13:26:15,lagrangedev
2024-04-17 13:26:15,0xRickyW
2024-04-17 13:26:15,ernopp
2024-04-17 13:26:15,eBay_UK
2024-04-17 13:26:15,MilkRoadDaily
2024-04-17 13:26:15,jamesyoung
2024-04-17 13:26:15,UofIllinois
2024-04-17 13:26:15,otto_crypt
2024-04-17 13:26:15,theSamPadilla
2024-04-17 13:26:15,BigRicky_eth
2024-04-17 13:26:15,gensynai
2024-04-17 13:26:15,witnesschain
2024-04-17 13:26:15,FTI_DA
2024-04-17 13:26:15,o1_labs
2024-04-17 13:26:15,benroy__
2024-04-17 13:26:15,FormaChain
2024-04-17 13:26:15,wayofjin
2024-04-17 13:26:15,Scroll_ZKP
2024-04-17 13:26:15,FahrenheitHlg
2024-04-17 13:26:15,artemis__xyz
2024-04-17 13:26:15,L2Iterative
2024-04-17 13:26:15,ConejoCapital
2024-04-17 13:26:15,search?q=%24ATOM&src=cashtag_click
2024-04-17 13:26:15,POKTnetwork
2024-04-17 13:26:15,dark3web1
2024-04-17 13:26:15,Kiln_finance
2024-04-17 13:26:15,proofgp
2024-04-17 13:26:15,AstriaOrg
2024-04-17 13:26:15,DoraFactory
2024-04-17 13:26:15,santoshpanda
2024-04-17 13:26:15,Protext_io
2024-05-03 16:51:31,ZackPokorny_
2024-05-03 16:51:31,BSmokes_
2024-05-03 16:51:31,DAppaDanDev
2024-05-03 16:51:31,digital_monad
2024-05-03 16:51:31,zkSync
2024-05-03 16:51:31,PistachioFi
2024-05-03 16:51:31,iaF5qrPJw8
2024-05-03 16:51:31,MITEECS
2024-05-03 16:51:31,dovemetrics
2024-05-03 16:51:31,galaxyhq
2024-05-03 16:51:31,CoinList
2024-05-03 16:51:31,osmosiszone
2024-05-03 16:51:31,nasa
2024-05-03 16:51:31,openblocklabs
2024-05-03 16:51:31,delphi_ventures
2024-05-03 16:51:31,hUMDgRUhzd
2024-05-03 16:51:31,meta
2024-05-03 16:51:31,viswanathpramod
2024-05-03 16:51:31,a16z
2024-05-03 16:51:31,offchainlabs
2024-05-03 16:51:31,eigenfoundation
2024-05-03 16:51:31,lattice_fund
2024-05-03 16:51:31,MitchellAmador
2024-05-03 16:51:31,supernovahs444
2024-05-03 16:51:31,BanklessHQ
2024-05-03 16:51:31,EPFL
2024-05-03 16:51:31,craigzLiszt
2024-05-03 16:51:31,BitcoinSuisseAG
2024-05-03 16:51:31,scale_ai
2024-05-03 16:51:31,Snap
2024-05-03 16:51:31,gmEthereum
2024-05-03 16:51:31,_zanzalu
2024-05-03 16:51:31,tokensightxyz
2024-05-03 16:51:31,apple
2024-05-03 16:51:31,eoracle_network
2024-05-03 16:51:31,QXovR5R2Ft
2024-05-03 16:51:31,matan_si
2024-05-03 16:51:31,nodemonste
2024-05-03 16:51:31,0xCryptoDypto
2024-05-03 16:51:31,0xintuition
2024-05-03 16:51:31,Coinbase
2024-05-03 16:51:31,cloudkitchens
2024-05-03 16:51:31,ucyLn1GNdt
2024-05-03 16:51:31,gregoireljda
2024-05-03 16:51:31,zksync
2024-05-03 16:51:31,babylon_chain
2024-05-03 16:51:31,developer_dao
2024-05-03 16:51:31,search?q=%24MAGIC&src=cashtag_click
2024-05-03 16:51:31,lyft
2024-05-03 16:51:31,EigenLayer
2024-05-03 16:51:31,BanerjeSankha
2024-05-03 16:51:31,ycombinator
2024-05-03 16:51:31,fuel_network
2024-05-03 16:51:31,immunefi
2024-05-03 16:51:31,Vinod_MIT
2024-05-03 16:51:31,Heintess_GM
2024-05-03 16:51:31,ZeMariaMacedo
2024-05-03 16:51:31,node_Cap
2024-05-03 16:51:31,Hitachi
2024-05-03 16:51:31,NanaMurugesan
2024-05-03 16:51:31,a16zCrypto
2024-05-03 16:51:31,firstbatchxyz_
2024-05-03 16:51:31,THORChain
2024-05-03 16:51:31,AmosMeiri
2024-05-03 16:51:31,the_matter_labs
2024-05-03 16:51:31,LSQFYxLeEK
2024-05-03 16:51:31,cobie
2024-05-03 16:51:31,WhiteboardCryp1
2024-05-03 16:51:31,pugmassacre
2024-05-03 16:51:31,snap
2024-05-03 16:51:31,PlayOnTreasure
2024-05-03 16:51:31,its_iLan
2024-05-03 16:51:31,ChorusOne
2024-05-03 16:51:31,bvicentes
2024-05-03 16:51:31,google
2024-05-03 16:51:31,delphi_labs
2024-05-03 16:51:31,reganbozman
2024-05-03 16:51:31,twitter
2024-05-03 16:51:31,nibiruchain
2024-05-03 16:51:31,driaforall
2024-05-03 16:51:31,tamarajtran
2024-05-03 16:51:31,WaynesWorldza
2024-05-03 16:51:31,arbitrum
2024-05-03 16:51:31,kerimrocks
2024-05-03 16:51:31,AngelList
2024-05-03 16:51:31,uber
2024-05-03 16:51:31,yAYBHPQ070
2024-05-03 16:51:31,dukeU
2024-05-03 16:51:31,DualityTech
2024-05-03 16:51:31,Treasure_DAO
2024-05-03 16:51:31,0xlstern
2024-05-03 16:51:31,ethereum
2024-05-03 16:51:31,w4vitale
2024-05-03 16:51:31,ceciliasubmari1
2024-05-03 16:51:31,echodotxyz
2024-05-03 16:51:31,MIT
2024-05-03 16:51:31,blockdaemonhq
2024-05-03 16:51:31,eigenlayer
2024-05-03 16:51:31,mattmurrs
2024-05-08 17:02:51,am7xd2Or3G
2024-05-08 17:02:51,FWBtweets
2024-05-08 17:02:51,kravchenkopo
2024-05-08 17:02:51,iimb_official
2024-05-08 17:02:51,kmeFe0omdz
2024-05-08 17:02:51,1RTPartners
2024-05-08 17:02:51,SteakCapital
2024-05-08 17:02:51,BranchClash
2024-05-08 17:02:51,SplitCapital
2024-05-08 17:02:51,cuhksz
2024-05-08 17:02:51,Binance
2024-05-08 17:02:51,garvitgoel03
2024-05-08 17:02:51,semrush
2024-05-08 17:02:51,Defi0xJeff
2024-05-08 17:02:51,decryptopodcast
2024-05-08 17:02:51,LayerZero_Labs
2024-05-08 17:02:51,RiscZero
2024-05-08 17:02:51,Sprkfi
2024-05-08 17:02:51,Sei_FND
2024-05-08 17:02:51,Aave
2024-05-08 17:02:51,greenfield
2024-05-08 17:02:51,HubSpot
2024-05-08 17:02:51,kleros_io
2024-05-08 17:02:51,proofofhumanity
2024-05-08 17:02:51,LocalGlobeVC
2024-05-08 17:02:51,zKsisyfos
2024-05-08 17:02:51,LightProtocol
2024-05-08 17:02:51,oftk00nKbG
2024-05-08 17:02:51,Citi
2024-05-08 17:02:51,HashKey_Capital
2024-05-08 17:02:51,link3to
2024-05-08 17:02:51,iitdelhi
2024-05-08 17:02:51,clesaege
2024-05-08 17:02:51,coinbase
2024-05-08 17:02:51,labs_electron
2024-05-08 17:02:51,forbes
2024-05-08 17:02:51,CHOPPAtheSHARK
2024-05-08 17:02:51,shlokm289
2024-05-08 17:02:51,ETH_en
2024-05-08 17:02:51,Mbn3Q4YND4
2024-05-08 17:02:51,Gyrostable
2024-05-08 17:02:51,AlexOnchain
2024-05-08 17:02:51,AmaranthineArt
2024-05-08 17:02:51,swen_sjn
2024-05-08 17:02:51,mattsilv
2024-05-08 17:02:51,Hazbobo1
2024-05-08 17:02:51,oviohq
2024-05-08 17:02:51,Arbitrum
2024-05-08 17:02:51,techstars
2024-05-08 17:02:51,safaryclub
2024-05-08 17:02:51,mehdi_eth
2024-05-08 17:02:51,Swaylend
2024-05-08 17:02:51,tttseocommunity
2024-05-08 17:02:51,krakenfx
2024-05-08 17:02:51,billmondays
2024-05-08 17:02:51,ethnimbus
2024-05-08 17:02:51,0xashesonchain
2024-05-08 17:02:51,compolabs
2024-05-08 17:02:51,stargatefinance
2024-05-08 17:02:51,Cryptovoxam
2024-05-08 17:02:51,chai_protocol
2024-05-08 17:02:51,nillionnetwork
2024-05-08 17:02:51,Cambridge_Uni
2024-05-08 17:02:51,SwimProtocol
2024-05-08 17:02:51,cyberconnecthq
2024-05-08 17:02:51,TheSpartanGroup
2024-05-08 17:02:51,pdGKLusW7N
2024-05-08 17:02:51,pythnetwork
2024-05-08 17:02:51,lisacheng
2024-05-08 17:02:51,ryanfang95
2024-05-08 17:02:51,DecentralGames
2024-05-08 17:02:51,10tfund
2024-05-08 17:02:51,0xRivendell
2024-05-08 17:02:51,Xi_195
2024-05-08 17:02:51,wagmi_vc
2024-05-08 17:02:51,0xWeiCai
2024-05-08 17:02:51,DLmhO4inMV
2024-05-08 17:02:51,airpuff_io
2024-05-08 17:02:51,0xhcslab
2024-05-08 17:02:51,0xagnish
2024-05-08 17:02:51,kevinliub
2024-05-08 17:02:51,traderjoe_xyz
2024-05-08 17:02:51,DTAPCAP
2024-05-08 17:02:51,Jaambutties
2024-05-08 17:02:51,monad_xyz
2024-05-08 17:02:51,madewithtea
2024-05-08 17:02:51,phillip_xyz
2024-05-08 17:02:51,matthewbarby
2024-05-08 17:02:51,ryanli_me
2024-05-08 17:02:51,xIN_8
2024-05-08 17:02:51,0xPolygonLabs
2024-05-09 16:59:59,matei_zaharia
2024-05-09 16:59:59,syndicateio
2024-05-09 16:59:59,timewavelabs
2024-05-09 16:59:59,CyfrinAudits
2024-05-09 16:59:59,VCYOFsWpYn
2024-05-09 16:59:59,94gROE5Xa0
2024-05-09 16:59:59,MLflow
2024-05-09 16:59:59,solanalabs
2024-05-09 16:59:59,kvncnls
2024-05-09 16:59:59,DeltaLakeOSS
2024-05-09 16:59:59,UnordiJourney
2024-05-09 16:59:59,UCBerkeley
2024-05-09 16:59:59,EmonMotamedi
2024-05-09 16:59:59,OxeWXaNjYD
2024-05-09 16:59:59,Reddit
2024-05-09 16:59:59,DuneAnalytics
2024-05-09 16:59:59,IDEO
2024-05-09 16:59:59,agaperste
2024-05-09 16:59:59,ianDAOs
2024-05-09 16:59:59,Grayscale
2024-05-09 16:59:59,ApacheSpark
2024-05-09 16:59:59,CitiVentures
2024-05-09 16:59:59,Databricks
2024-05-09 16:59:59,IDEOVC
2024-05-09 16:59:59,Solana
2024-05-09 16:59:59,nmRYAKG0LZ
2024-05-09 16:59:59,max_einhorn
2024-05-10 16:06:21,encodeclub
2024-05-10 16:06:21,zhGHrmMwHe
2024-05-10 16:06:21,rhinestonewtf
2024-05-10 16:06:21,0xBriann
2024-05-15 13:36:18,anujshankar95
2024-05-15 13:36:18,WeirdoGhostGang
2024-05-15 13:36:18,Luganodes
2024-05-15 13:36:18,NextGen_Venture
2024-05-15 13:36:18,vigneshka
2024-05-15 13:36:18,Christianeth
2024-05-15 13:36:18,MZge1Ue9KW
2024-05-15 13:36:18,Microsoft
2024-05-15 13:36:18,McKinsey
2024-05-15 13:36:18,soundxyz_
2024-05-20 19:46:12,mcuban
2024-05-20 19:46:12,OpenLayerHQ
2024-05-20 19:46:12,zjasper666
2024-05-20 19:46:12,_clemens__
2024-05-20 19:46:12,NEARprotocol
2024-05-20 19:46:12,costplusdrugs
2024-05-20 19:46:12,octoaicloud
2024-05-20 19:46:12,Google
2024-05-20 19:46:12,uwcse
2024-05-20 19:46:12,satyaki44
2024-05-20 19:46:12,Smartprogrammer
2024-05-20 19:46:12,Qiaoqiao2001
2024-05-20 19:46:12,Newmancapitalvc
2024-05-20 19:46:12,search?q=%24RLP&src=cashtag_click
2024-05-20 19:46:12,Yuchenj_UW
2024-05-20 19:46:12,hyperbolic_labs
2024-05-20 19:46:12,alextnetto
2024-05-20 19:46:12,lbsblockchain
2024-05-20 19:46:12,Kernel0x
2024-05-20 19:46:12,scribble_dao
2024-05-20 19:46:12,Hyperbolic_Labs
2024-05-20 19:46:12,blockful_io
2024-05-20 19:46:12,ufukaltinok
2024-05-20 19:46:12,tubergen
2024-05-20 19:46:12,FensKavliNet
2024-05-20 19:46:12,Cambrianxyz
2024-05-20 19:46:12,nethermindeth
2024-05-20 19:46:12,cWAdKaIbGq
2024-05-20 19:46:12,delphi_digital
2024-05-20 19:46:12,NorthIslandVC
2024-05-20 19:46:12,skate_chain
2024-05-20 19:46:12,minimoonlightx
2024-05-20 19:46:12,ApacheTVM
2024-05-20 19:46:12,avax
2024-05-20 19:46:12,QKqZkxR5VC
2024-05-20 19:46:12,Timothy0Leary
2024-05-20 19:46:12,radius_xyz
2024-05-20 19:46:12,citsecurities
2024-05-20 19:46:12,cryptunez
2024-05-20 19:46:12,samuelmandrew
