2024-04-05 21:10:20,SuiNetwork
2024-04-05 21:10:20,boldleonidas
2024-04-05 21:10:20,oWuqLcC1c0
2024-04-05 21:10:20,MerlinLayer2
2024-04-05 21:10:20,baincapcrypto
2024-04-05 21:10:20,MVK4xfPScc
2024-04-05 21:10:20,Banks
2024-04-05 21:10:20,trustmachinesco
2024-04-05 21:10:20,coinalyzetool
2024-04-05 21:10:20,internetmick
2024-04-05 21:10:20,odosprotocol
2024-04-05 21:10:20,JoeLallouz
2024-04-05 21:10:20,BotanixLabs
2024-04-05 21:10:20,aubreystrobel
2024-04-05 21:10:20,probablynothing
2024-04-05 21:10:20,safe
2024-04-05 21:10:20,jito_labs
2024-04-05 21:10:20,pubkey_nyc
2024-04-05 21:10:20,Re7Capital
2024-04-05 21:10:20,collectionist
2024-04-05 21:10:20,Blast_L2
2024-04-05 21:10:20,theo_diamandis
2024-04-05 21:10:20,ambushcapital
2024-04-05 21:10:20,U9iwSUkTp1
2024-04-05 21:10:20,FarmerJoe0x
2024-04-05 21:10:20,GQlT9krjES
2024-04-05 21:10:20,aoTheComputer
2024-04-05 21:10:20,CowSwap
2024-04-05 21:10:20,Movementlabsxyz
2024-04-05 21:10:20,fazeclan
2024-04-05 21:10:20,EclipseFND
2024-04-05 21:10:20,compoundvc
2024-04-05 21:10:20,citrea_xyz
2024-04-05 21:10:20,karpatkey
2024-04-05 21:10:20,Eclipse_Intern
2024-04-05 21:10:20,Sagaxyz__
2024-04-05 21:10:20,MovementWeek
2024-04-05 21:10:20,babylon_chain
2024-04-05 21:10:20,trylolli
2024-04-05 21:10:20,q0TaVXO8Wp
2024-04-05 21:10:20,AveryChing
2024-04-05 21:10:20,evanbat_
2024-04-05 21:10:20,NFTfiFoundation
2024-04-05 21:10:20,dailydirtnap
2024-04-05 21:10:20,HarvardHBS
2024-04-05 21:10:20,ohAe9HFOE7
2024-04-05 21:10:20,ApolloByZeus
2024-04-05 21:10:20,chainway_xyz
2024-04-05 21:10:20,paralleltcg
2024-04-05 21:10:20,_LewisHarland_
2024-04-05 21:10:20,blockgraze
2024-04-05 21:10:20,theaubservation
2024-04-05 21:10:20,NFTfi
2024-04-05 21:10:20,thedailygwei
2024-04-05 21:10:20,search?q=%24BTC&src=cashtag_click
2024-04-05 21:10:20,pokerchessman
2024-04-05 21:10:20,sassal0x
2024-04-05 21:10:20,ZeusNetworkHQ
2024-04-05 21:10:20,jito_sol
2024-04-05 21:10:20,cartesiproject
2024-04-05 21:10:20,WillemSchroe
2024-04-05 21:10:20,TensorFdn
2024-04-05 21:10:20,knowerofmarkets
2024-04-05 21:10:20,GnosisDAO
2024-04-05 21:10:20,gnosispay
2024-04-05 21:10:20,mhdempsey
2024-04-05 21:10:20,BitmapTech
2024-04-05 21:10:20,StefanDGeorge
2024-04-05 21:10:20,erickdemoura
2024-04-05 21:10:20,gnosischain
2024-04-05 21:10:20,mit
2024-04-05 21:10:20,Rmrm1xhGJF
2024-04-05 21:10:20,EvanWeb3
2024-04-05 21:10:20,DariusDale42
2024-04-08 16:01:49,JoeLallouz
2024-04-08 16:01:49,U9iwSUkTp1
2024-04-08 16:01:49,safe
2024-04-08 16:01:49,calypsodash
2024-04-08 16:01:49,jito_sol
2024-04-08 16:01:49,thedailygwei
2024-04-08 16:01:49,johnwastaken
2024-04-08 16:01:49,chainway_xyz
2024-04-08 16:01:49,babylon_chain
2024-04-08 16:01:49,PlayMythical
2024-04-08 16:01:49,trylolli
2024-04-08 16:01:49,ThalaLabs
2024-04-08 16:01:49,evanbat_
2024-04-08 16:01:49,PlayBlankos
2024-04-08 16:01:49,aoTheComputer
2024-04-08 16:01:49,theo_diamandis
2024-04-08 16:01:49,Movementlabsxyz
2024-04-08 16:01:49,ambushcapital
2024-04-08 16:01:49,ohAe9HFOE7
2024-04-08 16:01:49,Sagaxyz__
2024-04-08 16:01:49,coinalyzetool
2024-04-08 16:01:49,YoannTurpin1
2024-04-08 16:01:49,oWuqLcC1c0
2024-04-08 16:01:49,GQlT9krjES
2024-04-08 16:01:49,boldleonidas
2024-04-08 16:01:49,wintermute_t
2024-04-08 16:01:49,baincapcrypto
2024-04-08 16:01:49,internetmick
2024-04-08 16:01:49,mit
2024-04-08 16:01:49,usbgf
2024-04-08 16:01:49,DariusDale42
2024-04-08 16:01:49,cartesiproject
2024-04-08 16:01:49,adamcader_
2024-04-08 16:01:49,ZeusNetworkHQ
2024-04-08 16:01:49,pubkey_nyc
2024-04-08 16:01:49,neilhar_
2024-04-08 16:01:49,blockgraze
2024-04-08 16:01:49,fazeclan
2024-04-08 16:01:49,citrea_xyz
2024-04-08 16:01:49,MVK4xfPScc
2024-04-08 16:01:49,BitmapTech
2024-04-08 16:01:49,q9hx8ADsZD
2024-04-08 16:01:49,Blast_L2
2024-04-08 16:01:49,ApolloByZeus
2024-04-08 16:01:49,NFTfiFoundation
2024-04-08 16:01:49,erickdemoura
2024-04-08 16:01:49,NitroNationTour
2024-04-08 16:01:49,gnosischain
2024-04-08 16:01:49,Banks
2024-04-08 16:01:49,EvanWeb3
2024-04-08 16:01:49,WillemSchroe
2024-04-08 16:01:49,BotanixLabs
2024-04-08 16:01:49,dailydirtnap
2024-04-08 16:01:49,paraficapital
2024-04-08 16:01:49,Rmrm1xhGJF
2024-04-08 16:01:49,OndoFinance
2024-04-08 16:01:49,AveryChing
2024-04-08 16:01:49,FarmerJoe0x
2024-04-08 16:01:49,probablynothing
2024-04-08 16:01:49,GnosisDAO
2024-04-08 16:01:49,CowSwap
2024-04-08 16:01:49,Eclipse_Intern
2024-04-08 16:01:49,EnterTheMythos
2024-04-08 16:01:49,MerlinLayer2
2024-04-08 16:01:49,paralleltcg
2024-04-08 16:01:49,theaubservation
2024-04-08 16:01:49,compoundvc
2024-04-08 16:01:49,NFTfi
2024-04-08 16:01:49,q0TaVXO8Wp
2024-04-08 16:01:49,sassal0x
2024-04-08 16:01:49,templecrash
2024-04-08 16:01:49,parallelTCG
2024-04-08 16:01:49,StefanDGeorge
2024-04-08 16:01:49,activision
2024-04-08 16:01:49,EclipseFND
2024-04-08 16:01:49,search?q=%24BTC&src=cashtag_click
2024-04-08 16:01:49,gnosispay
2024-04-08 16:01:49,odosprotocol
2024-04-08 16:01:49,InitiaFDN
2024-04-08 16:01:49,TensorFdn
2024-04-08 16:01:49,Re7Capital
2024-04-08 16:01:49,jito_labs
2024-04-08 16:01:49,trustmachinesco
2024-04-08 16:01:49,SuiNetwork
2024-04-08 16:01:49,PlayNFLRivals
2024-04-08 16:01:49,karpatkey
2024-04-08 16:01:49,MovementWeek
2024-04-08 16:01:49,knowerofmarkets
2024-04-08 16:01:49,pokerchessman
2024-04-08 16:01:49,collectionist
2024-04-08 16:01:49,ethena_labs
2024-04-08 16:01:49,_LewisHarland_
2024-04-08 16:01:49,HarvardHBS
2024-04-08 16:01:49,aubreystrobel
2024-04-08 16:01:49,mhdempsey
2024-04-08 16:01:49,aptoslabs
2024-04-17 13:09:11,CowSwap
2024-04-17 13:09:11,blueyard
2024-04-17 13:09:11,chadfowler
2024-04-17 13:09:11,ohAe9HFOE7
2024-04-17 13:09:11,Br115vurIV
2024-04-17 13:09:11,gnosispay
2024-04-17 13:09:11,U9iwSUkTp1
2024-04-17 13:09:11,railsconf
2024-04-17 13:09:11,internetmick
2024-04-17 13:09:11,gizatechxyz
2024-04-17 13:09:11,NFTfiFoundation
2024-04-17 13:09:11,erickdemoura
2024-04-17 13:09:11,compoundvc
2024-04-17 13:09:11,mhdempsey
2024-04-17 13:09:11,JVCMTzBleL
2024-04-17 13:09:11,StefanDGeorge
2024-04-17 13:09:11,aoTheComputer
2024-04-17 13:09:11,search?q=%24MEW&src=cashtag_click
2024-04-17 13:09:11,oWuqLcC1c0
2024-04-17 13:09:11,dailydirtnap
2024-04-17 13:09:11,MewsWorld
2024-04-17 13:09:11,fazeclan
2024-04-17 13:09:11,AveryChing
2024-04-17 13:09:11,MerlinLayer2
2024-04-17 13:09:11,wunderlist
2024-04-17 13:09:11,Prvgs0iabE
2024-04-17 13:09:11,search?q=%24TOOKER&src=cashtag_click
2024-04-17 13:09:11,GnosisDAO
2024-04-17 13:09:11,MovementWeek
2024-04-17 13:09:11,evanbat_
2024-04-17 13:09:11,TimewaveLabs
2024-04-17 13:09:11,gnosischain
2024-04-17 13:09:11,JoeLallouz
2024-04-17 13:09:11,probablynothing
2024-04-17 13:09:11,EclipseFND
2024-04-17 13:09:11,MVK4xfPScc
2024-04-17 13:09:11,buildabera
2024-04-17 13:09:11,rubycentral
2024-04-17 13:09:11,cartesiproject
2024-04-17 13:09:11,ApolloByZeus
2024-04-17 13:09:11,knowerofmarkets
2024-04-17 13:09:11,microsoft
2024-04-17 13:09:11,baincapcrypto
2024-04-17 13:09:11,paralleltcg
2024-04-17 13:09:11,ZeusNetworkHQ
2024-04-17 13:09:11,tookerkurlson
2024-04-17 13:09:11,Blast_L2
2024-04-17 13:09:11,TensorFdn
2024-04-17 13:09:11,search?q=%24BTC&src=cashtag_click
2024-04-17 13:09:11,ambushcapital
2024-04-17 13:09:11,theo_diamandis
2024-04-17 13:09:11,DariusDale42
2024-04-17 13:09:11,coinalyzetool
2024-04-17 13:09:11,wacy_time1
2024-04-17 13:09:11,babylon_chain
2024-04-17 13:09:11,Eclipse_Intern
2024-04-17 13:09:11,SmokeyTheBera
2024-04-17 13:09:11,safe
2024-04-17 13:09:11,boldleonidas
2024-04-17 13:09:11,rubygems
2024-04-17 13:09:11,berachain
2024-04-17 13:09:11,karpatkey
2024-04-17 13:09:11,Movementlabsxyz
2024-04-17 13:09:11,rubyconf
2024-04-17 13:09:11,FarmerJoe0x
2024-04-17 13:09:11,jito_labs
2024-04-17 13:09:11,pokerchessman
2024-04-17 13:09:11,Sagaxyz__
2024-04-17 13:09:11,thedailygwei
2024-04-17 13:09:11,blockgraze
2024-04-17 13:09:11,BitmapTech
2024-04-17 13:09:11,pragprog
2024-04-17 13:09:11,NFTfi
2024-04-17 13:09:11,mit
2024-04-17 13:09:11,odosprotocol
2024-04-17 13:09:11,q0TaVXO8Wp
2024-04-17 13:09:11,Banks
2024-04-17 13:09:11,jito_sol
2024-04-17 13:09:11,chadfowlermusic
2024-04-17 13:09:11,sassal0x
2024-05-03 16:38:00,BitmapTech
2024-05-03 16:38:00,wacy_time1
2024-05-03 16:38:00,microsoft
2024-05-03 16:38:00,boldleonidas
2024-05-03 16:38:00,ambushcapital
2024-05-03 16:38:00,uniswap
2024-05-03 16:38:00,tubergen
2024-05-03 16:38:00,chadfowlermusic
2024-05-03 16:38:00,JoeLallouz
2024-05-03 16:38:00,mhdempsey
2024-05-03 16:38:00,Mclader
2024-05-03 16:38:00,thedailygwei
2024-05-03 16:38:00,MVK4xfPScc
2024-05-03 16:38:00,AveryChing
2024-05-03 16:38:00,TimewaveLabs
2024-05-03 16:38:00,rwa_xyz
2024-05-03 16:38:00,oWuqLcC1c0
2024-05-03 16:38:00,Br115vurIV
2024-05-03 16:38:00,TensorFdn
2024-05-03 16:38:00,FarmerJoe0x
2024-05-03 16:38:00,theo_diamandis
2024-05-03 16:38:00,MerlinLayer2
2024-05-03 16:38:00,search?q=%24MEW&src=cashtag_click
2024-05-03 16:38:00,StefanDGeorge
2024-05-03 16:38:00,search?q=%24DEGEN&src=cashtag_click
2024-05-03 16:38:00,Eclipse_Intern
2024-05-03 16:38:00,mit
2024-05-03 16:38:00,jito_labs
2024-05-03 16:38:00,safe
2024-05-03 16:38:00,coinalyzetool
2024-05-03 16:38:00,ohAe9HFOE7
2024-05-03 16:38:00,jito_sol
2024-05-03 16:38:00,SmokeyTheBera
2024-05-03 16:38:00,blockgraze
2024-05-03 16:38:00,babylon_chain
2024-05-03 16:38:00,GnosisDAO
2024-05-03 16:38:00,gnosischain
2024-05-03 16:38:00,chadfowler
2024-05-03 16:38:00,gnosispay
2024-05-03 16:38:00,DariusDale42
2024-05-03 16:38:00,ApolloByZeus
2024-05-03 16:38:00,wunderlist
2024-05-03 16:38:00,tookerkurlson
2024-05-03 16:38:00,AvaLabs
2024-05-03 16:38:00,gizatechxyz
2024-05-03 16:38:00,MewsWorld
2024-05-03 16:38:00,degentokenbase
2024-05-03 16:38:00,search?q=%24BTC&src=cashtag_click
2024-05-03 16:38:00,cartesiproject
2024-05-03 16:38:00,ZeusNetworkHQ
2024-05-03 16:38:00,JVCMTzBleL
2024-05-03 16:38:00,rubycentral
2024-05-03 16:38:00,Movementlabsxyz
2024-05-03 16:38:00,rubygems
2024-05-03 16:38:00,rubyconf
2024-05-03 16:38:00,StopAndDecrypt
2024-05-03 16:38:00,pokerchessman
2024-05-03 16:38:00,DuU6MMqcgQ
2024-05-03 16:38:00,echodotxyz
2024-05-03 16:38:00,CoinList
2024-05-03 16:38:00,blueyard
2024-05-03 16:38:00,dailydirtnap
2024-05-03 16:38:00,bisontrails
2024-05-03 16:38:00,railsconf
2024-05-03 16:38:00,sassal0x
2024-05-03 16:38:00,oMIiyJcIzk
2024-05-03 16:38:00,NFTfi
2024-05-03 16:38:00,NFTfiFoundation
2024-05-03 16:38:00,MovementWeek
2024-05-03 16:38:00,CharlieYouAI
2024-05-03 16:38:00,Stanford
2024-05-03 16:38:00,PwgYCwfWIx
2024-05-03 16:38:00,karpatkey
2024-05-03 16:38:00,evanbat_
2024-05-03 16:38:00,buildabera
2024-05-03 16:38:00,q0TaVXO8Wp
2024-05-03 16:38:00,compoundvc
2024-05-03 16:38:00,knowerofmarkets
2024-05-03 16:38:00,Blast_L2
2024-05-03 16:38:00,CowSwap
2024-05-03 16:38:00,lzin5ByH0t
2024-05-03 16:38:00,Coinbase
2024-05-03 16:38:00,search?q=%24TOOKER&src=cashtag_click
2024-05-03 16:38:00,erickdemoura
2024-05-03 16:38:00,baincapcrypto
2024-05-03 16:38:00,U9iwSUkTp1
2024-05-03 16:38:00,EclipseFND
2024-05-03 16:38:00,berachain
2024-05-03 16:38:00,pragprog
2024-05-03 16:38:00,MartinShkreli
2024-05-03 16:38:00,_patrickogrady
2024-05-08 16:58:24,muasIr0PuD
2024-05-08 16:58:24,Solana
2024-05-08 16:58:24,BlockworksRes
2024-05-08 16:58:24,GUy99qMi2O
2024-05-08 16:58:24,LightspeedPodHQ
2024-05-08 16:58:24,ColosseumOrg
2024-05-08 16:58:24,smyyguy
2024-05-10 16:02:12,g3TNHykGM0
