2024-04-05 23:15:09,apple
2024-04-05 23:15:09,unherd
2024-04-05 23:15:09,nypost
2024-04-05 23:15:09,momentsdotfun
2024-04-05 23:15:09,IDF
2024-04-05 23:15:09,gritven
2024-04-05 23:15:09,protocollabs
2024-04-05 23:15:09,Conservatives
2024-04-05 23:15:09,WitnessCo_
2024-04-05 23:15:09,cryptopunksnfts
2024-04-05 23:15:09,WIRED
2024-04-05 23:15:09,SnoozyWeiss
2024-04-05 23:15:09,a16z
2024-04-05 23:15:09,ben_chain
2024-04-05 23:15:09,danrobinson
2024-04-05 23:15:09,VariantFund
2024-04-05 23:15:09,RishiSunak
2024-04-05 23:15:09,jkhamehl
2024-04-05 23:15:09,MOSSADil
2024-04-05 23:15:09,Goalhangerpods
2024-04-05 23:15:09,JoshBobrowsky
2024-04-05 23:15:09,noah_pravecek
2024-04-05 23:15:09,cryptothegame_
2024-04-05 23:15:09,FitFounder
2024-04-05 23:15:09,athensresearch
2024-04-05 23:15:09,BTC_Dave
2024-04-05 23:15:09,yugalabs
2024-04-05 23:15:09,aKDNl4OOQf
2024-04-05 23:15:09,MichelleLatzer
2024-04-05 23:15:09,PaulRBerg
2024-04-05 23:15:09,dwessler1
2024-04-05 23:15:09,MeebitsNFTs
2024-04-05 23:15:09,TechRadarPro
2024-04-05 23:15:09,boredapeyc
2024-04-05 23:15:09,celo
2024-04-05 23:15:09,uwaterloo
2024-04-05 23:15:09,brandontory
2024-04-05 23:15:09,disordershow
2024-04-05 23:15:09,AustinScholar
2024-04-05 23:15:09,Sablier
2024-04-05 23:15:09,Axios
2024-04-05 23:15:09,optimismFND
2024-04-05 23:15:09,carrawu
2024-04-05 23:15:09,achalvs
2024-04-05 23:15:09,nodekitorg
2024-04-05 23:15:09,ljin18
2024-04-05 23:15:09,JKFruit
2024-04-05 23:15:09,GVteam
2024-04-05 23:15:09,formless_xyz
2024-04-05 23:15:09,fvckingmeta
2024-04-05 23:15:09,mingchikuo
2024-04-05 23:15:09,harvard
2024-04-05 23:15:09,brianjckim
2024-04-05 23:15:09,hololens
2024-04-05 23:15:09,Facts_For_Peace
2024-04-05 23:15:09,sundarpichai
2024-04-05 23:15:09,packyM
2024-04-05 23:15:09,airbnb
2024-04-05 23:15:09,a16zcrypto
2024-04-05 23:15:09,IowaStateU
2024-04-05 23:15:09,paytweed
2024-04-05 23:15:09,roblox
2024-04-05 23:15:09,chefjeffsf
2024-04-05 23:15:09,kik
2024-04-05 23:15:09,Extropic_AI
2024-04-05 23:15:09,ideogram_ai
2024-04-05 23:15:09,canarymission
2024-04-05 23:15:09,PeterSasaki
2024-04-05 23:15:09,GordonGoner
2024-04-05 23:15:09,dpatrikarakos
2024-04-05 23:15:09,danielle_a2z
2024-04-05 23:15:09,illscience
2024-04-05 23:15:09,EmiliejayG
2024-04-05 23:15:09,hhua_
2024-04-05 23:15:09,uBwMBFK1tl
2024-04-05 23:15:09,AlexThomp
2024-04-05 23:15:09,paradigm
2024-04-05 23:15:09,opentrade_io
2024-04-05 23:15:09,helloBlockus
2024-04-05 23:15:09,thefp
2024-04-05 23:15:09,0x_Osprey
2024-04-05 23:15:09,WRw4Fbiwoc
2024-04-05 23:15:09,jessziyuezhang
2024-04-05 23:15:09,othersidemeta
2024-04-05 23:15:09,hiFramework
2024-04-08 17:11:30,chefjeffsf
2024-04-08 17:11:30,MOSSADil
2024-04-08 17:11:30,mingchikuo
2024-04-08 17:11:30,AustinScholar
2024-04-08 17:11:30,VariantFund
2024-04-08 17:11:30,yugalabs
2024-04-08 17:11:30,hhua_
2024-04-08 17:11:30,GVteam
2024-04-08 17:11:30,jessziyuezhang
2024-04-08 17:11:30,a16z
2024-04-08 17:11:30,cryptothegame_
2024-04-08 17:11:30,roblox
2024-04-08 17:11:30,canarymission
2024-04-08 17:11:30,PeterSasaki
2024-04-08 17:11:30,FitFounder
2024-04-08 17:11:30,achalvs
2024-04-08 17:11:30,brianjckim
2024-04-08 17:11:30,JKFruit
2024-04-08 17:11:30,Extropic_AI
2024-04-08 17:11:30,TechRadarPro
2024-04-08 17:11:30,gritven
2024-04-08 17:11:30,boredapeyc
2024-04-08 17:11:30,paytweed
2024-04-08 17:11:30,Goalhangerpods
2024-04-08 17:11:30,GordonGoner
2024-04-08 17:11:30,ljin18
2024-04-08 17:11:30,noah_pravecek
2024-04-08 17:11:30,hiFramework
2024-04-08 17:11:30,opentrade_io
2024-04-08 17:11:30,Conservatives
2024-04-08 17:11:30,illscience
2024-04-08 17:11:30,hololens
2024-04-08 17:11:30,jkhamehl
2024-04-08 17:11:30,protocollabs
2024-04-08 17:11:30,AlexThomp
2024-04-08 17:11:30,packyM
2024-04-08 17:11:30,celo
2024-04-08 17:11:30,IDF
2024-04-08 17:11:30,MichelleLatzer
2024-04-08 17:11:30,SnoozyWeiss
2024-04-08 17:11:30,airbnb
2024-04-08 17:11:30,kik
2024-04-08 17:11:30,dwessler1
2024-04-08 17:11:30,carrawu
2024-04-08 17:11:30,athensresearch
2024-04-08 17:11:30,EmiliejayG
2024-04-08 17:11:30,fvckingmeta
2024-04-08 17:11:30,ideogram_ai
2024-04-08 17:11:30,WRw4Fbiwoc
2024-04-08 17:11:30,brandontory
2024-04-08 17:11:30,a16zcrypto
2024-04-08 17:11:30,unherd
2024-04-08 17:11:30,0x_Osprey
2024-04-08 17:11:30,MeebitsNFTs
2024-04-08 17:11:30,thefp
2024-04-08 17:11:30,dpatrikarakos
2024-04-08 17:11:30,cryptopunksnfts
2024-04-08 17:11:30,danrobinson
2024-04-08 17:11:30,ben_chain
2024-04-08 17:11:30,disordershow
2024-04-08 17:11:30,Facts_For_Peace
2024-04-08 17:11:30,RishiSunak
2024-04-08 17:11:30,harvard
2024-04-08 17:11:30,WIRED
2024-04-08 17:11:30,Axios
2024-04-08 17:11:30,paradigm
2024-04-08 17:11:30,apple
2024-04-08 17:11:30,BTC_Dave
2024-04-08 17:11:30,othersidemeta
2024-04-08 17:11:30,JoshBobrowsky
2024-04-08 17:11:30,WitnessCo_
2024-04-08 17:11:30,helloBlockus
2024-04-08 17:11:30,Sablier
2024-04-08 17:11:30,sundarpichai
2024-04-08 17:11:30,uBwMBFK1tl
2024-04-08 17:11:30,aKDNl4OOQf
2024-04-08 17:11:30,IowaStateU
2024-04-08 17:11:30,nypost
2024-04-08 17:11:30,uwaterloo
2024-04-08 17:11:30,formless_xyz
2024-04-08 17:11:30,nodekitorg
2024-04-08 17:11:30,optimismFND
2024-04-08 17:11:30,PaulRBerg
2024-04-08 17:11:30,momentsdotfun
2024-04-08 17:11:30,danielle_a2z
2024-04-17 14:21:26,brandontory
2024-04-17 14:21:26,protocollabs
2024-04-17 14:21:26,JKFruit
2024-04-17 14:21:26,othersidemeta
2024-04-17 14:21:26,BTC_Dave
2024-04-17 14:21:26,helloBlockus
2024-04-17 14:21:26,JoshBobrowsky
2024-04-17 14:21:26,ben_chain
2024-04-17 14:21:26,sreeramkannan
2024-04-17 14:21:26,Sablier
2024-04-17 14:21:26,WIRED
2024-04-17 14:21:26,mingchikuo
2024-04-17 14:21:26,Goalhangerpods
2024-04-17 14:21:26,PaulRBerg
2024-04-17 14:21:26,nodekitorg
2024-04-17 14:21:26,MOSSADil
2024-04-17 14:21:26,dpatrikarakos
2024-04-17 14:21:26,GVteam
2024-04-17 14:21:26,kik
2024-04-17 14:21:26,thefp
2024-04-17 14:21:26,0xHungryCats
2024-04-17 14:21:26,m2magician
2024-04-17 14:21:26,WitnessCo_
2024-04-17 14:21:26,hiFramework
2024-04-17 14:21:26,GordonGoner
2024-04-17 14:21:26,noah_pravecek
2024-04-17 14:21:26,SnoozyWeiss
2024-04-17 14:21:26,ljin18
2024-04-17 14:21:26,a16z
2024-04-17 14:21:26,SuccinctJT
2024-04-17 14:21:26,AlexThomp
2024-04-17 14:21:26,roblox
2024-04-17 14:21:26,VariantFund
2024-04-17 14:21:26,dwessler1
2024-04-17 14:21:26,formless_xyz
2024-04-17 14:21:26,ObsoleteSony
2024-04-17 14:21:26,optimismFND
2024-04-17 14:21:26,Scobleizer
2024-04-17 14:21:26,PeterSasaki
2024-04-17 14:21:26,jkhamehl
2024-04-17 14:21:26,cryptopunksnfts
2024-04-17 14:21:26,nypost
2024-04-17 14:21:26,chefjeffsf
2024-04-17 14:21:26,brianjckim
2024-04-17 14:21:26,momentsdotfun
2024-04-17 14:21:26,0x_Osprey
2024-04-17 14:21:26,eigenlayer
2024-04-17 14:21:26,jessziyuezhang
2024-04-17 14:21:26,EmiliejayG
2024-04-17 14:21:26,Microsoft
2024-04-17 14:21:26,airbnb
2024-04-17 14:21:26,athensresearch
2024-04-17 14:21:26,AustinScholar
2024-04-17 14:21:26,RishiSunak
2024-04-17 14:21:26,MeebitsNFTs
2024-04-17 14:21:26,paradigm
2024-04-17 14:21:26,opentrade_io
2024-04-17 14:21:26,ideogram_ai
2024-04-17 14:21:26,Axios
2024-04-17 14:21:26,celo
2024-04-17 14:21:26,danielle_a2z
2024-04-17 14:21:26,paytweed
2024-04-17 14:21:26,MichelleLatzer
2024-04-17 14:21:26,packyM
2024-04-17 14:21:26,Conservatives
2024-04-17 14:21:26,unherd
2024-04-17 14:21:26,hhua_
2024-04-17 14:21:26,IDF
2024-04-17 14:21:26,danrobinson
2024-04-17 14:21:26,Facts_For_Peace
2024-04-17 14:21:26,illscience
2024-04-17 14:21:26,aKDNl4OOQf
2024-04-17 14:21:26,a16zcrypto
2024-04-17 14:21:26,harvard
2024-04-17 14:21:26,IowaStateU
2024-04-17 14:21:26,boredapeyc
2024-04-17 14:21:26,uBwMBFK1tl
2024-04-17 14:21:26,FitFounder
2024-04-17 14:21:26,apple
2024-04-17 14:21:26,TechRadarPro
2024-04-17 14:21:26,fvckingmeta
2024-04-17 14:21:26,WRw4Fbiwoc
2024-04-17 14:21:26,Extropic_AI
2024-04-17 14:21:26,achalvs
2024-04-17 14:21:26,carrawu
2024-04-17 14:21:26,cryptothegame_
2024-04-17 14:21:26,arkworks_rs
2024-04-17 14:21:26,hololens
2024-04-17 14:21:26,uwaterloo
2024-04-17 14:21:26,canarymission
2024-04-17 14:21:26,disordershow
2024-04-17 14:21:26,yugalabs
2024-05-03 17:15:42,PGarimidi
2024-05-03 17:15:42,KKxe4sCW7A
2024-05-03 17:15:42,alananewhouse
2024-05-03 17:15:42,cureangelman
2024-05-03 17:15:42,a16zCrypto
2024-05-03 17:15:42,tabletmag
2024-05-03 17:15:42,JenniferHli
2024-05-03 17:15:42,countyhwy
2024-05-08 17:24:36,molad_institute
2024-05-08 17:24:36,MayaIlany
2024-05-08 17:24:36,gpVJ8gYvOc
2024-05-08 17:24:36,Kennedy_School
2024-05-08 17:24:36,suno_ai_
2024-05-10 16:24:00,launchcaster
2024-05-10 16:24:00,jaymehoffman
2024-05-10 16:24:00,wf35BSSjq0
2024-05-15 13:55:35,UniofOxford
2024-05-15 13:55:35,EDuijnstee
2024-05-15 13:55:35,labs_compass
2024-05-15 13:55:35,ImtiazMadmood
2024-05-20 20:05:05,reallygoodmvs
