2024-04-05 22:30:37,mikeneuder
2024-04-05 22:30:37,StopAntisemites
2024-04-05 22:30:37,aleksijavujicic
2024-04-05 22:30:37,wrapbook
2024-04-05 22:30:37,PeterDiamandis
2024-04-05 22:30:37,jaredkushner
2024-04-05 22:30:37,GreylockVC
2024-04-05 22:30:37,muxhq
2024-04-05 22:30:37,EmmaBWaldron
2024-04-05 22:30:37,rutterapi
2024-04-05 22:30:37,natfriedman
2024-04-05 22:30:37,base
2024-04-05 22:30:37,WASD_0x
2024-04-05 22:30:37,saammotamedi
2024-04-05 22:30:37,vc_shane
2024-04-05 22:30:37,timgill924
2024-04-05 22:30:37,a16z
2024-04-05 22:30:37,northwoodspace
2024-04-05 22:30:37,kleinerperkins
2024-04-05 22:30:37,0XzJnchlbb
2024-04-05 22:30:37,foundersfund
2024-04-05 22:30:37,VxI7pjWcct
2024-04-05 22:30:37,skystrifehq
2024-04-05 22:30:37,gossipprotocol
2024-04-05 22:30:37,fountainlife_hq
2024-04-05 22:30:37,kiyahwillis
2024-04-05 22:30:37,JamesJohnBeck
2024-04-05 22:30:37,tarochigame
2024-04-05 22:30:37,LM_Braswell
2024-04-05 22:30:37,LaelEstevezLuk1
2024-04-05 22:30:37,metamask
2024-04-05 22:30:37,openai
2024-04-05 22:30:37,BasedBeffJezos
2024-04-05 22:30:37,janabobosik
2024-04-05 22:30:37,Ht0kL1q7Sr
2024-04-05 22:30:37,banklesshq
2024-04-05 22:30:37,UPittPress
2024-04-05 22:30:37,pavecomp
2024-04-05 22:30:37,chippedsocial
2024-04-05 22:30:37,RedBeanRadio
2024-04-05 22:30:37,sprig
2024-04-05 22:30:37,DouglasKMurray
2024-04-05 22:30:37,loopcrypto_xyz
2024-04-05 22:30:37,kikiworld_
2024-04-05 22:30:37,mariots
2024-04-05 22:30:37,PershingSqFdn
2024-04-05 22:30:37,kristofgazso
2024-04-05 22:30:37,MIT
2024-04-05 22:30:37,kcvCV0IBJe
2024-04-05 22:30:37,TheSun
2024-04-05 22:30:37,0xcity3
2024-04-05 22:30:37,NYPost
2024-04-05 22:30:37,bridgitmendler
2024-04-05 22:30:37,ObjStdInstitute
2024-04-05 22:30:37,ink_dao
2024-04-05 22:30:37,cmuhcii
2024-04-05 22:30:37,OscarHealth
2024-04-05 22:30:37,boysclubworld
2024-04-05 22:30:37,nasaames
2024-04-05 22:30:37,heyequals
2024-04-05 22:30:37,vsco
2024-04-05 22:30:37,FreeBlckThought
2024-04-05 22:30:37,fireeyesgov
2024-04-05 22:30:37,Lhh178sIjq
2024-04-05 22:30:37,columbia
2024-04-05 22:30:37,viamirror
2024-04-05 22:30:37,ChampionsIO
2024-04-05 22:30:37,BillAckman
2024-04-05 22:30:37,dalegre
2024-04-05 22:30:37,DCGexpeditions
2024-04-05 22:30:37,ashleyyjoelle
2024-04-05 22:30:37,oakcurrency
2024-04-05 22:30:37,primodiumgame
2024-04-05 22:30:37,EMinSF
2024-04-05 22:30:37,a16zcrypto
2024-04-05 22:30:37,FoxNews
2024-04-05 22:30:37,ethereum
2024-04-05 22:30:37,scale_ai
2024-04-05 22:30:37,theshaysh0w
2024-04-05 22:30:37,kylenabecker
2024-04-05 22:30:37,xprize
2024-04-05 22:30:37,kshenster
2024-04-05 22:30:37,jessepollak
2024-04-05 22:30:37,BenGiove
2024-04-05 22:30:37,fuul_xyz
2024-04-05 22:30:37,Spectator
2024-04-05 22:30:37,twelve_o1
2024-04-05 22:30:37,RootNameService
2024-04-05 22:30:37,zed_run
2024-04-05 22:30:37,anneouyang
2024-04-05 22:30:37,pimlicoHQ
2024-04-05 22:30:37,EleniThinks
2024-04-05 22:30:37,Nvidia
2024-04-05 22:30:37,WenMark3ting
2024-04-05 22:30:37,shillrxyz
2024-04-05 22:30:37,_annasemenova_
2024-04-05 22:30:37,matik_io
2024-04-05 22:30:37,consensys
2024-04-05 22:30:37,abundance360
2024-04-05 22:30:37,extropic_ai
2024-04-05 22:30:37,Y4g3qWEXIh
2024-04-05 22:30:37,jasonkwon
2024-04-05 22:30:37,winnyeth
2024-04-08 16:45:46,Y4g3qWEXIh
2024-04-08 16:45:46,zed_run
2024-04-08 16:45:46,PershingSqFdn
2024-04-08 16:45:46,viamirror
2024-04-08 16:45:46,openai
2024-04-08 16:45:46,OscarHealth
2024-04-08 16:45:46,primodiumgame
2024-04-08 16:45:46,PeterDiamandis
2024-04-08 16:45:46,WASD_0x
2024-04-08 16:45:46,foundersfund
2024-04-08 16:45:46,EMinSF
2024-04-08 16:45:46,VxI7pjWcct
2024-04-08 16:45:46,bridgitmendler
2024-04-08 16:45:46,_annasemenova_
2024-04-08 16:45:46,RootNameService
2024-04-08 16:45:46,a16z
2024-04-08 16:45:46,NYPost
2024-04-08 16:45:46,janabobosik
2024-04-08 16:45:46,LM_Braswell
2024-04-08 16:45:46,vc_shane
2024-04-08 16:45:46,Spectator
2024-04-08 16:45:46,FoxNews
2024-04-08 16:45:46,timgill924
2024-04-08 16:45:46,metamask
2024-04-08 16:45:46,pavecomp
2024-04-08 16:45:46,aleksijavujicic
2024-04-08 16:45:46,northwoodspace
2024-04-08 16:45:46,jessepollak
2024-04-08 16:45:46,gossipprotocol
2024-04-08 16:45:46,fireeyesgov
2024-04-08 16:45:46,MIT
2024-04-08 16:45:46,mariots
2024-04-08 16:45:46,BillAckman
2024-04-08 16:45:46,xprize
2024-04-08 16:45:46,EmmaBWaldron
2024-04-08 16:45:46,cmuhcii
2024-04-08 16:45:46,RedBeanRadio
2024-04-08 16:45:46,ink_dao
2024-04-08 16:45:46,GreylockVC
2024-04-08 16:45:46,Nvidia
2024-04-08 16:45:46,anneouyang
2024-04-08 16:45:46,ObjStdInstitute
2024-04-08 16:45:46,ChampionsIO
2024-04-08 16:45:46,pimlicoHQ
2024-04-08 16:45:46,kiyahwillis
2024-04-08 16:45:46,vsco
2024-04-08 16:45:46,mikeneuder
2024-04-08 16:45:46,Lhh178sIjq
2024-04-08 16:45:46,rutterapi
2024-04-08 16:45:46,DCGexpeditions
2024-04-08 16:45:46,kikiworld_
2024-04-08 16:45:46,oakcurrency
2024-04-08 16:45:46,matik_io
2024-04-08 16:45:46,saammotamedi
2024-04-08 16:45:46,columbia
2024-04-08 16:45:46,theshaysh0w
2024-04-08 16:45:46,kshenster
2024-04-08 16:45:46,0xcity3
2024-04-08 16:45:46,FreeBlckThought
2024-04-08 16:45:46,boysclubworld
2024-04-08 16:45:46,EleniThinks
2024-04-08 16:45:46,LaelEstevezLuk1
2024-04-08 16:45:46,nasaames
2024-04-08 16:45:46,shillrxyz
2024-04-08 16:45:46,natfriedman
2024-04-08 16:45:46,StopAntisemites
2024-04-08 16:45:46,a16zcrypto
2024-04-08 16:45:46,heyequals
2024-04-08 16:45:46,skystrifehq
2024-04-08 16:45:46,ethereum
2024-04-08 16:45:46,banklesshq
2024-04-08 16:45:46,abundance360
2024-04-08 16:45:46,base
2024-04-08 16:45:46,jaredkushner
2024-04-08 16:45:46,extropic_ai
2024-04-08 16:45:46,Ht0kL1q7Sr
2024-04-08 16:45:46,chippedsocial
2024-04-08 16:45:46,scale_ai
2024-04-08 16:45:46,wrapbook
2024-04-08 16:45:46,fountainlife_hq
2024-04-08 16:45:46,fuul_xyz
2024-04-08 16:45:46,WenMark3ting
2024-04-08 16:45:46,jasonkwon
2024-04-08 16:45:46,BasedBeffJezos
2024-04-08 16:45:46,kylenabecker
2024-04-08 16:45:46,DouglasKMurray
2024-04-08 16:45:46,consensys
2024-04-08 16:45:46,JamesJohnBeck
2024-04-08 16:45:46,sprig
2024-04-08 16:45:46,kleinerperkins
2024-04-08 16:45:46,loopcrypto_xyz
2024-04-08 16:45:46,0XzJnchlbb
2024-04-08 16:45:46,muxhq
2024-04-08 16:45:46,dalegre
2024-04-08 16:45:46,ashleyyjoelle
2024-04-08 16:45:46,twelve_o1
2024-04-08 16:45:46,tarochigame
2024-04-08 16:45:46,UPittPress
2024-04-08 16:45:46,kristofgazso
2024-04-08 16:45:46,TheSun
2024-04-08 16:45:46,BenGiove
2024-04-08 16:45:46,winnyeth
2024-04-08 16:45:46,kcvCV0IBJe
2024-04-08 12:21:14,abundance360
2024-04-08 12:21:14,ashleyyjoelle
2024-04-08 12:21:14,jasonkwon
2024-04-08 12:21:14,EleniThinks
2024-04-08 12:21:14,PershingSqFdn
2024-04-08 12:21:14,xprize
2024-04-08 12:21:14,shillrxyz
2024-04-08 12:21:14,a16zcrypto
2024-04-08 12:21:14,columbia
2024-04-08 12:21:14,ink_dao
2024-04-08 12:21:14,mariots
2024-04-08 12:21:14,openai
2024-04-08 12:21:14,WenMark3ting
2024-04-08 12:21:14,Ht0kL1q7Sr
2024-04-08 12:21:14,RootNameService
2024-04-08 12:21:14,loopcrypto_xyz
2024-04-08 12:21:14,jaredkushner
2024-04-08 12:21:14,cmuhcii
2024-04-08 12:21:14,northwoodspace
2024-04-08 12:21:14,fountainlife_hq
2024-04-08 12:21:14,winnyeth
2024-04-08 12:21:14,vc_shane
2024-04-08 12:21:14,MIT
2024-04-08 12:21:14,gossipprotocol
2024-04-08 12:21:14,nasaames
2024-04-08 12:21:14,chippedsocial
2024-04-08 12:21:14,BillAckman
2024-04-08 12:21:14,Nvidia
2024-04-08 12:21:14,theshaysh0w
2024-04-08 12:21:14,boysclubworld
2024-04-08 12:21:14,bridgitmendler
2024-04-08 12:21:14,aleksijavujicic
2024-04-08 12:21:14,RedBeanRadio
2024-04-08 12:21:14,GreylockVC
2024-04-08 12:21:14,PeterDiamandis
2024-04-08 12:21:14,OscarHealth
2024-04-08 12:21:14,saammotamedi
2024-04-08 12:21:14,anneouyang
2024-04-17 13:52:31,JamesJohnBeck
2024-04-17 13:52:31,winnyeth
2024-04-17 13:52:31,saammotamedi
2024-04-17 13:52:31,ink_dao
2024-04-17 13:52:31,vc_shane
2024-04-17 13:52:31,heyequals
2024-04-17 13:52:31,ashleyyjoelle
2024-04-17 13:52:31,abundance360
2024-04-17 13:52:31,reneerrusso
2024-04-17 13:52:31,RootNameService
2024-04-17 13:52:31,columbia
2024-04-17 13:52:31,kylenabecker
2024-04-17 13:52:31,rutterapi
2024-04-17 13:52:31,dalegre
2024-04-17 13:52:31,kshenster
2024-04-17 13:52:31,Lhh178sIjq
2024-04-17 13:52:31,kiyahwillis
2024-04-17 13:52:31,APompliano
2024-04-17 13:52:31,jaredkushner
2024-04-17 13:52:31,kcvCV0IBJe
2024-04-17 13:52:31,_annasemenova_
2024-04-17 13:52:31,jasonkwon
2024-04-17 13:52:31,RedBeanRadio
2024-04-17 13:52:31,oakcurrency
2024-04-17 13:52:31,EleniThinks
2024-04-17 13:52:31,a16z
2024-04-17 13:52:31,0xcity3
2024-04-17 13:52:31,natfriedman
2024-04-17 13:52:31,pavecomp
2024-04-17 13:52:31,BenGiove
2024-04-17 13:52:31,nasaames
2024-04-17 13:52:31,BillAckman
2024-04-17 13:52:31,NYPost
2024-04-17 13:52:31,shillrxyz
2024-04-17 13:52:31,boysclubworld
2024-04-17 13:52:31,base
2024-04-17 13:52:31,ludoloyalty
2024-04-17 13:52:31,sprig
2024-04-17 13:52:31,wrapbook
2024-04-17 13:52:31,muxhq
2024-04-17 13:52:31,viamirror
2024-04-17 13:52:31,Spectator
2024-04-17 13:52:31,chippedsocial
2024-04-17 13:52:31,skystrifehq
2024-04-17 13:52:31,theshaysh0w
2024-04-17 13:52:31,jacqmelinek
2024-04-17 13:52:31,openai
2024-04-17 13:52:31,pimlicoHQ
2024-04-17 13:52:31,northwoodspace
2024-04-17 13:52:31,Token_Relations
2024-04-17 13:52:31,MIT
2024-04-17 13:52:31,VxI7pjWcct
2024-04-17 13:52:31,PershingSqFdn
2024-04-17 13:52:31,Nvidia
2024-04-17 13:52:31,metamask
2024-04-17 13:52:31,consensys
2024-04-17 13:52:31,cmuhcii
2024-04-17 13:52:31,aleksijavujicic
2024-04-17 13:52:31,tarochigame
2024-04-17 13:52:31,FreeBlckThought
2024-04-17 13:52:31,Ht0kL1q7Sr
2024-04-17 13:52:31,reardon_annie
2024-04-17 13:52:31,extropic_ai
2024-04-17 13:52:31,loopcrypto_xyz
2024-04-17 13:52:31,WASD_0x
2024-04-17 13:52:31,GreylockVC
2024-04-17 13:52:31,0XzJnchlbb
2024-04-17 13:52:31,OscarHealth
2024-04-17 13:52:31,mikeneuder
2024-04-17 13:52:31,banklesshq
2024-04-17 13:52:31,StopAntisemites
2024-04-17 13:52:31,fountainlife_hq
2024-04-17 13:52:31,DouglasKMurray
2024-04-17 13:52:31,kristofgazso
2024-04-17 13:52:31,jpmorgan
2024-04-17 13:52:31,a16zcrypto
2024-04-17 13:52:31,fireeyesgov
2024-04-17 13:52:31,TheSun
2024-04-17 13:52:31,primodiumgame
2024-04-17 13:52:31,BennyGiang
2024-04-17 13:52:31,matik_io
2024-04-17 13:52:31,ethereum
2024-04-17 13:52:31,BasedBeffJezos
2024-04-17 13:52:31,dinomonks
2024-04-17 13:52:31,Stanford
2024-04-17 13:52:31,jessepollak
2024-04-17 13:52:31,PeterDiamandis
2024-04-17 13:52:31,gossipprotocol
2024-04-17 13:52:31,mariots
2024-04-17 13:52:31,bridgitmendler
2024-04-17 13:52:31,ObjStdInstitute
2024-04-17 13:52:31,xprize
2024-04-17 13:52:31,WenMark3ting
2024-04-17 13:52:31,anneouyang
2024-04-17 13:52:31,GwartyGwart
2024-05-03 17:05:24,rememberlenny
2024-05-03 17:05:24,AllyTaft
2024-05-03 17:05:24,berkeley
2024-05-03 17:05:24,kiosksocial
2024-05-03 17:05:24,ADoricko
2024-05-03 17:05:24,danielgross
2024-05-20 19:56:15,GmZqq1q7RI
2024-05-20 19:56:15,thebotcompany
2024-05-20 19:56:15,RainmakerCorp
