2024-04-05 22:35:00,akshat_hk
2024-04-05 22:35:00,yueko__
2024-04-05 22:35:00,Nick_van_Eck
2024-04-05 22:35:00,holepunch_to
2024-04-05 22:35:00,playSIPHER
2024-04-05 22:35:00,OpenAI
2024-04-05 22:35:00,base
2024-04-05 22:35:00,lmsysorg
2024-04-05 22:35:00,near_ai
2024-04-05 22:35:00,SizeChad
2024-04-05 22:35:00,newmarkjschool
2024-04-05 22:35:00,Coin_Summer
2024-04-05 22:35:00,BitMEX
2024-04-05 22:35:00,_SEAL_Org
2024-04-05 22:35:00,ethena_labs
2024-04-05 22:35:00,MaelstromFund
2024-04-05 22:35:00,BinanceLabs
2024-04-05 22:35:00,bioniqMarket
2024-04-05 22:35:00,Wharton
2024-04-05 22:35:00,Penn
2024-04-05 22:35:00,WazzCrypto
2024-04-05 22:35:00,MorganStanley
2024-04-05 22:35:00,tether_to
2024-04-05 22:35:00,EtherealVC
2024-04-05 22:35:00,SaulDataman
2024-04-05 22:35:00,keet_io
2024-04-05 22:35:00,paoloardoino
2024-04-05 22:35:00,McKinsey
2024-04-05 22:35:00,DanielGKuhn
2024-04-05 22:35:00,0xKmafia
2024-04-05 22:35:00,janleike
2024-04-05 22:35:00,coinbase
2024-04-05 22:35:00,anuragarjun
2024-04-05 22:35:00,Phemex_official
2024-04-05 22:35:00,MIT
2024-04-05 22:35:00,0xcity3
2024-04-05 22:35:00,Polymarket
2024-04-05 22:35:00,lightspeedpodhq
2024-04-05 22:35:00,offchainlabs
2024-04-05 22:35:00,lulumeservey
2024-04-05 22:35:00,0xPolygon
2024-04-05 22:35:00,bitfinex
2024-04-05 22:35:00,myprizecom
2024-04-05 22:35:00,myshell_ai
2024-04-05 22:35:00,CloudKitchens
2024-04-05 22:35:00,CoinDesk
2024-04-05 22:35:00,DuU6MMqcgQ
2024-04-05 22:35:00,vertex_protocol
2024-04-05 22:35:00,crunk304
2024-04-05 22:35:00,O2P0BMD1Qy
2024-04-05 22:35:00,TensorFlow
2024-04-05 22:35:00,santiagoroel
2024-04-05 22:35:00,cppinvestments
2024-04-05 22:35:00,_MinTeo
2024-04-05 22:35:00,0pL8u9cdNY
2024-04-05 22:35:00,DewhalesCapital
2024-04-05 22:35:00,oakcurrency
2024-04-05 22:35:00,BobBodily
2024-04-05 22:35:00,Hashkey_Capital
2024-04-05 22:35:00,4xKo7wQTQo
2024-04-05 22:35:00,cecilia_hsueh
2024-04-05 22:35:00,Atoma_Network
2024-04-05 22:35:00,jbfab12
2024-04-05 22:35:00,heliuslabs
2024-04-05 22:35:00,jrzuK1Spr7
2024-04-05 22:35:00,AgoraDollar
2024-04-05 22:35:00,HzSSlGmmwm
2024-04-05 22:35:00,JeffDean
2024-04-05 22:35:00,jessepollak
2024-04-05 22:35:00,oMIiyJcIzk
2024-04-05 22:35:00,hyperspacexyz
2024-04-05 22:35:00,MartinShkreli
2024-04-05 22:35:00,shayne_coplan
2024-04-05 22:35:00,ericgoldenx
2024-04-05 22:35:00,MacroMate8
2024-04-05 22:35:00,BarnardCollege
2024-04-05 22:35:00,hgmiller29
2024-04-05 22:35:00,IDFeIDIOtm
2024-04-05 22:35:00,0xMert_
2024-04-05 22:35:00,MorphL2
2024-04-05 22:35:00,mia_mai_m
2024-04-05 22:35:00,2pVypKGRcI
2024-04-05 22:35:00,metastreetxyz
2024-04-05 22:35:00,davidlsneider
2024-04-05 22:35:00,consensys
2024-04-05 22:35:00,AvailProject
2024-04-05 22:35:00,LitProtocol
2024-04-05 22:35:00,lzin5ByH0t
2024-04-08 16:49:43,ethan_myshell
2024-04-08 16:49:43,EtherealVC
2024-04-08 16:49:43,hgmiller29
2024-04-08 16:49:43,HzSSlGmmwm
2024-04-08 16:49:43,lightspeedpodhq
2024-04-08 16:49:43,Phemex_official
2024-04-08 16:49:43,ronawang
2024-04-08 16:49:43,bioniqMarket
2024-04-08 16:49:43,anuragarjun
2024-04-08 16:49:43,rgXHAnYAsQ
2024-04-08 16:49:43,UmbraResearch
2024-04-08 16:49:43,0pL8u9bFYq
2024-04-08 16:49:43,kensho
2024-04-08 16:49:43,bitfinex
2024-04-08 16:49:43,BobBodily
2024-04-08 16:49:43,holepunch_to
2024-04-08 16:49:43,offchainlabs
2024-04-08 16:49:43,ahs3LYCpqv
2024-04-08 16:49:43,ericgoldenx
2024-04-08 16:49:43,keet_io
2024-04-08 16:49:43,0xMert_
2024-04-08 16:49:43,DanHendrycks
2024-04-08 16:49:43,metastreetxyz
2024-04-08 16:49:43,LitProtocol
2024-04-08 16:49:43,jessepollak
2024-04-08 16:49:43,MacroMate8
2024-04-08 16:49:43,_token_flow
2024-04-08 16:49:43,MIT
2024-04-08 16:49:43,MorphL2
2024-04-08 16:49:43,Atoma_Network
2024-04-08 16:49:43,DanielGKuhn
2024-04-08 16:49:43,jrzuK1Spr7
2024-04-08 16:49:43,heliuslabs
2024-04-08 16:49:43,shayne_coplan
2024-04-08 16:49:43,TimSweeneyEpic
2024-04-08 16:49:43,CoinDesk
2024-04-08 16:49:43,OpenAI
2024-04-08 16:49:43,0xKmafia
2024-04-08 16:49:43,akshat_hk
2024-04-08 16:49:43,mit
2024-04-08 16:49:43,0xPolygon
2024-04-08 16:49:43,playSIPHER
2024-04-08 16:49:43,McKinsey
2024-04-08 16:49:43,DrakeEvansV1
2024-04-08 16:49:43,lzin5ByH0t
2024-04-08 16:49:43,newmarkjschool
2024-04-08 16:49:43,AgoraDollar
2024-04-08 16:49:43,paoloardoino
2024-04-08 16:49:43,tether_to
2024-04-08 16:49:43,myprizecom
2024-04-08 16:49:43,punk5736
2024-04-08 16:49:43,bkiepuszewski
2024-04-08 16:49:43,vertex_protocol
2024-04-08 16:49:43,oakcurrency
2024-04-08 16:49:43,Wharton
2024-04-08 16:49:43,MorganStanley
2024-04-08 16:49:43,DewhalesCapital
2024-04-08 16:49:43,DuU6MMqcgQ
2024-04-08 16:49:43,davidlsneider
2024-04-08 16:49:43,lmsysorg
2024-04-08 16:49:43,TensorFlow
2024-04-08 16:49:43,0xcity3
2024-04-08 16:49:43,0xShitTrader
2024-04-08 16:49:43,_MinTeo
2024-04-08 16:49:43,microsoft
2024-04-08 16:49:43,WazzCrypto
2024-04-08 16:49:43,CloudKitchens
2024-04-08 16:49:43,mia_mai_m
2024-04-08 16:49:43,jbfab12
2024-04-08 16:49:43,myshell_ai
2024-04-08 16:49:43,cppinvestments
2024-04-08 16:49:43,BarnardCollege
2024-04-08 16:49:43,Nick_van_Eck
2024-04-08 16:49:43,ellipsis_labs
2024-04-08 16:49:43,4xKo7wQTQo
2024-04-08 16:49:43,SizeChad
2024-04-08 16:49:43,2pVypKGRcI
2024-04-08 16:49:43,BorisMPower
2024-04-08 16:49:43,ADP
2024-04-08 16:49:43,base
2024-04-08 16:49:43,lulumeservey
2024-04-08 16:49:43,_SEAL_Org
2024-04-08 16:49:43,MaelstromFund
2024-04-08 16:49:43,neo
2024-04-08 16:49:43,crunk304
2024-04-08 16:49:43,AvailProject
2024-04-08 16:49:43,janleike
2024-04-08 16:49:43,l2beat
2024-04-08 16:49:43,oMIiyJcIzk
2024-04-08 16:49:43,cecilia_hsueh
2024-04-08 16:49:43,consensys
2024-04-08 16:49:43,Polymarket
2024-04-08 16:49:43,MartinShkreli
2024-04-08 16:49:43,HsakaTrades
2024-04-08 16:49:43,SaulDataman
2024-04-08 16:49:43,near_ai
2024-04-08 16:49:43,IDFeIDIOtm
2024-04-08 16:49:43,YtGtDh1aAV
2024-04-08 16:49:43,hyperspacexyz
2024-04-08 16:49:43,fraxfinance
2024-04-08 16:49:43,santiagoroel
2024-04-08 16:49:43,Hashkey_Capital
2024-04-08 16:49:43,Penn
2024-04-08 16:49:43,karpathy
2024-04-08 16:49:43,BinanceLabs
2024-04-08 16:49:43,BitMEX
2024-04-08 16:49:43,JeffDean
2024-04-08 16:49:43,ethena_labs
2024-04-08 16:49:43,Coin_Summer
2024-04-08 16:49:43,yueko__
2024-04-08 12:22:17,DanielGKuhn
2024-04-08 12:22:17,kensho
2024-04-08 12:22:17,BarnardCollege
2024-04-08 12:22:17,oMIiyJcIzk
2024-04-08 12:22:17,0pL8u9bFYq
2024-04-08 12:22:17,davidlsneider
2024-04-08 12:22:17,Atoma_Network
2024-04-08 12:22:17,myprizecom
2024-04-08 12:22:17,Nick_van_Eck
2024-04-08 12:22:17,anuragarjun
2024-04-08 12:22:17,mit
2024-04-08 12:22:17,lzin5ByH0t
2024-04-08 12:22:17,CoinDesk
2024-04-08 12:22:17,santiagoroel
2024-04-08 12:22:17,DuU6MMqcgQ
2024-04-08 12:22:17,AvailProject
2024-04-08 12:22:17,newmarkjschool
2024-04-08 12:22:17,MartinShkreli
2024-04-08 12:22:17,microsoft
2024-04-08 12:22:17,AgoraDollar
2024-04-08 12:22:17,HzSSlGmmwm
2024-04-08 12:22:17,ronawang
2024-04-08 12:22:17,neo
2024-04-08 12:22:17,LitProtocol
2024-04-08 12:22:17,0xPolygon
2024-04-08 12:22:17,hgmiller29
2024-04-08 12:22:17,near_ai
2024-04-17 13:54:55,nlp_usc
2024-04-17 13:54:55,HzSSlGmmwm
2024-04-17 13:54:55,0pL8u9bFYq
2024-04-17 13:54:55,btcpolicyorg
2024-04-17 13:54:55,cyclesmoney
2024-04-17 13:54:55,hgmiller29
2024-04-17 13:54:55,holepunch_to
2024-04-17 13:54:55,anuragarjun
2024-04-17 13:54:55,BobBodily
2024-04-17 13:54:55,_MinTeo
2024-04-17 13:54:55,allen_ai
2024-04-17 13:54:55,Phemex_official
2024-04-17 13:54:55,blockchain_bc
2024-04-17 13:54:55,heliuslabs
2024-04-17 13:54:55,USCViterbi
2024-04-17 13:54:55,playSIPHER
2024-04-17 13:54:55,0xKmafia
2024-04-17 13:54:55,lulumeservey
2024-04-17 13:54:55,SaharaLabsAI
2024-04-17 13:54:55,lightspeedpodhq
2024-04-17 13:54:55,keet_io
2024-04-17 13:54:55,Penn
2024-04-17 13:54:55,SizeChad
2024-04-17 13:54:55,0xMert_
2024-04-17 13:54:55,Nick_van_Eck
2024-04-17 13:54:55,MorphL2
2024-04-17 13:54:55,kensho
2024-04-17 13:54:55,myprizecom
2024-04-17 13:54:55,mia_mai_m
2024-04-17 13:54:55,BitMEX
2024-04-17 13:54:55,Wharton
2024-04-17 13:54:55,ronawang
2024-04-17 13:54:55,CoinDesk
2024-04-17 13:54:55,vertex_protocol
2024-04-17 13:54:55,CantelopePeel
2024-04-17 13:54:55,lmsysorg
2024-04-17 13:54:55,akshat_hk
2024-04-17 13:54:55,EtherealVC
2024-04-17 13:54:55,ethena_labs
2024-04-17 13:54:55,janleike
2024-04-17 13:54:55,oakcurrency
2024-04-17 13:54:55,bioniqMarket
2024-04-17 13:54:55,metastreetxyz
2024-04-17 13:54:55,Coin_Summer
2024-04-17 13:54:55,0xcity3
2024-04-17 13:54:55,xiangrenNLP
2024-04-17 13:54:55,OpenAI
2024-04-17 13:54:55,DewhalesCapital
2024-04-17 13:54:55,Hyland
2024-04-17 13:54:55,Waymark
2024-04-17 13:54:55,BarnardCollege
2024-04-17 13:54:55,4xKo7wQTQo
2024-04-17 13:54:55,neo
2024-04-17 13:54:55,base
2024-04-17 13:54:55,BinanceLabs
2024-04-17 13:54:55,DuU6MMqcgQ
2024-04-17 13:54:55,jbfab12
2024-04-17 13:54:55,0xPolygon
2024-04-17 13:54:55,LitProtocol
2024-04-17 13:54:55,cecilia_hsueh
2024-04-17 13:54:55,microsoft
2024-04-17 13:54:55,tether_to
2024-04-17 13:54:55,jrzuK1Spr7
2024-04-17 13:54:55,MIT
2024-04-17 13:54:55,SaulDataman
2024-04-17 13:54:55,crunk304
2024-04-17 13:54:55,_SEAL_Org
2024-04-17 13:54:55,consensys
2024-04-17 13:54:55,CloudKitchens
2024-04-17 13:54:55,informalinc
2024-04-17 13:54:55,DanielGKuhn
2024-04-17 13:54:55,ericgoldenx
2024-04-17 13:54:55,hyperspacexyz
2024-04-17 13:54:55,myshell_ai
2024-04-17 13:54:55,MorganStanley
2024-04-17 13:54:55,Snapchat
2024-04-17 13:54:55,labenz
2024-04-17 13:54:55,jump_firedancer
2024-04-17 13:54:55,newmarkjschool
2024-04-17 13:54:55,yueko__
2024-04-17 13:54:55,IDFeIDIOtm
2024-04-17 13:54:55,AgoraDollar
2024-04-17 13:54:55,JeffDean
2024-04-17 13:54:55,UofIllinois
2024-04-17 13:54:55,WazzCrypto
2024-04-17 13:54:55,cppinvestments
2024-04-17 13:54:55,messaricrypto
2024-04-17 13:54:55,NSmolenski
2024-04-17 13:54:55,Atoma_Network
2024-04-17 13:54:55,bitfinex
2024-04-17 13:54:55,ForbesUnder30
2024-04-17 13:54:55,lzin5ByH0t
2024-04-17 13:54:55,Hashkey_Capital
2024-04-17 13:54:55,near_ai
2024-04-17 13:54:55,ph0rt0n
2024-04-17 13:54:55,oMIiyJcIzk
2024-04-17 13:54:55,Stanford
2024-04-17 13:54:55,jessepollak
2024-04-17 13:54:55,Polymarket
2024-04-17 13:54:55,TensorFlow
2024-04-17 13:54:55,mit
2024-04-17 13:54:55,AvailProject
2024-04-17 13:54:55,davidlsneider
2024-04-17 13:54:55,paoloardoino
2024-04-17 13:54:55,txbitcoinfound
2024-04-17 13:54:55,santiagoroel
2024-04-17 13:54:55,MacroMate8
2024-04-17 13:54:55,McKinsey
2024-04-17 13:54:55,MaelstromFund
2024-04-17 13:54:55,MartinShkreli
2024-04-17 13:54:55,shayne_coplan
2024-04-17 13:54:55,offchainlabs
2024-05-03 17:06:46,Rockaway_X
2024-05-03 17:06:46,DPUEs8v00e
2024-05-03 17:06:46,dragonfly_xyz
2024-05-03 17:06:46,eawosikaa
2024-05-03 17:06:46,musalbas
2024-05-03 17:06:46,ParticleNtwrk
2024-05-03 17:06:46,1kxnetwork
2024-05-03 17:06:46,fabric_vc
2024-05-03 17:06:46,alluvialfinance
2024-05-03 17:06:46,mashadrokova
2024-05-03 17:06:46,CelestiaOrg
2024-05-03 17:06:46,FO8jkzXs3N
2024-05-03 17:06:46,cryptunez
2024-05-03 17:06:46,beondeck
2024-05-03 17:06:46,producthunt
2024-05-03 17:06:46,londonfo5
2024-05-03 17:06:46,_patrickogrady
2024-05-03 17:06:46,qRK96j5eyi
2024-05-03 17:06:46,delphi_digital
2024-05-03 17:06:46,BullpenFi
2024-05-03 17:06:46,villageglobal
2024-05-03 17:06:46,Rodairos
2024-05-03 17:06:46,Coinbase
2024-05-03 17:06:46,muskan_kalra24
2024-05-03 17:06:46,AvaLabs
2024-05-03 17:06:46,GaiminIo
2024-05-03 17:06:46,blknoiz06
2024-05-03 17:06:46,fantasy_top_
2024-05-03 17:06:46,monad_xyz
2024-05-03 17:06:46,Ingo_zk
2024-05-03 17:06:46,0xpolygon
2024-05-03 17:06:46,DayOneVC
2024-05-03 17:06:46,Blast_L2
2024-05-03 17:06:46,dao_nf
2024-05-03 17:06:46,developer_dao
2024-05-03 17:06:46,eriktorenberg
2024-05-03 17:06:46,metagammadelta
2024-05-03 17:06:46,Ethereum2077
2024-05-03 17:06:46,anagramxyz
2024-05-03 17:06:46,BeWaterOfficial
2024-05-03 17:06:46,turpentinemedia
2024-05-03 17:06:46,0xBalloonLover
2024-05-03 17:06:46,_inceptioncap
2024-05-08 17:16:45,muasIr0PuD
2024-05-08 17:16:45,SergeyNazarov
2024-05-08 17:16:45,7fnG5vbjfg
2024-05-08 17:16:45,GUy99qMi2O
2024-05-08 17:16:45,mehalstead
2024-05-08 17:16:45,multivm_io
2024-05-08 17:16:45,sanctumso
2024-05-08 17:16:45,mogmachine
2024-05-08 17:16:45,pipeline_xyz
2024-05-08 17:16:45,Chainlink
2024-05-08 17:16:45,0xiQfsV9Sz
2024-05-10 16:16:39,enshriningplebs
2024-05-10 16:16:39,DeFianceCapital
2024-05-10 16:16:39,0xRMT
2024-05-10 16:16:39,Culture_Crit
2024-05-10 16:16:39,Arthur_0x
2024-05-15 13:47:32,bgurley
2024-05-15 13:47:32,altcap
2024-05-15 13:47:32,BG2Pod
2024-05-20 19:57:34,0xdoug
2024-05-20 19:57:34,goodgamepodxyz
2024-05-20 19:57:34,curiouszoo
2024-05-20 19:57:34,voltcapital
2024-05-20 19:57:34,caladanxyz
2024-05-20 19:57:34,taostats
2024-05-20 19:57:34,ambient_finance
2024-05-20 19:57:34,corcel_x
2024-05-20 19:57:34,lmrankhan
2024-05-20 19:57:34,alliancedao
