2024-04-05 21:02:41,0xvanbeethoven
2024-04-05 21:02:41,FelixLts
2024-04-05 21:02:41,yueko__
2024-04-05 21:02:41,openzeppelin
2024-04-05 21:02:41,leptokurtic_
2024-04-05 21:02:41,fradamt
2024-04-05 21:02:41,kalshi
2024-04-05 21:02:41,PastelleApparel
2024-04-05 21:02:41,milky_selena
2024-04-05 21:02:41,solana
2024-04-05 21:02:41,base
2024-04-05 21:02:41,zkp2p
2024-04-05 21:02:41,r_krasiuk
2024-04-05 21:02:41,internbrah
2024-04-05 21:02:41,ZuGIJs4VNq
2024-04-05 21:02:41,tryramp
2024-04-05 21:02:41,positroneth
2024-04-05 21:02:41,fiveoutofnine
2024-04-05 21:02:41,ToucanProtocol
2024-04-05 21:02:41,based16z
2024-04-05 21:02:41,daylightco
2024-04-05 21:02:41,ethena_labs
2024-04-05 21:02:41,_SEAL_Org
2024-04-05 21:02:41,iollohealth
2024-04-05 21:02:41,Hjf6SmXeK2
2024-04-05 21:02:41,HiddenStreetCap
2024-04-05 21:02:41,KyojiiBruder
2024-04-05 21:02:41,AviSchiffmann
2024-04-05 21:02:41,SahilDewan
2024-04-05 21:02:41,punwaiw
2024-04-05 21:02:41,ellipsis_labs
2024-04-05 21:02:41,intmaxIO
2024-04-05 21:02:41,KERNEL0x
2024-04-05 21:02:41,0xBalloonLover
2024-04-05 21:02:41,cairoeth
2024-04-05 21:02:41,modem_works
2024-04-05 21:02:41,ZuckermanBrain
2024-04-05 21:02:41,PixieChess
2024-04-05 21:02:41,roberto_bayardo
2024-04-05 21:02:41,jarxiao
2024-04-05 21:02:41,uwaterloo
2024-04-05 21:02:41,Ixi0mWiE4Z
2024-04-05 21:02:41,elixir
2024-04-05 21:02:41,apg_capital
2024-04-05 21:02:41,0xcity3
2024-04-05 21:02:41,standardcrypto
2024-04-05 21:02:41,parsec_finance
2024-04-05 21:02:41,SetProtocol
2024-04-05 21:02:41,RollkitDev
2024-04-05 21:02:41,wilburforce_
2024-04-05 21:02:41,Uchicago
2024-04-05 21:02:41,potuz_eth
2024-04-05 21:02:41,karma3labs
2024-04-05 21:02:41,EricMTrautmann
2024-04-05 21:02:41,CelestiaOrg
2024-04-05 21:02:41,cypheronin
2024-04-05 21:02:41,jason_of_cs
2024-04-05 21:02:41,willnuelle
2024-04-05 21:02:41,leo_hio
2024-04-05 21:02:41,partyhatdao
2024-04-05 21:02:41,tracecrypto1
2024-04-05 21:02:41,harvard
2024-04-05 21:02:41,southpkcommons
2024-04-05 21:02:41,karimatiyeh
2024-04-05 21:02:41,Auri_0x
2024-04-05 21:02:41,gAxOXUb1wr
2024-04-05 21:02:41,MWVpH6ZbWU
2024-04-05 21:02:41,Ronin_Network
2024-04-05 21:02:41,pixels_online
2024-04-05 21:02:41,epicenterbtc
2024-04-05 21:02:41,GalaxyHQ
2024-04-05 21:02:41,asoong91
2024-04-05 21:02:41,luanalopeslara
2024-04-05 21:02:41,OPLabsPBC
2024-04-05 21:02:41,oakcurrency
2024-04-05 21:02:41,penumbrazone
2024-04-05 21:02:41,9j1csG1qWo
2024-04-05 21:02:41,tao_lin
2024-04-05 21:02:41,echodotxyz
2024-04-05 21:02:41,ethereum
2024-04-05 21:02:41,0xfuturistic
2024-04-05 21:02:41,bqbrady
2024-04-05 21:02:41,hdevalence
2024-04-05 21:02:41,Fade
2024-04-05 21:02:41,jessepollak
2024-04-05 21:02:41,hume_ai
2024-04-05 21:02:41,HiokiLeona
2024-04-05 21:02:41,NewsyJohnson
2024-04-05 21:02:41,waterfall_mkt
2024-04-05 21:02:41,pimlicoHQ
2024-04-05 21:02:41,curta_ctf
2024-04-05 21:02:41,Delphi_Digital
2024-04-05 21:02:41,colludingnode
2024-04-05 21:02:41,Galois_Capital
2024-04-05 21:02:41,paradigm
2024-04-05 21:02:41,Sorellalabs
2024-04-05 21:02:41,geeogi
2024-04-05 21:02:41,monad_xyz
2024-04-05 21:02:41,v4T1iE3WwX
2024-04-05 21:02:41,zillowgonewild
2024-04-05 21:02:41,enhanced_games
2024-04-05 21:02:41,DjvCENVUW6
2024-04-05 21:02:41,vQUtezPKXH
2024-04-08 15:55:43,waterfall_mkt
2024-04-08 15:55:43,luanalopeslara
2024-04-08 15:55:43,zWTvLoSAyZ
2024-04-08 15:55:43,based16z
2024-04-08 15:55:43,epicenterbtc
2024-04-08 15:55:43,PixieChess
2024-04-08 15:55:43,pixels_online
2024-04-08 15:55:43,PastelleApparel
2024-04-08 15:55:43,elixir
2024-04-08 15:55:43,SahilDewan
2024-04-08 15:55:43,hdevalence
2024-04-08 15:55:43,GalaxyHQ
2024-04-08 15:55:43,leo_hio
2024-04-08 15:55:43,search?q=%24SOCKS&src=cashtag_click
2024-04-08 15:55:43,RollkitDev
2024-04-08 15:55:43,openzeppelin
2024-04-08 15:55:43,fiveoutofnine
2024-04-08 15:55:43,potuz_eth
2024-04-08 15:55:43,HiokiLeona
2024-04-08 15:55:43,MonetSupply
2024-04-08 15:55:43,KERNEL0x
2024-04-08 15:55:43,gAxOXUb1wr
2024-04-08 15:55:43,daylightco
2024-04-08 15:55:43,0xfuturistic
2024-04-08 15:55:43,instadapp
2024-04-08 15:55:43,tao_lin
2024-04-08 15:55:43,modem_works
2024-04-08 15:55:43,apg_capital
2024-04-08 15:55:43,jessepollak
2024-04-08 15:55:43,Uchicago
2024-04-08 15:55:43,NewsyJohnson
2024-04-08 15:55:43,jason_of_cs
2024-04-08 15:55:43,0xvanbeethoven
2024-04-08 15:55:43,echodotxyz
2024-04-08 15:55:43,PolynomialFi
2024-04-08 15:55:43,rainbowdotme
2024-04-08 15:55:43,FrankieIsLost
2024-04-08 15:55:43,cairoeth
2024-04-08 15:55:43,asoong91
2024-04-08 15:55:43,0xBalloonLover
2024-04-08 15:55:43,solana
2024-04-08 15:55:43,karma3labs
2024-04-08 15:55:43,colludingnode
2024-04-08 15:55:43,partyhatdao
2024-04-08 15:55:43,citi
2024-04-08 15:55:43,tryramp
2024-04-08 15:55:43,ZuGIJs4VNq
2024-04-08 15:55:43,Delphi_Digital
2024-04-08 15:55:43,penumbrazone
2024-04-08 15:55:43,pimlicoHQ
2024-04-08 15:55:43,Ronin_Network
2024-04-08 15:55:43,iollohealth
2024-04-08 15:55:43,wilburforce_
2024-04-08 15:55:43,oakcurrency
2024-04-08 15:55:43,Hjf6SmXeK2
2024-04-08 15:55:43,parsec_finance
2024-04-08 15:55:43,zkp2p
2024-04-08 15:55:43,v4T1iE3WwX
2024-04-08 15:55:43,DjvCENVUW6
2024-04-08 15:55:43,Sorellalabs
2024-04-08 15:55:43,0xcity3
2024-04-08 15:55:43,mikedemarais
2024-04-08 15:55:43,bqbrady
2024-04-08 15:55:43,tracecrypto1
2024-04-08 15:55:43,punwaiw
2024-04-08 15:55:43,intmaxIO
2024-04-08 15:55:43,ToucanProtocol
2024-04-08 15:55:43,internbrah
2024-04-08 15:55:43,karimatiyeh
2024-04-08 15:55:43,ellipsis_labs
2024-04-08 15:55:43,southpkcommons
2024-04-08 15:55:43,Galois_Capital
2024-04-08 15:55:43,standardcrypto
2024-04-08 15:55:43,monad_xyz
2024-04-08 15:55:43,Auri_0x
2024-04-08 15:55:43,leptokurtic_
2024-04-08 15:55:43,geeogi
2024-04-08 15:55:43,ethereum
2024-04-08 15:55:43,base
2024-04-08 15:55:43,roberto_bayardo
2024-04-08 15:55:43,kalshi
2024-04-08 15:55:43,_SEAL_Org
2024-04-08 15:55:43,curta_ctf
2024-04-08 15:55:43,harvard
2024-04-08 15:55:43,OPLabsPBC
2024-04-08 15:55:43,zillowgonewild
2024-04-08 15:55:43,jarxiao
2024-04-08 15:55:43,9j1csG1qWo
2024-04-08 15:55:43,KyojiiBruder
2024-04-08 15:55:43,paradigm
2024-04-08 15:55:43,FelixLts
2024-04-08 15:55:43,0xmubaris
2024-04-08 15:55:43,AviSchiffmann
2024-04-08 15:55:43,Fade
2024-04-08 15:55:43,Ixi0mWiE4Z
2024-04-08 15:55:43,cypheronin
2024-04-08 15:55:43,r_krasiuk
2024-04-08 15:55:43,HiddenStreetCap
2024-04-08 15:55:43,fradamt
2024-04-08 15:55:43,CelestiaOrg
2024-04-08 15:55:43,hume_ai
2024-04-08 15:55:43,vQUtezPKXH
2024-04-08 15:55:43,willnuelle
2024-04-08 15:55:43,enhanced_games
2024-04-08 15:55:43,ZuckermanBrain
2024-04-08 15:55:43,EricMTrautmann
2024-04-08 15:55:43,badkidsart
2024-04-08 15:55:43,uwaterloo
2024-04-08 15:55:43,stanford
2024-04-08 15:55:43,positroneth
2024-04-08 15:55:43,ethena_labs
2024-04-08 15:55:43,MWVpH6ZbWU
2024-04-08 15:55:43,SetProtocol
2024-04-08 15:55:43,BlockAnalitica
2024-04-08 15:55:43,milky_selena
2024-04-08 15:55:43,yueko__
2024-04-17 13:03:27,tao_lin
2024-04-17 13:03:27,epicenterbtc
2024-04-17 13:03:27,MWVpH6ZbWU
2024-04-17 13:03:27,zillowgonewild
2024-04-17 13:03:27,geeogi
2024-04-17 13:03:27,kalshi
2024-04-17 13:03:27,Fade
2024-04-17 13:03:27,enhanced_games
2024-04-17 13:03:27,leonardoalt
2024-04-17 13:03:27,penumbrazone
2024-04-17 13:03:27,GalaxyHQ
2024-04-17 13:03:27,cairoeth
2024-04-17 13:03:27,NewsyJohnson
2024-04-17 13:03:27,TheGrandExch
2024-04-17 13:03:27,HiddenStreetCap
2024-04-17 13:03:27,EthosStake
2024-04-17 13:03:27,tryramp
2024-04-17 13:03:27,RemiQuarterly
2024-04-17 13:03:27,potuz_eth
2024-04-17 13:03:27,willnuelle
2024-04-17 13:03:27,intmaxIO
2024-04-17 13:03:27,daylightco
2024-04-17 13:03:27,modem_works
2024-04-17 13:03:27,thiccyth0t
2024-04-17 13:03:27,rektguynft
2024-04-17 13:03:27,Galois_Capital
2024-04-17 13:03:27,SahilDewan
2024-04-17 13:03:27,roberto_bayardo
2024-04-17 13:03:27,forgottenrunes
2024-04-17 13:03:27,punwaiw
2024-04-17 13:03:27,KYVENetwork
2024-04-17 13:03:27,cypheronin
2024-04-17 13:03:27,RemiliaCorp333
2024-04-17 13:03:27,CharlotteFang77
2024-04-17 13:03:27,jarxiao
2024-04-17 13:03:27,ethchris
2024-04-17 13:03:27,r_krasiuk
2024-04-17 13:03:27,ethena_labs
2024-04-17 13:03:27,oakcurrency
2024-04-17 13:03:27,HiokiLeona
2024-04-17 13:03:27,powdr_labs
2024-04-17 13:03:27,ScimitarCapital
2024-04-17 13:03:27,EricMTrautmann
2024-04-17 13:03:27,0xcity3
2024-04-17 13:03:27,vQUtezPKXH
2024-04-17 13:03:27,0xBalloonLover
2024-04-17 13:03:27,base
2024-04-17 13:03:27,nshalek
2024-04-17 13:03:27,DuU6MMqcgQ
2024-04-17 13:03:27,Auri_0x
2024-04-17 13:03:27,monad_xyz
2024-04-17 13:03:27,solana
2024-04-17 13:03:27,hdevalence
2024-04-17 13:03:27,jason_of_cs
2024-04-17 13:03:27,PastelleApparel
2024-04-17 13:03:27,PixieChess
2024-04-17 13:03:27,partyhatdao
2024-04-17 13:03:27,smlevin11
2024-04-17 13:03:27,0xfuturistic
2024-04-17 13:03:27,OPLabsPBC
2024-04-17 13:03:27,echodotxyz
2024-04-17 13:03:27,paradigm
2024-04-17 13:03:27,Ixi0mWiE4Z
2024-04-17 13:03:27,SpearbitDAO
2024-04-17 13:03:27,Delphi_Digital
2024-04-17 13:03:27,johnletey
2024-04-17 13:03:27,fiveoutofnine
2024-04-17 13:03:27,internbrah
2024-04-17 13:03:27,9j1csG1qWo
2024-04-17 13:03:27,_SEAL_Org
2024-04-17 13:03:27,6529Collections
2024-04-17 13:03:27,hume_ai
2024-04-17 13:03:27,openzeppelin
2024-04-17 13:03:27,noble_xyz
2024-04-17 13:03:27,yueko__
2024-04-17 13:03:27,AgoraDollar
2024-04-17 13:03:27,based16z
2024-04-17 13:03:27,asoong91
2024-04-17 13:03:27,Ronin_Network
2024-04-17 13:03:27,zkp2p
2024-04-17 13:03:27,ZuGIJs4VNq
2024-04-17 13:03:27,DjvCENVUW6
2024-04-17 13:03:27,apg_capital
2024-04-17 13:03:27,lzin5ByH0t
2024-04-17 13:03:27,karma3labs
2024-04-17 13:03:27,harvard
2024-04-17 13:03:27,ellipsis_labs
2024-04-17 13:03:27,luanalopeslara
2024-04-17 13:03:27,pixels_online
2024-04-17 13:03:27,oMIiyJcIzk
2024-04-17 13:03:27,karimatiyeh
2024-04-17 13:03:27,ethereum
2024-04-17 13:03:27,Hjf6SmXeK2
2024-04-17 13:03:27,leptokurtic_
2024-04-17 13:03:27,jessepollak
2024-04-17 13:03:27,SetProtocol
2024-04-17 13:03:27,southpkcommons
2024-04-17 13:03:27,v4T1iE3WwX
2024-04-17 13:03:27,stanford
2024-04-17 13:03:27,ZuckermanBrain
2024-04-17 13:03:27,uwaterloo
2024-04-17 13:03:27,MartinShkreli
2024-04-17 13:03:27,leo_hio
2024-04-17 13:03:27,FelixLts
2024-04-17 13:03:27,elixir
2024-05-03 16:33:46,MaxPertsovskiy
2024-05-03 16:33:46,internbrah
2024-05-03 16:33:46,openzeppelin
2024-05-03 16:33:46,web3canada
2024-05-03 16:33:46,roberto_bayardo
2024-05-03 16:33:46,0xBalloonLover
2024-05-03 16:33:46,tao_lin
2024-05-03 16:33:46,ellipsis_labs
2024-05-03 16:33:46,potuz_eth
2024-05-03 16:33:46,ethcap
2024-05-03 16:33:46,thiccyth0t
2024-05-03 16:33:46,TimewaveLabs
2024-05-03 16:33:46,jelenaaa____
2024-05-03 16:33:46,Delphi_Digital
2024-05-03 16:33:46,nshalek
2024-05-03 16:33:46,karma3labs
2024-05-03 16:33:46,informalinc
2024-05-03 16:33:46,sofamon_xyz
2024-05-03 16:33:46,RemiQuarterly
2024-05-03 16:33:46,solana
2024-05-03 16:33:46,NewsyJohnson
2024-05-03 16:33:46,0xalpo
2024-05-03 16:33:46,Osmosiszone
2024-05-03 16:33:46,cairoeth
2024-05-03 16:33:46,HiokiLeona
2024-05-03 16:33:46,fiveoutofnine
2024-05-03 16:33:46,elixir
2024-05-03 16:33:46,BuyjmutoBh
2024-05-03 16:33:46,apg_capital
2024-05-03 16:33:46,EthosStake
2024-05-03 16:33:46,vQUtezPKXH
2024-05-03 16:33:46,cypheronin
2024-05-03 16:33:46,kalshi
2024-05-03 16:33:46,blockworks_
2024-05-03 16:33:46,jessepollak
2024-05-03 16:33:46,ethereum
2024-05-03 16:33:46,0xkrane
2024-05-03 16:33:46,6529Collections
2024-05-03 16:33:46,ScimitarCapital
2024-05-03 16:33:46,celoorg
2024-05-03 16:33:46,hume_ai
2024-05-03 16:33:46,AgoraDollar
2024-05-03 16:33:46,pleasrDAO
2024-05-03 16:33:46,CharlotteFang77
2024-05-03 16:33:46,hdevalence
2024-05-03 16:33:46,EricMTrautmann
2024-05-03 16:33:46,HiddenStreetCap
2024-05-03 16:33:46,based16z
2024-05-03 16:33:46,powdr_labs
2024-05-03 16:33:46,partyhatdao
2024-05-03 16:33:46,MartinShkreli
2024-05-03 16:33:46,TheGrandExch
2024-05-03 16:33:46,v4T1iE3WwX
2024-05-03 16:33:46,GalaxyHQ
2024-05-03 16:33:46,41R8wG8na2
2024-05-03 16:33:46,leo_hio
2024-05-03 16:33:46,smlevin11
2024-05-03 16:33:46,penumbrazone
2024-05-03 16:33:46,Hjf6SmXeK2
2024-05-03 16:33:46,jarxiao
2024-05-03 16:33:46,JasonYanowitz
2024-05-03 16:33:46,harvard
2024-05-03 16:33:46,MWVpH6ZbWU
2024-05-03 16:33:46,intmaxIO
2024-05-03 16:33:46,DuU6MMqcgQ
2024-05-03 16:33:46,leptokurtic_
2024-05-03 16:33:46,daylightco
2024-05-03 16:33:46,PixieChess
2024-05-03 16:33:46,Auri_0x
2024-05-03 16:33:46,johnletey
2024-05-03 16:33:46,SpearbitDAO
2024-05-03 16:33:46,ethena_labs
2024-05-03 16:33:46,cosmos
2024-05-03 16:33:46,KYVENetwork
2024-05-03 16:33:46,oMIiyJcIzk
2024-05-03 16:33:46,modem_works
2024-05-03 16:33:46,dfinity
2024-05-03 16:33:46,noble_xyz
2024-05-03 16:33:46,CalBlockchain
2024-05-03 16:33:46,StefanCoolican
2024-05-03 16:33:46,Paradigm
2024-05-03 16:33:46,oakcurrency
2024-05-03 16:33:46,monad_xyz
2024-05-03 16:33:46,jason_of_cs
2024-05-03 16:33:46,9j1csG1qWo
2024-05-03 16:33:46,forgottenrunes
2024-05-03 16:33:46,RemiliaCorp333
2024-05-03 16:33:46,tryramp
2024-05-03 16:33:46,zillowgonewild
2024-05-03 16:33:46,Fade
2024-05-03 16:33:46,willnuelle
2024-05-03 16:33:46,leonardoalt
2024-05-03 16:33:46,base
2024-05-03 16:33:46,rektguynft
2024-05-03 16:33:46,lzin5ByH0t
2024-05-03 16:33:46,ShaneBarratt
2024-05-03 16:33:46,theempirepod
2024-05-03 16:33:46,luanalopeslara
2024-05-03 16:33:46,ethchris
2024-05-03 16:33:46,redstonexyz
2024-05-03 16:33:46,karimatiyeh
2024-05-03 16:33:46,0xcity3
2024-05-03 16:33:46,Galois_Capital
2024-05-03 16:33:46,SahilDewan
2024-05-03 16:33:46,ZuckermanBrain
2024-05-08 16:56:09,The_Babylonians
2024-05-08 16:56:09,UCBerkeley
2024-05-08 16:56:09,muasIr0PuD
2024-05-08 16:56:09,gvamsip
2024-05-08 16:56:09,GUy99qMi2O
2024-05-08 16:56:09,nstlgiaxpress
2024-05-08 16:56:09,permissionless
2024-05-08 16:56:09,ceterispar1bus
2024-05-08 16:56:09,RNhb9Pv8kn
2024-05-08 16:56:09,NYCClerk
2024-05-09 16:53:48,impossiblefi
2024-05-09 16:53:48,max_einhorn
2024-05-09 16:53:48,calchulus
2024-05-09 16:53:48,timewavelabs
2024-05-10 15:59:47,CyfrinAudits
2024-05-10 15:59:47,kvncnls
2024-05-15 13:30:12,Coatue
2024-05-15 13:30:12,MaxResnick1
2024-05-15 13:30:12,CurologyUSA
2024-05-15 13:30:12,MITEcon
2024-05-15 13:30:12,Checkout
2024-05-15 13:30:12,agenticmarkets
2024-05-15 13:30:12,Chime
2024-05-15 13:30:12,ks_kulk
2024-05-15 13:30:12,mikedemarais
2024-05-15 13:30:12,zWTvLoSAyZ
2024-05-15 13:30:12,FireblocksHQ
2024-05-15 13:30:12,DoorDash
2024-05-15 13:30:12,BlendLabsInc
2024-05-15 13:30:12,specialmech
2024-05-15 13:30:12,rainbowdotme
2024-05-15 13:30:12,Instacart
2024-05-15 13:30:12,umichMath
2024-05-15 13:30:12,Data_Always
2024-05-15 13:30:12,berkeley_eecs
2024-05-15 13:30:12,HmwGbOWWcK
2024-05-15 13:30:12,krisfredrickson
2024-05-15 13:30:12,Plaid
2024-05-15 13:30:12,Marqeta
2024-05-15 13:30:12,gauntlet_xyz
2024-05-20 19:39:50,blockworksres
2024-05-20 19:39:50,symbioticfi
2024-05-20 19:39:50,magicdhz
