2024-04-05 20:34:05,jSTlkp5ILe
2024-04-05 20:34:05,roboflow
2024-04-05 20:34:05,OceanProtocol
2024-04-05 20:34:05,RichRabbitArmy
2024-04-05 20:34:05,rabovitz
2024-04-05 20:34:05,cryptofemale_
2024-04-05 20:34:05,avis
2024-04-05 20:34:05,JROII95
2024-04-05 20:34:05,eshear
2024-04-05 20:34:05,usv
2024-04-05 20:34:05,atorprotocol
2024-04-05 20:34:05,Macha0x
2024-04-05 20:34:05,groupme
2024-04-05 20:34:05,layer_2s
2024-04-05 20:34:05,gmchessxyz
2024-04-05 20:34:05,0xMacroSecurity
2024-04-05 20:34:05,HowardZjh
2024-04-05 20:34:05,zeptonow
2024-04-05 20:34:05,Patrick_Bush_VE
2024-04-05 20:34:05,mintairxyz
2024-04-05 20:34:05,mZ1rDsuMLl
2024-04-05 20:34:05,Euler__Lagrange
2024-04-05 20:34:05,wauwda
2024-04-05 20:34:05,MohitBhoite
2024-04-05 20:34:05,getgrass_io
2024-04-05 20:34:05,dVo7mPL3qf
2024-04-05 20:34:05,adcock_brett
2024-04-05 20:34:05,NousResearch
2024-04-05 20:34:05,GMNetwork_AI
2024-04-05 20:34:05,uwaterloo
2024-04-05 20:34:05,Pladizow
2024-04-05 20:34:05,realmasknetwork
2024-04-05 20:34:05,0xChew
2024-04-05 20:34:05,vemWIh1Ewk
2024-04-05 20:34:05,mnthawk_BTC
2024-04-05 20:34:05,Wyndlabs_ai
2024-04-05 20:34:05,cyberfund_
2024-04-05 20:34:05,whatnot
2024-04-05 20:34:05,soonami_io
2024-04-05 20:34:05,search?q=%24FED&src=cashtag_click
2024-04-05 20:34:05,Cobo_Global
2024-04-05 20:34:05,BlockRockFED
2024-04-05 20:34:05,fullcircle_fm
2024-04-05 20:34:05,mariah_enriquez
2024-04-05 20:34:05,Figure_robot
2024-04-05 20:34:05,ivypeng_80
2024-04-05 20:34:05,monzo
2024-04-05 20:34:05,EV3Steen
2024-04-05 20:34:05,trentmc0
2024-04-05 20:34:05,meadovian
2024-04-05 20:34:05,AdoreAmanda_
2024-04-05 20:34:05,keerthanpg
2024-04-05 20:34:05,hdZj5ABEEO
2024-04-05 20:34:05,Predictoor_ai
2024-04-05 20:34:05,vrD0aDJeto
2024-04-05 20:34:05,avracap
2024-04-05 20:34:05,Muskanjain0401
2024-04-05 20:34:05,anuhariharan
2024-04-05 20:34:05,HoneybadgerC
2024-04-05 20:34:05,waltjsmith
2024-04-05 20:34:05,brexhq
2024-04-05 20:34:05,0xMikeyF
2024-04-05 20:34:05,thefireflyapp
2024-04-05 20:34:05,NEARWEEK
2024-04-05 20:34:05,pseudonymtra
2024-04-05 20:34:05,jaredhecht
2024-04-05 20:34:05,rappicolombia
2024-04-05 20:34:05,fundera
2024-04-05 20:34:05,NetworkMeson
2024-04-05 20:34:05,Lin_DAO_
2024-04-05 20:34:05,Particle
2024-04-05 20:34:05,VtU8YiTZG2
2024-04-05 20:34:05,S_Flammia
2024-04-05 20:34:05,DeSciNYC
2024-04-05 20:34:05,4Lx1Yw34W7
2024-04-05 20:34:05,P2bX6dHVgF
2024-04-05 20:34:05,henryng__
2024-04-05 20:34:05,DeepMind
2024-04-05 20:34:05,skalskip92
2024-04-05 20:34:05,walletlabels
2024-04-05 20:34:05,itsandreabotez
2024-04-05 20:34:05,kingfishcap
2024-04-05 20:34:05,dEmzMDGq5H
2024-04-05 20:34:05,QuestN_com
2024-04-08 15:42:55,soonami_io
2024-04-08 15:42:55,Figure_robot
2024-04-08 15:42:55,0xarrash
2024-04-08 15:42:55,fundera
2024-04-08 15:42:55,kingfishcap
2024-04-08 15:42:55,GalaxyHQ
2024-04-08 15:42:55,adcock_brett
2024-04-08 15:42:55,walletlabels
2024-04-08 15:42:55,itsandreabotez
2024-04-08 15:42:55,pseudonymtra
2024-04-08 15:42:55,gmchessxyz
2024-04-08 15:42:55,dVo7mPL3qf
2024-04-08 15:42:55,brexhq
2024-04-08 15:42:55,RichRabbitArmy
2024-04-08 15:42:55,QuinnyPig
2024-04-08 15:42:55,hdZj5ABEEO
2024-04-08 15:42:55,NEARWEEK
2024-04-08 15:42:55,P2bX6dHVgF
2024-04-08 15:42:55,rappicolombia
2024-04-08 15:42:55,skalskip92
2024-04-08 15:42:55,_fabknowledge_
2024-04-08 15:42:55,NetworkMeson
2024-04-08 15:42:55,cyberfund_
2024-04-08 15:42:55,HoneybadgerC
2024-04-08 15:42:55,trentmc0
2024-04-08 15:42:55,OceanProtocol
2024-04-08 15:42:55,getgrass_io
2024-04-08 15:42:55,c2P4QWW0Gy
2024-04-08 15:42:55,monzo
2024-04-08 15:42:55,JROII95
2024-04-08 15:42:55,mariah_enriquez
2024-04-08 15:42:55,meadovian
2024-04-08 15:42:55,ivypeng_80
2024-04-08 15:42:55,4Lx1Yw34W7
2024-04-08 15:42:55,jaredhecht
2024-04-08 15:42:55,NousResearch
2024-04-08 15:42:55,henryng__
2024-04-08 15:42:55,Patrick_Bush_VE
2024-04-08 15:42:55,mnthawk_BTC
2024-04-08 15:42:55,DeepMind
2024-04-08 15:42:55,QuestN_com
2024-04-08 15:42:55,DuckbillGroup
2024-04-08 15:42:55,VtU8YiTZG2
2024-04-08 15:42:55,GMNetwork_AI
2024-04-08 15:42:55,S_Flammia
2024-04-08 15:42:55,0xMacroSecurity
2024-04-08 15:42:55,avracap
2024-04-08 15:42:55,yisselitaaa
2024-04-08 15:42:55,dEmzMDGq5H
2024-04-08 15:42:55,Wyndlabs_ai
2024-04-08 15:42:55,avis
2024-04-08 15:42:55,MyzTtMZXWR
2024-04-08 15:42:55,keerthanpg
2024-04-08 15:42:55,anuhariharan
2024-04-08 15:42:55,Predictoor_ai
2024-04-08 15:42:55,groupme
2024-04-08 15:42:55,aves_lair
2024-04-08 15:42:55,search?q=%24FED&src=cashtag_click
2024-04-08 15:42:55,communeaidotorg
2024-04-08 15:42:55,eshear
2024-04-08 15:42:55,qgkKummmGc
2024-04-08 15:42:55,cryptofemale_
2024-04-08 15:42:55,waltjsmith
2024-04-08 15:42:55,DomainMaster
2024-04-08 15:42:55,0xChew
2024-04-08 15:42:55,rabovitz
2024-04-08 15:42:55,0xMikeyF
2024-04-08 15:42:55,QuinnyPiglet
2024-04-08 15:42:55,wauwda
2024-04-08 15:42:55,EV3Steen
2024-04-08 15:42:55,jSTlkp5ILe
2024-04-08 15:42:55,AdoreAmanda_
2024-04-08 15:42:55,roboflow
2024-04-08 15:42:55,Euler__Lagrange
2024-04-08 15:42:55,kellyjgreer
2024-04-08 15:42:55,MIhxZpsuJ9
2024-04-08 15:42:55,atorprotocol
2024-04-08 15:42:55,zkPass
2024-04-08 15:42:55,taoshiio
2024-04-08 15:42:55,vrD0aDJeto
2024-04-08 15:42:55,zeptonow
2024-04-08 15:42:55,Muskanjain0401
2024-04-08 15:42:55,mZ1rDsuMLl
2024-04-08 15:42:55,BinanceLabs
2024-04-08 15:42:55,Macha0x
2024-04-08 15:42:55,mintairxyz
2024-04-08 15:42:55,theMunchQuinn
2024-04-08 15:42:55,uwaterloo
2024-04-08 15:42:55,HowardZjh
2024-04-08 15:42:55,BlockRockFED
2024-04-08 15:42:55,usv
2024-04-08 15:42:55,aGVMZnGzSV
2024-04-08 15:42:55,DeSciNYC
2024-04-08 15:42:55,whatnot
2024-04-08 15:42:55,Francis_Berwa
2024-04-08 15:42:55,Pladizow
2024-04-08 15:42:55,Cobo_Global
2024-04-17 12:54:06,mintairxyz
2024-04-17 12:54:06,whatnot
2024-04-17 12:54:06,skalskip92
2024-04-17 12:54:06,0xMacroSecurity
2024-04-17 12:54:06,atorprotocol
2024-04-17 12:54:06,zeptonow
2024-04-17 12:54:06,neilc_dawn
2024-04-17 12:54:06,trentmc0
2024-04-17 12:54:06,0xChew
2024-04-17 12:54:06,monzo
2024-04-17 12:54:06,yisselitaaa
2024-04-17 12:54:06,waltjsmith
2024-04-17 12:54:06,jSTlkp5ILe
2024-04-17 12:54:06,communeaidotorg
2024-04-17 12:54:06,NousResearch
2024-04-17 12:54:06,GalaxyHQ
2024-04-17 12:54:06,GMNetwork_AI
2024-04-17 12:54:06,groupme
2024-04-17 12:54:06,Cobo_Global
2024-04-17 12:54:06,NetworkMeson
2024-04-17 12:54:06,c2P4QWW0Gy
2024-04-17 12:54:06,HoneybadgerC
2024-04-17 12:54:06,rabovitz
2024-04-17 12:54:06,henryng__
2024-04-17 12:54:06,Pladizow
2024-04-17 12:54:06,QuinnyPiglet
2024-04-17 12:54:06,QuinnyPig
2024-04-17 12:54:06,DeSciNYC
2024-04-17 12:54:06,getgrass_io
2024-04-17 12:54:06,NEARWEEK
2024-04-17 12:54:06,HowardZjh
2024-04-17 12:54:06,hdZj5ABEEO
2024-04-17 12:54:06,search?q=%24FED&src=cashtag_click
2024-04-17 12:54:06,OceanProtocol
2024-04-17 12:54:06,dEmzMDGq5H
2024-04-17 12:54:06,cyberfund_
2024-04-17 12:54:06,mariah_enriquez
2024-04-17 12:54:06,dVo7mPL3qf
2024-04-17 12:54:06,jaredhecht
2024-04-17 12:54:06,Figure_robot
2024-04-17 12:54:06,RichRabbitArmy
2024-04-17 12:54:06,itsandreabotez
2024-04-17 12:54:06,mnthawk_BTC
2024-04-17 12:54:06,cryptofemale_
2024-04-17 12:54:06,roboflow
2024-04-17 12:54:06,DomainMaster
2024-04-17 12:54:06,eshear
2024-04-17 12:54:06,brexhq
2024-04-17 12:54:06,ivypeng_80
2024-04-17 12:54:06,nshalek
2024-04-17 12:54:06,avis
2024-04-17 12:54:06,pseudonymtra
2024-04-17 12:54:06,BlockRockFED
2024-04-17 12:54:06,rappicolombia
2024-04-17 12:54:06,wauwda
2024-04-17 12:54:06,mZ1rDsuMLl
2024-04-17 12:54:06,AdoreAmanda_
2024-04-17 12:54:06,VtU8YiTZG2
2024-04-17 12:54:06,JROII95
2024-04-17 12:54:06,kingfishcap
2024-04-17 12:54:06,EV3Steen
2024-04-17 12:54:06,Muskanjain0401
2024-04-17 12:54:06,0xarrash
2024-04-17 12:54:06,keerthanpg
2024-04-17 12:54:06,Wyndlabs_ai
2024-04-17 12:54:06,Patrick_Bush_VE
2024-04-17 12:54:06,qgkKummmGc
2024-04-17 12:54:06,DuckbillGroup
2024-04-17 12:54:06,4Lx1Yw34W7
2024-04-17 12:54:06,walletlabels
2024-04-17 12:54:06,aGVMZnGzSV
2024-04-17 12:54:06,meadovian
2024-04-17 12:54:06,vrD0aDJeto
2024-04-17 12:54:06,Predictoor_ai
2024-04-17 12:54:06,theMunchQuinn
2024-04-17 12:54:06,usv
2024-04-17 12:54:06,fundera
2024-04-17 12:54:06,P2bX6dHVgF
2024-04-17 12:54:06,avracap
2024-04-17 12:54:06,anuhariharan
2024-04-17 12:54:06,QuestN_com
2024-04-17 12:54:06,taoshiio
2024-04-17 12:54:06,MIhxZpsuJ9
2024-04-17 12:54:06,Euler__Lagrange
2024-04-17 12:54:06,kellyjgreer
2024-04-17 12:54:06,0xMikeyF
2024-04-17 12:54:06,adcock_brett
2024-04-17 12:54:06,Macha0x
2024-04-17 12:54:06,uwaterloo
2024-04-17 12:54:06,gmchessxyz
2024-04-17 12:54:06,soonami_io
2024-04-17 12:54:06,DeepMind
2024-04-17 12:54:06,S_Flammia
2024-05-03 16:18:38,bennbuilds
2024-05-03 16:18:38,xMOfyOSxzA
2024-05-03 16:18:38,keerthanpg
2024-05-03 16:18:38,sierras_account
2024-05-03 16:18:38,mtcap_crypto
2024-05-03 16:18:38,0X_IanWu
2024-05-03 16:18:38,Alice_comfy
2024-05-03 16:18:38,AukiLabs
2024-05-03 16:18:38,henryng__
2024-05-03 16:18:38,morphl2
2024-05-03 16:18:38,E8pUgfKxuN
2024-05-03 16:18:38,DeCryptowey
2024-05-03 16:18:38,andrewellithy
2024-05-03 16:18:38,nshalek
2024-05-03 16:18:38,qgkKummmGc
2024-05-03 16:18:38,HoneybadgerC
2024-05-03 16:18:38,dfuseio
2024-05-03 16:18:38,solana
2024-05-03 16:18:38,jezeroprotocol
2024-05-03 16:18:38,sampritibh
2024-05-03 16:18:38,Raiba_AI
2024-05-03 16:18:38,HowardZjh
2024-05-03 16:18:38,ChaalPritam
2024-05-03 16:18:38,cryptocom
2024-05-03 16:18:38,cmcnews
2024-05-03 16:18:38,adamjacksonsf
2024-05-03 16:18:38,GMNetwork_AI
2024-05-03 16:18:38,cyberfund_
2024-05-03 16:18:38,coingecko
2024-05-03 16:18:38,Hc7tdoItAb
2024-05-03 16:18:38,Posemesh
2024-05-03 16:18:38,Bybit_Official
2024-05-03 16:18:38,ethereum
2024-05-03 16:18:38,guywuolletjr
2024-05-03 16:18:38,TryNectarAI
2024-05-03 16:18:38,navierboat
2024-05-03 16:18:38,Pladizow
2024-05-03 16:18:38,asanso
2024-05-03 16:18:38,withsyro
2024-05-03 16:18:38,TaoBlackPhone
2024-05-03 16:18:38,5lRcsSz4Lz
2024-05-03 16:18:38,MantaRayCapital
2024-05-03 16:18:38,gmchessxyz
2024-05-03 16:18:38,Cobo_Global
2024-05-03 16:18:38,DeepMind
2024-05-03 16:18:38,web3chennai
2024-05-03 16:18:38,amazon
2024-05-03 16:18:38,GalaxyHQ
2024-05-03 16:18:38,lalentco
2024-05-03 16:18:38,DomainMaster
2024-05-03 16:18:38,waltjsmith
2024-05-03 16:18:38,MIhxZpsuJ9
2024-05-03 16:18:38,_nicolealonso
2024-05-03 16:18:38,kingfishcap
2024-05-03 16:18:38,neilc_dawn
2024-05-03 16:18:38,DePINConnection
2024-05-03 16:18:38,EV3Steen
2024-05-03 16:18:38,QuestN_com
2024-05-03 16:18:38,a16z
2024-05-03 16:18:38,uwaterloo
2024-05-03 16:18:38,eddylazzarin
2024-05-03 16:18:38,ADoricko
2024-05-03 16:18:38,BAN6JRW1KK
2024-05-03 16:18:38,karrierpigeons
2024-05-03 16:18:38,karrier_one
2024-05-03 16:18:38,AnyoneProtocol
2024-05-03 16:18:38,streamingfastio
2024-05-03 16:18:38,DuU6MMqcgQ
2024-05-03 16:18:38,abruzuc
2024-05-03 16:18:38,saisoncapital
2024-05-03 16:18:38,yisselitaaa
2024-05-03 16:18:38,veets__
2024-05-03 16:18:38,a16zcrypto
2024-05-03 16:18:38,mastermind_cam
2024-05-03 16:18:38,GyFDgAjguX
2024-05-03 16:18:38,oMIiyJcIzk
2024-05-03 16:18:38,NetworkMeson
2024-05-03 16:18:38,gcicapital
2024-05-03 16:18:38,usebraintrust
2024-05-03 16:18:38,Web3Chennai
2024-05-03 16:18:38,ivypeng_80
2024-05-03 16:18:38,RYdQP94GJg
2024-05-03 16:18:38,atorprotocol
2024-05-03 16:18:38,asymmetricwine
2024-05-03 16:18:38,lzin5ByH0t
2024-05-03 16:18:38,HuobiVentures
2024-05-03 16:18:38,shinoji
2024-05-03 16:18:38,Bybit_official
2024-05-03 16:18:38,JZq9ejw10b
2024-05-03 16:18:38,kellyjgreer
2024-05-03 16:18:38,henloitsjoyce
2024-05-03 16:18:38,kauffman_j
2024-05-03 16:18:38,MartinShkreli
2024-05-03 16:18:38,ynonestop
2024-05-08 16:51:32,arca
2024-05-08 16:51:32,karpathy
2024-05-08 16:51:32,vistaralabs
2024-05-08 16:51:32,hED4PQ4BPc
2024-05-08 16:51:32,nE4a3hPRlE
2024-05-08 16:51:32,McKinsey
2024-05-08 16:51:32,_mayurc
2024-05-08 16:51:32,Taran_ss
2024-05-08 16:51:32,0xtoddguru
2024-05-08 16:51:32,muasIr0PuD
2024-05-08 16:51:32,Cambridge_Uni
2024-05-08 16:51:32,GUy99qMi2O
2024-05-08 16:51:32,HEALENetwork
2024-05-08 16:51:32,stix_co
2024-05-08 16:51:32,socialcapital
2024-05-08 16:51:32,irys_xyz
2024-05-08 16:51:32,laconicnetwork
2024-05-08 16:51:32,connorking_
2024-05-08 16:51:32,camblockchains
2024-05-08 16:51:32,AFDudley0
2024-05-08 16:51:32,moonpay
2024-05-08 19:15:56,wyatt_benno
2024-05-08 19:15:56,novanet_zkp
2024-05-08 19:15:56,icme_app
2024-05-09 16:49:47,Shefiorg
2024-05-09 16:49:47,0xSherryPeter
2024-05-09 16:49:47,CatizenAI
2024-05-09 16:49:47,shogunfi
2024-05-09 16:49:47,Sidekick_Labs
2024-05-09 16:49:47,superteamAE
2024-05-09 16:49:47,BoysClubWorld
2024-05-10 15:55:32,sapiengamified
2024-05-10 15:55:32,ethchennai
2024-05-10 15:55:32,SapienLabeling
2024-05-10 15:55:32,sigmoidwtf
2024-05-15 13:26:04,IKK9r2a581
2024-05-15 13:26:04,search?q=%24SOL&src=cashtag_click
2024-05-15 13:26:04,kinic_app
2024-05-15 13:26:04,hORyHnf5kW
2024-05-15 13:26:04,parasailnetwork
2024-05-15 13:26:04,search?q=%24FIL&src=cashtag_click
2024-05-15 13:26:04,meshmapxyz
2024-05-20 19:35:53,TheAISalonSF
2024-05-20 19:35:53,AlloraLabsHQ
2024-05-20 19:35:53,Penn
2024-05-20 19:35:53,ArweaveEco
2024-05-20 19:35:53,Allquantor07
2024-05-20 19:35:53,brokendown_node
2024-05-20 19:35:53,theDataOS
2024-05-20 19:35:53,HardhatChad
2024-05-20 19:35:53,Andercot
2024-05-20 19:35:53,TheDefiCapt
2024-05-20 19:35:53,Pirbright_Inst
2024-05-20 19:35:53,autonomous_af
2024-05-20 19:35:53,Kitty__Jenny
2024-05-20 19:35:53,OreSupply
2024-05-20 19:35:53,Developer_DAO
2024-05-20 19:35:53,USArmy
2024-05-20 19:35:53,samchepal
2024-05-20 19:35:53,LayahHeilpern
2024-05-20 19:35:53,Togbe0x
2024-05-20 19:35:53,OcscJ1NyRV
2024-05-20 19:35:53,luca_curran
2024-05-20 19:35:53,PSkinnerTech
2024-05-20 19:35:53,2pdZcnnXPr
2024-05-20 19:35:53,ImperialInfect
2024-05-20 19:35:53,punk3155
2024-05-20 19:35:53,AlloraNetwork
2024-05-20 19:35:53,gideonheilpern2
2024-05-20 19:35:53,DevRelUni
2024-05-20 19:35:53,EPOCHIsland
2024-05-20 19:35:53,rarimo_protocol
2024-05-20 19:35:53,GSR_io
2024-05-20 19:35:53,spreekaway
2024-05-20 19:35:53,L2iVGV2euv
2024-05-20 19:35:53,PeacockFlu
2024-05-20 19:35:53,AgustinLebron3
2024-05-20 19:35:53,nick_emmons
2024-05-20 19:35:53,doomslide
2024-05-20 19:35:53,PennBlockchain
2024-05-20 19:35:53,_xjdr
2024-05-20 19:35:53,Base
2024-05-20 19:35:53,fwdresearch
