2024-04-05 21:14:58,TrippyLabs
2024-04-05 21:14:58,tzedonn
2024-04-05 21:14:58,vincentjow_
2024-04-05 21:14:58,artsch00lreject
2024-04-05 21:14:58,boldleonidas
2024-04-05 21:14:58,qthomp
2024-04-05 21:14:58,search?q=%24Brett&src=cashtag_click
2024-04-05 21:14:58,thespartangroup
2024-04-05 21:14:58,layerggofficial
2024-04-05 21:14:58,search?q=%24SHROOM&src=cashtag_click
2024-04-05 21:14:58,DrewAustin
2024-04-05 21:14:58,j0hnwang
2024-04-05 21:14:58,tiogacapital
2024-04-05 21:14:58,HDUVWYxwBt
2024-04-05 21:14:58,RedBeardVC
2024-04-05 21:14:58,search?q=%24ZYN&src=cashtag_click
2024-04-05 21:14:58,Numerooo0
2024-04-05 21:14:58,sonder_crypto
2024-04-05 21:14:58,peckshield
2024-04-05 21:14:58,0x_Imperius
2024-04-05 21:14:58,WadeandWendy
2024-04-05 21:14:58,probablynothing
2024-04-05 21:14:58,zWTvLoSAyZ
2024-04-05 21:14:58,x72dANZur3
2024-04-05 21:14:58,OTPFund
2024-04-05 21:14:58,Modular_Capital
2024-04-05 21:14:58,notthreadguy
2024-04-05 21:14:58,CryptoKaleo
2024-04-05 21:14:58,NoLeakz4da
2024-04-05 21:14:58,knightsofdegen
2024-04-05 21:14:58,Poe_Ether
2024-04-05 21:14:58,basedbready
2024-04-05 21:14:58,solBOOGLE
2024-04-05 21:14:58,MrsDeeze
2024-04-05 21:14:58,immutable
2024-04-05 21:14:58,lofipepenft
2024-04-05 21:14:58,fomohour
2024-04-05 21:14:58,search?q=%24Base&src=cashtag_click
2024-04-05 21:14:58,AHCapital_
2024-04-05 21:14:58,kmoney_69
2024-04-05 21:14:58,7EJrnNhDKV
2024-04-05 21:14:58,alfaketchum
2024-04-05 21:14:58,TroupeFTM
2024-04-05 21:14:58,WilderWorld
2024-04-05 21:14:58,BasedShillBH
2024-04-05 21:14:58,Cyvers_
2024-04-05 21:14:58,0xPolygon
2024-04-05 21:14:58,rainbowdotme
2024-04-05 21:14:58,stack__sats
2024-04-05 21:14:58,DenariiLabs
2024-04-05 21:14:58,IHunt100xGems
2024-04-05 21:14:58,JoinBasedMgmt
2024-04-05 21:14:58,mikedemarais
2024-04-05 21:14:58,cousincrypt0
2024-04-05 21:14:58,AIWayfinder
2024-04-05 21:14:58,chiefingza
2024-04-05 21:14:58,CyversAlerts
2024-04-05 21:14:58,Lekker_Cap
2024-04-05 21:14:58,rektmando
2024-04-05 21:14:58,alpinestar17
2024-04-05 21:14:58,matthewegould
2024-04-05 21:14:58,Eunicedwong
2024-04-05 21:14:58,blockgraze
2024-04-05 21:14:58,1CrypticPoet
2024-04-05 21:14:58,wedoalittlepod
2024-04-05 21:14:58,unstoppableweb
2024-04-05 21:14:58,LilMoonLambo
2024-04-05 21:14:58,WdyoAVTGXo
2024-04-05 21:14:58,basedbrett
2024-04-05 21:14:58,GearboxProtocol
2024-04-05 21:14:58,ZynCoinERC20
2024-04-05 21:14:58,DegenzNFT
2024-04-05 21:14:58,traderpow
2024-04-05 21:14:58,mckinsey
2024-04-05 21:14:58,0xhopydoc
2024-04-05 21:14:58,IYKRfyOPj2
2024-04-05 21:14:58,axelarnetwork
2024-04-05 21:14:58,q5mHPJDobs
2024-04-05 21:14:58,biconomy
2024-04-05 21:14:58,0xigami
2024-04-05 21:14:58,TX3dpDvq1j
2024-04-05 21:14:58,v9QTYw5C08
2024-04-05 21:14:58,dragonpartyDAO
2024-04-05 21:14:58,ParallelTCG
2024-04-05 21:14:58,rektguyNFT
2024-04-05 21:14:58,paradigm
2024-04-05 21:14:58,shillrxyz
2024-04-05 21:14:58,Stepnofficial
2024-04-05 21:14:58,redcirclehq
2024-04-05 21:14:58,monad_xyz
2024-04-05 21:14:58,CanarylabsXYZ
2024-04-05 21:14:58,rektradio_
2024-04-05 21:14:58,bidclubio
2024-04-05 21:14:58,LedgArt_io
2024-04-05 21:14:58,DeeZe
2024-04-05 21:14:58,armorlabs
2024-04-05 21:14:58,rugradio
2024-04-05 21:14:58,rollbitcom
2024-04-08 16:04:36,vincentjow_
2024-04-08 16:04:36,stack__sats
2024-04-08 16:04:36,zWTvLoSAyZ
2024-04-08 16:04:36,rektradio_
2024-04-08 16:04:36,solBOOGLE
2024-04-08 16:04:36,HDUVWYxwBt
2024-04-08 16:04:36,v9QTYw5C08
2024-04-08 16:04:36,search?q=%24Base&src=cashtag_click
2024-04-08 16:04:36,Numerooo0
2024-04-08 16:04:36,traderpow
2024-04-08 16:04:36,CryptoKaleo
2024-04-08 16:04:36,DegenzNFT
2024-04-08 16:04:36,VeloData
2024-04-08 16:04:36,Modular_Capital
2024-04-08 16:04:36,CyversAlerts
2024-04-08 16:04:36,alpinestar17
2024-04-08 16:04:36,rektmando
2024-04-08 16:04:36,ParallelTCG
2024-04-08 16:04:36,peckshield
2024-04-08 16:04:36,WdyoAVTGXo
2024-04-08 16:04:36,OTPFund
2024-04-08 16:04:36,sonder_crypto
2024-04-08 16:04:36,Poe_Ether
2024-04-08 16:04:36,j0hnwang
2024-04-08 16:04:36,thespartangroup
2024-04-08 16:04:36,search?q=%24ZYN&src=cashtag_click
2024-04-08 16:04:36,rainbowdotme
2024-04-08 16:04:36,search?q=%24SHROOM&src=cashtag_click
2024-04-08 16:04:36,boldleonidas
2024-04-08 16:04:36,cousincrypt0
2024-04-08 16:04:36,rollbitcom
2024-04-08 16:04:36,IYKRfyOPj2
2024-04-08 16:04:36,MrsDeeze
2024-04-08 16:04:36,mckinsey
2024-04-08 16:04:36,0xPolygon
2024-04-08 16:04:36,chiefingza
2024-04-08 16:04:36,0x_Imperius
2024-04-08 16:04:36,rugradio
2024-04-08 16:04:36,search?q=%24Brett&src=cashtag_click
2024-04-08 16:04:36,blockgraze
2024-04-08 16:04:36,vertex_protocol
2024-04-08 16:04:36,0xigami
2024-04-08 16:04:36,notthreadguy
2024-04-08 16:04:36,axelarnetwork
2024-04-08 16:04:36,AHCapital_
2024-04-08 16:04:36,armorlabs
2024-04-08 16:04:36,mikedemarais
2024-04-08 16:04:36,qthomp
2024-04-08 16:04:36,IHunt100xGems
2024-04-08 16:04:36,basedbrett
2024-04-08 16:04:36,dragonpartyDAO
2024-04-08 16:04:36,tzedonn
2024-04-08 16:04:36,AIWayfinder
2024-04-08 16:04:36,matthewegould
2024-04-08 16:04:36,WilderWorld
2024-04-08 16:04:36,unstoppableweb
2024-04-08 16:04:36,basedbready
2024-04-08 16:04:36,lofipepenft
2024-04-08 16:04:36,Stepnofficial
2024-04-08 16:04:36,DrewAustin
2024-04-08 16:04:36,shillrxyz
2024-04-08 16:04:36,7EJrnNhDKV
2024-04-08 16:04:36,layerggofficial
2024-04-08 16:04:36,monad_xyz
2024-04-08 16:04:36,kmoney_69
2024-04-08 16:04:36,probablynothing
2024-04-08 16:04:36,immutable
2024-04-08 16:04:36,ByzGeneral
2024-04-08 16:04:36,q5mHPJDobs
2024-04-08 16:04:36,Lekker_Cap
2024-04-08 16:04:36,Cyvers_
2024-04-08 16:04:36,knightsofdegen
2024-04-08 16:04:36,GearboxProtocol
2024-04-08 16:04:36,WadeandWendy
2024-04-08 16:04:36,biconomy
2024-04-08 16:04:36,tiogacapital
2024-04-08 16:04:36,0x_Leo_
2024-04-08 16:04:36,JoinBasedMgmt
2024-04-08 16:04:36,RedBeardVC
2024-04-08 16:04:36,DeeZe
2024-04-08 16:04:36,redcirclehq
2024-04-08 16:04:36,LedgArt_io
2024-04-08 16:04:36,CanarylabsXYZ
2024-04-08 16:04:36,paradigm
2024-04-08 16:04:36,alfaketchum
2024-04-08 16:04:36,1CrypticPoet
2024-04-08 16:04:36,TX3dpDvq1j
2024-04-08 16:04:36,TroupeFTM
2024-04-08 16:04:36,rektguyNFT
2024-04-08 16:04:36,NoLeakz4da
2024-04-08 16:04:36,0xhopydoc
2024-04-08 16:04:36,ZynCoinERC20
2024-04-08 16:04:36,bidclubio
2024-04-08 16:04:36,artsch00lreject
2024-04-08 16:04:36,wedoalittlepod
2024-04-08 16:04:36,x72dANZur3
2024-04-08 16:04:36,LilMoonLambo
2024-04-08 16:04:36,BasedShillBH
2024-04-08 16:04:36,fomohour
2024-04-08 16:04:36,DenariiLabs
2024-04-08 16:04:36,TrippyLabs
2024-04-08 16:04:36,Eunicedwong
2024-04-17 13:11:10,stack__sats
2024-04-17 13:11:10,Modular_Capital
2024-04-17 13:11:10,unstoppableweb
2024-04-17 13:11:10,BasedShillBH
2024-04-17 13:11:10,RedBeardVC
2024-04-17 13:11:10,DenariiLabs
2024-04-17 13:11:10,q5mHPJDobs
2024-04-17 13:11:10,v9QTYw5C08
2024-04-17 13:11:10,search?q=%24Base&src=cashtag_click
2024-04-17 13:11:10,JoinBasedMgmt
2024-04-17 13:11:10,konoharesearch
2024-04-17 13:11:10,WilderWorld
2024-04-17 13:11:10,joshcrnls
2024-04-17 13:11:10,0xigami
2024-04-17 13:11:10,AHCapital_
2024-04-17 13:11:10,x72dANZur3
2024-04-17 13:11:10,Stepnofficial
2024-04-17 13:11:10,lofipepenft
2024-04-17 13:11:10,kmoney_69
2024-04-17 13:11:10,knightsofdegen
2024-04-17 13:11:10,tzedonn
2024-04-17 13:11:10,vertex_protocol
2024-04-17 13:11:10,ByzGeneral
2024-04-17 13:11:10,bidclubio
2024-04-17 13:11:10,biconomy
2024-04-17 13:11:10,kwaker_oats_
2024-04-17 13:11:10,Numerooo0
2024-04-17 13:11:10,Poe_Ether
2024-04-17 13:11:10,HDUVWYxwBt
2024-04-17 13:11:10,cousincrypt0
2024-04-17 13:11:10,alpinestar17
2024-04-17 13:11:10,traderpow
2024-04-17 13:11:10,thespartangroup
2024-04-17 13:11:10,ZynCoinERC20
2024-04-17 13:11:10,mckinsey
2024-04-17 13:11:10,TroupeFTM
2024-04-17 13:11:10,IHunt100xGems
2024-04-17 13:11:10,mikedemarais
2024-04-17 13:11:10,matthewegould
2024-04-17 13:11:10,0xPolygon
2024-04-17 13:11:10,TX3dpDvq1j
2024-04-17 13:11:10,ParallelTCG
2024-04-17 13:11:10,0x_Imperius
2024-04-17 13:11:10,seedclubhq
2024-04-17 13:11:10,zWTvLoSAyZ
2024-04-17 13:11:10,basedbrett
2024-04-17 13:11:10,VeloData
2024-04-17 13:11:10,WadeandWendy
2024-04-17 13:11:10,1CrypticPoet
2024-04-17 13:11:10,Cyvers_
2024-04-17 13:11:10,Eunicedwong
2024-04-17 13:11:10,peckshield
2024-04-17 13:11:10,GearboxProtocol
2024-04-17 13:11:10,vincentjow_
2024-04-17 13:11:10,search?q=%24Brett&src=cashtag_click
2024-04-17 13:11:10,dragonpartyDAO
2024-04-17 13:11:10,Lekker_Cap
2024-04-17 13:11:10,LilMoonLambo
2024-04-17 13:11:10,search?q=%24ZYN&src=cashtag_click
2024-04-17 13:11:10,DrewAustin
2024-04-17 13:11:10,0x_Leo_
2024-04-17 13:11:10,fejau_inc
2024-04-17 13:11:10,rainbowdotme
2024-04-17 13:11:10,axelarnetwork
2024-04-17 13:11:10,AIWayfinder
2024-04-17 13:11:10,NoLeakz4da
2024-04-17 13:11:10,basedbready
2024-04-17 13:11:10,qthomp
2024-04-17 13:11:10,sonder_crypto
2024-04-17 13:11:10,alfaketchum
2024-04-17 13:11:10,OTPCapital
2024-04-17 13:11:10,solBOOGLE
2024-04-17 13:11:10,0xhopydoc
2024-04-17 13:11:10,CyversAlerts
2024-04-17 13:11:10,redcirclehq
2024-04-17 13:11:10,veritaslimited
2024-04-17 13:11:10,layerggofficial
2024-04-17 13:11:10,artsch00lreject
2024-05-03 16:45:35,DePINNinja
2024-05-03 16:45:35,eli5_defi
2024-05-03 16:45:35,CieloFinance
2024-05-03 16:45:35,v9QTYw54aA
2024-05-03 16:45:35,0xLawliette
2024-05-03 16:45:35,TraderNoah
2024-05-03 16:45:35,MoonOverlord
2024-05-03 16:45:35,search?q=%24ETH&src=cashtag_click
2024-05-03 16:45:35,qjdJlR5tJ5
2024-05-03 16:45:35,gnars_dao
2024-05-03 16:45:35,DistilledCrypto
2024-05-03 16:45:35,TheiaResearch
2024-05-03 16:45:35,jediblocmates
2024-05-03 16:45:35,DAnconia_Crypto
2024-05-03 16:45:35,Coinbase
2024-05-03 16:45:35,mlmwtf
2024-05-03 16:45:35,0xTimur
2024-05-03 16:45:35,EV3Ventures
2024-05-03 16:45:35,search?q=%24SOL&src=cashtag_click
2024-05-03 16:45:35,senditcity
2024-05-03 16:45:35,MetisL2
2024-05-03 16:45:35,uniwhalesio
2024-05-03 16:45:35,HDUVWYwYLV
2024-05-03 16:45:35,lurkaroundfind
2024-05-03 16:45:35,search?q=%24BTC&src=cashtag_click
2024-05-03 16:45:35,Stride_Zone
2024-05-08 16:59:09,MapleLeafCap
2024-05-08 16:59:09,FoliusVentures
2024-05-08 16:59:09,intlmemefund
2024-05-08 16:59:09,enjoytech_
2024-05-08 16:59:09,CarnegieMellon
2024-05-20 19:42:51,1CH9kRIBUK
2024-05-20 19:42:51,NquSvtqawK
2024-05-20 19:42:51,ionicintern
2024-05-20 19:42:51,Husslin_
2024-05-20 19:42:51,degenalchemist
2024-05-20 19:42:51,PandoraLootbox
2024-05-20 19:42:51,ionicmoney
