2024-04-05 22:47:25,linkd
2024-04-05 22:47:25,BitpandaCustody
2024-04-05 22:47:25,rallyprotocol
2024-04-05 22:47:25,_0xNinja_
2024-04-05 22:47:25,hipE32OFUu
2024-04-05 22:47:25,sovereign_labs
2024-04-05 22:47:25,kankanivishal
2024-04-05 22:47:25,getclave
2024-04-05 22:47:25,Tesla
2024-04-05 22:47:25,epicaidev
2024-04-05 22:47:25,Nimble_Network
2024-04-05 22:47:25,LightDotSo
2024-04-05 22:47:25,token2049
2024-04-05 22:47:25,stripe
2024-04-05 22:47:25,JvxSy9X0Ji
2024-04-05 22:47:25,LoganJastremski
2024-04-05 22:47:25,EigenLayer
2024-04-05 22:47:25,alexpiHQ
2024-04-05 22:47:25,Z5KrIc0u8W
2024-04-05 22:47:25,sundeep
2024-04-05 22:47:25,GetKalashApp
2024-04-05 22:47:25,definitiveio
2024-04-05 22:47:25,BosonProtocol
2024-04-05 22:47:25,gpt_protocol
2024-04-05 22:47:25,BrianSeong99
2024-04-05 22:47:25,search?q=%24POL&src=cashtag_click
2024-04-05 22:47:25,weiweigeng
2024-04-05 22:47:25,0xvinsohn
2024-04-05 22:47:25,RachaelRad
2024-04-05 22:47:25,_Frictionless_
2024-04-05 22:47:25,OVioHQ
2024-04-05 22:47:25,HaunVentures
2024-04-05 22:47:25,0xPolygon
2024-04-05 22:47:25,BNYMellon
2024-04-05 22:47:25,kimballscott
2024-04-05 22:47:25,witnesschain
2024-04-05 22:47:25,groqInc
2024-04-05 22:47:25,search?q=%24CRS&src=cashtag_click
2024-04-05 22:47:25,tomharari
2024-04-05 22:47:25,epicweb3
2024-04-05 22:47:25,Corgi_Studio
2024-04-05 22:47:25,Emeldigroup
2024-04-05 22:47:25,sprembo
2024-04-05 22:47:25,shunkakinoki
2024-04-05 22:47:25,netxork
2024-04-05 22:47:25,Teku_ConsenSys
2024-04-05 22:47:25,ford
2024-04-05 22:47:25,chughesjohnson
2024-04-05 22:47:25,SuperVerseDAO
2024-04-05 22:47:25,superlayerio
2024-04-05 22:47:25,multicoincap
2024-04-05 22:47:25,0xRivendell
2024-04-05 22:47:25,vmware
2024-04-05 22:47:25,the_matter_labs
2024-04-05 22:47:25,storyarb
2024-04-05 22:47:25,hadronfc
2024-04-05 22:47:25,erc4337
2024-04-05 22:47:25,JCryptoRider
2024-04-05 22:47:25,AethirCloud
2024-04-05 22:47:25,cemozer_
2024-04-05 22:47:25,ashwinho4
2024-04-05 22:47:25,KUNGFUVERSE
2024-04-05 22:47:25,9TF9m3AbIc
2024-04-05 22:47:25,takigames_io
2024-04-05 22:47:25,skate_chain
2024-04-05 22:47:25,playtrophy
2024-04-05 22:47:25,wschwab_
2024-04-05 22:47:25,Edu_DAO
2024-04-05 22:47:25,search?q=%24EMG&src=cashtag_click
2024-04-05 22:47:25,getdewey
2024-04-05 22:47:25,snzholding
2024-04-08 16:54:17,the_matter_labs
2024-04-08 16:54:17,gpt_protocol
2024-04-08 16:54:17,erc4337
2024-04-08 16:54:17,Z5KrIc0u8W
2024-04-08 16:54:17,0xvinsohn
2024-04-08 16:54:17,sovereign_labs
2024-04-08 16:54:17,sprembo
2024-04-08 16:54:17,Edu_DAO
2024-04-08 16:54:17,BosonProtocol
2024-04-08 16:54:17,alexpiHQ
2024-04-08 16:54:17,search?q=%24CRS&src=cashtag_click
2024-04-08 16:54:17,JvxSy9X0Ji
2024-04-08 16:54:17,groqInc
2024-04-08 16:54:17,epicweb3
2024-04-08 16:54:17,epicaidev
2024-04-08 16:54:17,kimballscott
2024-04-08 16:54:17,sundeep
2024-04-08 16:54:17,playtrophy
2024-04-08 16:54:17,0xRivendell
2024-04-08 16:54:17,shunkakinoki
2024-04-08 16:54:17,takigames_io
2024-04-08 16:54:17,RachaelRad
2024-04-08 16:54:17,0xPolygon
2024-04-08 16:54:17,tomharari
2024-04-08 16:54:17,BitpandaCustody
2024-04-08 16:54:17,hadronfc
2024-04-08 16:54:17,RJ0OLYJlMs
2024-04-08 16:54:17,weiweigeng
2024-04-08 16:54:17,chughesjohnson
2024-04-08 16:54:17,Corgi_Studio
2024-04-08 16:54:17,token2049
2024-04-08 16:54:17,getdewey
2024-04-08 16:54:17,superlayerio
2024-04-08 16:54:17,skate_chain
2024-04-08 16:54:17,_0xNinja_
2024-04-08 16:54:17,GetKalashApp
2024-04-08 16:54:17,linkd
2024-04-08 16:54:17,ford
2024-04-08 16:54:17,BrianSeong99
2024-04-08 16:54:17,cemozer_
2024-04-08 16:54:17,OVioHQ
2024-04-08 16:54:17,witnesschain
2024-04-08 16:54:17,SuperVerseDAO
2024-04-08 16:54:17,search?q=%24POL&src=cashtag_click
2024-04-08 16:54:17,BNYMellon
2024-04-08 16:54:17,multicoincap
2024-04-08 16:54:17,getclave
2024-04-08 16:54:17,AethirCloud
2024-04-08 16:54:17,_Frictionless_
2024-04-08 16:54:17,9TF9m3AbIc
2024-04-08 16:54:17,alexsrawitz
2024-04-08 16:54:17,HaunVentures
2024-04-08 16:54:17,search?q=%24EMG&src=cashtag_click
2024-04-08 16:54:17,Tesla
2024-04-08 16:54:17,ashwinho4
2024-04-08 16:54:17,storyarb
2024-04-08 16:54:17,snzholding
2024-04-08 16:54:17,EigenLayer
2024-04-08 16:54:17,vmware
2024-04-08 16:54:17,hipE32OFUu
2024-04-08 16:54:17,LightDotSo
2024-04-08 16:54:17,Teku_ConsenSys
2024-04-08 16:54:17,JCryptoRider
2024-04-08 16:54:17,LoganJastremski
2024-04-08 16:54:17,KUNGFUVERSE
2024-04-08 16:54:17,rallyprotocol
2024-04-08 16:54:17,definitiveio
2024-04-08 16:54:17,dimo_network
2024-04-08 16:54:17,wschwab_
2024-04-08 16:54:17,stripe
2024-04-08 16:54:17,Nimble_Network
2024-04-08 16:54:17,kankanivishal
2024-04-08 16:54:17,Emeldigroup
2024-04-08 16:54:17,netxork
2024-04-08 12:24:23,search?q=%24POL&src=cashtag_click
2024-04-08 12:24:23,witnesschain
2024-04-08 12:24:23,erc4337
2024-04-08 12:24:23,JCryptoRider
2024-04-08 12:24:23,the_matter_labs
2024-04-08 12:24:23,Nimble_Network
2024-04-08 12:24:23,SuperVerseDAO
2024-04-08 12:24:23,0xPolygon
2024-04-08 12:24:23,search?q=%24EMG&src=cashtag_click
2024-04-08 12:24:23,storyarb
2024-04-08 12:24:23,stripe
2024-04-08 12:24:23,RJ0OLYJlMs
2024-04-08 12:24:23,chughesjohnson
2024-04-08 12:24:23,cemozer_
2024-04-08 12:24:23,getclave
2024-04-08 12:24:23,Emeldigroup
2024-04-08 12:24:23,Edu_DAO
2024-04-08 12:24:23,kimballscott
2024-04-08 12:24:23,dimo_network
2024-04-08 12:24:23,sovereign_labs
2024-04-08 12:24:23,search?q=%24CRS&src=cashtag_click
2024-04-08 12:24:23,Corgi_Studio
2024-04-08 12:24:23,EigenLayer
2024-04-08 12:24:23,snzholding
2024-04-08 12:24:23,wschwab_
2024-04-08 12:24:23,Teku_ConsenSys
2024-04-08 12:24:23,alexsrawitz
2024-04-08 12:24:23,skate_chain
2024-04-08 12:24:23,BrianSeong99
2024-04-17 13:59:35,SuperVerseDAO
2024-04-17 13:59:35,erc4337
2024-04-17 13:59:35,the_matter_labs
2024-04-17 13:59:35,Hack_VC
2024-04-17 13:59:35,vmware
2024-04-17 13:59:35,netxork
2024-04-17 13:59:35,lcpQ4QMUFn
2024-04-17 13:59:35,9TF9m3AbIc
2024-04-17 13:59:35,kimballscott
2024-04-17 13:59:35,OVioHQ
2024-04-17 13:59:35,JCryptoRider
2024-04-17 13:59:35,OrderlyNetwork
2024-04-17 13:59:35,gpt_protocol
2024-04-17 13:59:35,ashwinho4
2024-04-17 13:59:35,epicweb3
2024-04-17 13:59:35,d9BYyQrzt2
2024-04-17 13:59:35,sprembo
2024-04-17 13:59:35,search?q=%24CRS&src=cashtag_click
2024-04-17 13:59:35,definitiveio
2024-04-17 13:59:35,_WOOFi
2024-04-17 13:59:35,snzholding
2024-04-17 13:59:35,BitpandaCustody
2024-04-17 13:59:35,EthStorage
2024-04-17 13:59:35,chai_protocol
2024-04-17 13:59:35,kankanivishal
2024-04-17 13:59:35,alexsrawitz
2024-04-17 13:59:35,rallyprotocol
2024-04-17 13:59:35,GetKalashApp
2024-04-17 13:59:35,ford
2024-04-17 13:59:35,linkd
2024-04-17 13:59:35,playtrophy
2024-04-17 13:59:35,multicoincap
2024-04-17 13:59:35,LoganJastremski
2024-04-17 13:59:35,EigenLayer
2024-04-17 13:59:35,_Frictionless_
2024-04-17 13:59:35,0xRivendell
2024-04-17 13:59:35,storyarb
2024-04-17 13:59:35,Corgi_Studio
2024-04-17 13:59:35,wschwab_
2024-04-17 13:59:35,superlayerio
2024-04-17 13:59:35,takigames_io
2024-04-17 13:59:35,epicaidev
2024-04-17 13:59:35,groqInc
2024-04-17 13:59:35,ranyi1115
2024-04-17 13:59:35,0xPolygon
2024-04-17 13:59:35,cemozer_
2024-04-17 13:59:35,hadronfc
2024-04-17 13:59:35,token2049
2024-04-17 13:59:35,LightDotSo
2024-04-17 13:59:35,hipE32OFUu
2024-04-17 13:59:35,_0xNinja_
2024-04-17 13:59:35,foundersfund
2024-04-17 13:59:35,Onchaincity
2024-04-17 13:59:35,BNYMellon
2024-04-17 13:59:35,JvxSy9X0Ji
2024-04-17 13:59:35,shlokm289
2024-04-17 13:59:35,Tesla
2024-04-17 13:59:35,skate_chain
2024-04-17 13:59:35,HaunVentures
2024-04-17 13:59:35,RJ0OLYJlMs
2024-04-17 13:59:35,stripe
2024-04-17 13:59:35,sundeep
2024-04-17 13:59:35,BrianSeong99
2024-04-17 13:59:35,bridge__harris
2024-04-17 13:59:35,Edu_DAO
2024-04-17 13:59:35,sovereign_labs
2024-04-17 13:59:35,ZssBecker
2024-04-17 13:59:35,berachain
2024-04-17 13:59:35,getdewey
2024-04-17 13:59:35,witnesschain
2024-04-17 13:59:35,0xvinsohn
2024-04-17 13:59:35,tomharari
2024-04-17 13:59:35,Polychain
2024-04-17 13:59:35,Z5KrIc0u8W
2024-04-17 13:59:35,KUNGFUVERSE
2024-04-17 13:59:35,Nimble_Network
2024-04-17 13:59:35,PEDIyoSP6q
2024-04-17 13:59:35,search?q=%24POL&src=cashtag_click
2024-04-17 13:59:35,shunkakinoki
2024-04-17 13:59:35,Teku_ConsenSys
2024-04-17 13:59:35,BanklessVC
2024-04-17 13:59:35,dimo_network
2024-04-17 13:59:35,getclave
2024-04-17 13:59:35,weiweigeng
2024-04-17 13:59:35,Emeldigroup
2024-04-17 13:59:35,search?q=%24EMG&src=cashtag_click
2024-04-17 13:59:35,0xKimberly
2024-04-17 13:59:35,AethirCloud
2024-04-17 13:59:35,alexpiHQ
2024-04-17 13:59:35,BosonProtocol
2024-04-17 13:59:35,chughesjohnson
2024-04-17 13:59:35,RachaelRad
2024-05-03 17:10:01,PrimeIntellect
2024-05-03 17:10:01,FrdGrn
2024-05-03 17:10:01,KGeN_IO
2024-05-03 17:10:01,skyriziii
2024-05-03 17:10:01,coinlist
2024-05-03 17:10:01,BullpenFi
2024-05-03 17:10:01,VivekMadani
2024-05-03 17:10:01,cypher_capital
2024-05-03 17:10:01,osmosiszone
2024-05-03 17:10:01,SamsungDE
2024-05-03 17:10:01,viswanathpramod
2024-05-03 17:10:01,0xBalloonLover
2024-05-03 17:10:01,0xMantle
2024-05-03 17:10:01,Flipkart
2024-05-03 17:10:01,BasedBeffJezos
2024-05-03 17:10:01,eulerfinance
2024-05-03 17:10:01,wfW5L1lYXY
2024-05-03 17:10:01,3NC0duKF4a
2024-05-03 17:10:01,eoracle_network
2024-05-03 17:10:01,matan_si
2024-05-03 17:10:01,rargulati
2024-05-03 17:10:01,search?q=%24BUBBLE&src=cashtag_click
2024-05-03 17:10:01,blknoiz06
2024-05-03 17:10:01,6SzB1pXPXc
2024-05-03 17:10:01,ucyLn1GNdt
2024-05-03 17:10:01,wildcatfi
2024-05-03 17:10:01,CourtsideVC
2024-05-03 17:10:01,mikeahorton
2024-05-03 17:10:01,babylon_chain
2024-05-03 17:10:01,extropic_ai
2024-05-03 17:10:01,augurproject
2024-05-03 17:10:01,ishank20
2024-05-03 17:10:01,ambergroup_io
2024-05-03 17:10:01,Prosus_Ventures
2024-05-03 17:10:01,OpendbHQ
2024-05-03 17:10:01,BanerjeSankha
2024-05-03 17:10:01,DanketsuNFT
2024-05-03 17:10:01,bcg
2024-05-03 17:10:01,BlockTower
2024-05-03 17:10:01,OfficialMrDude
2024-05-03 17:10:01,otzSPDLUoQ
2024-05-03 17:10:01,functi0nZer0
2024-05-03 17:10:01,HyperliquidX
2024-05-03 17:10:01,THORChain
2024-05-03 17:10:01,LSQFYxLeEK
2024-05-03 17:10:01,Chroniclelabs
2024-05-03 17:10:01,law_leeds
2024-05-03 17:10:01,paulgebheim
2024-05-03 17:10:01,Imaginary_Ones
2024-05-03 17:10:01,0xranvir
2024-05-03 17:10:01,glodollar
2024-05-03 17:10:01,GetBubbleCoin
2024-05-03 17:10:01,animocabrands
2024-05-03 17:10:01,EricdeL69
2024-05-03 17:10:01,iitbombay
2024-05-03 17:10:01,nibiruchain
2024-05-03 17:10:01,abinbev
2024-05-03 17:10:01,b4K67lyMgD
2024-05-03 17:10:01,PolygonVentures
2024-05-03 17:10:01,kgen_community
2024-05-03 17:10:01,SeliniCapital
2024-05-03 17:10:01,yAYBHPQ070
2024-05-03 17:10:01,fomobullclub
2024-05-03 17:10:01,flow_blockchain
2024-05-03 17:10:01,jensenhaji
2024-05-03 17:10:01,ethereum
2024-05-03 17:10:01,MakerDAO
2024-05-03 17:10:01,FTI_DA
2024-05-03 17:10:01,wharton
2024-05-03 17:10:01,0xSteadyLads
2024-05-03 17:10:01,catalogfi
2024-05-03 17:10:01,Uber
2024-05-03 17:10:01,MIT
2024-05-03 17:10:01,eigenlayer
2024-05-03 17:10:01,Accel_India
2024-05-03 17:10:01,kgen_io
2024-05-03 17:10:01,0xfiredrops
2024-05-03 17:10:01,gametheorizing
2024-05-08 17:19:29,Nofuturephoto
2024-05-08 17:19:29,search?q=%24UFT&src=cashtag_click
2024-05-08 17:19:29,d2QJQ8NEub
2024-05-08 17:19:29,Q1xezOGNiC
2024-05-08 17:19:29,OriumNetwork
2024-05-08 17:19:29,search?q=%24ROUTE&src=cashtag_click
2024-05-08 17:19:29,bluzellehq
2024-05-08 17:19:29,search?q=%24MAHA&src=cashtag_click
2024-05-08 17:19:29,search?q=%24h&src=cashtag_click
2024-05-08 17:19:29,teamothy_x
2024-05-08 17:19:29,pukecast
2024-05-08 17:19:29,search?q=%24BLZ&src=cashtag_click
2024-05-08 17:19:29,defiarena
2024-05-08 17:19:29,BigNillCollect
2024-05-08 17:19:29,search?q=%24MPC&src=cashtag_click
2024-05-08 17:19:29,DPZYQLt5fl
2024-05-08 17:19:29,search?q=%24MATIC&src=cashtag_click
2024-05-08 17:19:29,Faicelwa123
2024-05-08 17:19:29,zushanhashmi
2024-05-08 17:19:29,biggiedipCM
2024-05-08 17:19:29,dibgusberry
2024-05-08 17:19:29,Cryptolndexer
2024-05-08 17:19:29,0xOlive
2024-05-08 17:19:29,tokeopay
2024-05-08 17:19:29,search?q=%24PUSH&src=cashtag_click
2024-05-08 17:19:29,LbankExchange
2024-05-08 17:19:29,DaturiansNFT
2024-05-08 17:19:29,QrmXHUEqhl
2024-05-08 17:19:29,JMilei
2024-05-08 17:19:29,EspressoShot100
2024-05-08 17:19:29,MagicEden
2024-05-08 17:19:29,KeomProtocol
2024-05-08 17:19:29,Maxine___2001
2024-05-08 17:19:29,De3ngineer
2024-05-08 17:19:29,Keom_Research
2024-05-08 17:19:29,search?q=%24SKL&src=cashtag_click
2024-05-08 17:19:29,search?q=%24DFYN&src=cashtag_click
2024-05-08 17:19:29,cuQ9tn92lZ
2024-05-08 17:19:29,search?q=%24XCAD&src=cashtag_click
2024-05-08 17:19:29,Web3Hub1
2024-05-08 17:19:29,0xPolygonTurkey
2024-05-08 17:19:29,search?q=%24Matic&src=cashtag_click
2024-05-08 17:19:29,IchbinsBanksy
2024-05-10 16:18:57,realDonaldTrump
2024-05-10 16:18:57,SuccinctLabs
2024-05-10 16:18:57,1o2QBjOqPX
2024-05-10 16:18:57,HEALENetwork
2024-05-10 16:18:57,0xpolygon
2024-05-15 13:49:42,0xNXTLVL
2024-05-15 13:49:42,KMFIMTwL1Q
2024-05-15 13:49:42,SHPcrypto
2024-05-15 13:49:42,heliuslabs
2024-05-15 13:49:42,EFZdmI1B92
2024-05-15 13:49:42,0xMert_
2024-05-15 13:49:42,quickswapdex
2024-05-15 13:49:42,Culture_Crit
2024-05-15 13:49:42,5OtAkGVKPc
2024-05-15 13:49:42,Jakeronthia1
2024-05-15 13:49:42,danketsuNFT
2024-05-15 13:49:42,0xshai
2024-05-15 13:49:42,XcademyOfficial
2024-05-15 13:49:42,ukiyoewarriors
2024-05-15 13:49:42,Ben_pwc
2024-05-15 13:49:42,JourneyMacro
2024-05-15 13:49:42,partisiampc
2024-05-15 13:49:42,FractionAI_xyz
2024-05-15 13:49:42,tradeparadigm
2024-05-15 13:49:42,OEwd5lfMDp
2024-05-15 13:49:42,lightspeedpodhq
2024-05-15 13:49:42,DrillClubNFT
2024-05-15 13:49:42,D576J7yskm
2024-05-15 13:49:42,infinex_app
2024-05-20 19:59:49,MNFSTLabs
2024-05-20 19:59:49,newcomputer
2024-05-20 19:59:49,urim999
2024-05-20 19:59:49,Clones_ECB1
2024-05-20 19:59:49,BansheesNFT_
2024-05-20 19:59:49,search?q=%24WIFI&src=cashtag_click
2024-05-20 19:59:49,different_mj
2024-05-20 19:59:49,Bfaviero
2024-05-20 19:59:49,wifimapapp
2024-05-20 19:59:49,TheChadsProject
2024-05-20 19:59:49,SyntechCorp
2024-05-20 19:59:49,AngryCrypt0
2024-05-20 19:59:49,IcedOutCoinFlip
2024-05-20 19:59:49,Humanityprot
2024-05-20 19:59:49,TekioNFT
2024-05-20 19:59:49,crypto_vadim
2024-05-20 19:59:49,W6cV3xHdcX
2024-05-20 19:59:49,Ajchatham
2024-05-20 19:59:49,88V3HYOcWw
2024-05-20 19:59:49,OGeeZclubNFT
2024-05-20 19:59:49,n6tTy5Q7uX
2024-05-20 19:59:49,RubenHssd
2024-05-20 19:59:49,InEphTee
2024-05-20 19:59:49,blckmrktlabs
2024-05-20 19:59:49,dba_crypto
2024-05-20 19:59:49,rI0EDu1Qhj
2024-05-20 19:59:49,seilamisnft
2024-05-20 19:59:49,KolenaIO
2024-05-20 19:59:49,magna_digital
2024-05-20 19:59:49,brandalf23
