2024-04-05 23:21:40,apple
2024-04-05 23:21:40,EndeavorGR
2024-04-05 23:21:40,breezedotcash
2024-04-05 23:21:40,muzkmuzkmuzk
2024-04-05 23:21:40,Deltabc_fund
2024-04-05 23:21:40,BitwiseInvest
2024-04-05 23:21:40,microsoft
2024-04-05 23:21:40,8R7ZfTtCxW
2024-04-05 23:21:40,PropyInc
2024-04-05 23:21:40,s98P5RD5xI
2024-04-05 23:21:40,rarifoundation
2024-04-05 23:21:40,Base
2024-04-05 23:21:40,consensysventures
2024-04-05 23:21:40,ambisafeco
2024-04-05 23:21:40,a16z
2024-04-05 23:21:40,GumiCryptos
2024-04-05 23:21:40,dripsnetwork
2024-04-05 23:21:40,ethena_labs
2024-04-05 23:21:40,FiscalNote
2024-04-05 23:21:40,iamgingertrash
2024-04-05 23:21:40,y1kO4AepZp
2024-04-05 23:21:40,DenitzaPropy
2024-04-05 23:21:40,10Planet_L1
2024-04-05 23:21:40,jasonbenyair
2024-04-05 23:21:40,valoryag
2024-04-05 23:21:40,WreckLeagueHQ
2024-04-05 23:21:40,Sprkfi
2024-04-05 23:21:40,teaprotocol
2024-04-05 23:21:40,pdGKLusW7N
2024-04-05 23:21:40,compolabs
2024-04-05 23:21:40,AlliumLabs
2024-04-05 23:21:40,khalani_network
2024-04-05 23:21:40,artemis__xyz
2024-04-05 23:21:40,arbitrum
2024-04-05 23:21:40,ether_fi
2024-04-05 23:21:40,alexrusnak
2024-04-05 23:21:40,Blockgks
2024-04-05 23:21:40,carrawu
2024-04-05 23:21:40,david_enim
2024-04-05 23:21:40,doppelHQ
2024-04-05 23:21:40,zapoandrew
2024-04-05 23:21:40,Mysten_Labs
2024-04-05 23:21:40,naramunz
2024-04-05 23:21:40,apeclosedai
2024-04-05 23:21:40,mya_shofany
2024-04-05 23:21:40,thenotcoin
2024-04-05 23:21:40,sentient_agi
2024-04-05 23:21:40,autonolas
2024-04-05 23:21:40,Swaylend
2024-04-05 23:21:40,coinlist
2024-04-05 23:21:40,harvard
2024-04-05 23:21:40,Neon_EVM
2024-04-05 23:21:40,fuel_network
2024-04-05 23:21:40,hololens
2024-04-05 23:21:40,ChampionsIO
2024-04-05 23:21:40,RadxChange
2024-04-05 23:21:40,momoeureka
2024-04-05 23:21:40,radicle
2024-04-05 23:21:40,suno_ai_
2024-04-05 23:21:40,Matt_Hougan
2024-04-05 23:21:40,AdvisorCircle
2024-04-05 23:21:40,ku3eJLsh3u
2024-04-05 23:21:40,TziokasV
2024-04-05 23:21:40,stanford
2024-04-05 23:21:40,Facebook
2024-04-05 23:21:40,KavitaGupta19
2024-04-05 23:21:40,9NGiDhGND2
2024-04-05 23:21:40,sprkfi
2024-04-05 23:21:40,ZKPanther
2024-04-05 23:21:40,PropyKeys
2024-04-05 23:21:40,zksync
2024-04-05 23:21:40,multicoincap
2024-04-05 23:21:40,TannrAllard
2024-04-05 23:21:40,lftherios
2024-04-05 23:21:40,VpjfdovRfk
2024-04-05 23:21:40,ton_blockchain
2024-04-05 23:21:40,GitUnion
2024-04-05 23:21:40,AkeAndre
2024-04-05 23:21:40,marunetwork
2024-04-05 23:21:40,NotCryptoBro
2024-04-05 23:21:40,OthersideMeta
2024-04-05 23:21:40,shayonsengupta
2024-04-05 23:21:40,ACEStudio_en
2024-04-05 23:21:40,ApeCoin
2024-04-05 23:21:40,paradigm
2024-04-05 23:21:40,dervoiedk
2024-04-05 23:21:40,HeadsUpai
2024-04-05 23:21:40,nickfloats
2024-04-05 23:21:40,monad_xyz
2024-04-05 23:21:40,rargulati
2024-04-05 23:21:40,RariChain
2024-04-05 23:21:40,13tlY4AynY
2024-04-05 23:21:40,notnotstorm
2024-04-05 23:21:40,ETFcom
2024-04-05 23:21:40,iemmys
2024-04-05 23:21:40,aea_dev
2024-04-05 23:21:40,zmTzF0huan
2024-04-05 23:21:40,fintechtvglobal
2024-04-08 17:15:21,ETFcom
2024-04-08 17:15:21,shayonsengupta
2024-04-08 17:15:21,fuel_network
2024-04-08 17:15:21,Base
2024-04-08 17:15:21,10Planet_L1
2024-04-08 17:15:21,DenitzaPropy
2024-04-08 17:15:21,coinlist
2024-04-08 17:15:21,Mysten_Labs
2024-04-08 17:15:21,y1kO4AepZp
2024-04-08 17:15:21,RariChain
2024-04-08 17:15:21,a16z
2024-04-08 17:15:21,s98P5RD5xI
2024-04-08 17:15:21,radicle
2024-04-08 17:15:21,autonolas
2024-04-08 17:15:21,AlliumLabs
2024-04-08 17:15:21,Blockgks
2024-04-08 17:15:21,teaprotocol
2024-04-08 17:15:21,zapoandrew
2024-04-08 17:15:21,13tlY4AynY
2024-04-08 17:15:21,zmTzF0huan
2024-04-08 17:15:21,ku3eJLsh3u
2024-04-08 17:15:21,david_enim
2024-04-08 17:15:21,ether_fi
2024-04-08 17:15:21,apeclosedai
2024-04-08 17:15:21,artemis__xyz
2024-04-08 17:15:21,iemmys
2024-04-08 17:15:21,pdGKLusW7N
2024-04-08 17:15:21,rargulati
2024-04-08 17:15:21,ACEStudio_en
2024-04-08 17:15:21,fintechtvglobal
2024-04-08 17:15:21,dervoiedk
2024-04-08 17:15:21,OthersideMeta
2024-04-08 17:15:21,ChampionsIO
2024-04-08 17:15:21,NotCryptoBro
2024-04-08 17:15:21,marunetwork
2024-04-08 17:15:21,GumiCryptos
2024-04-08 17:15:21,Facebook
2024-04-08 17:15:21,itsalltruffles
2024-04-08 17:15:21,zksync
2024-04-08 17:15:21,HeadsUpai
2024-04-08 17:15:21,hololens
2024-04-08 17:15:21,Neon_EVM
2024-04-08 17:15:21,lftherios
2024-04-08 17:15:21,GitUnion
2024-04-08 17:15:21,ApeCoin
2024-04-08 17:15:21,aea_dev
2024-04-08 17:15:21,naramunz
2024-04-08 17:15:21,iamgingertrash
2024-04-08 17:15:21,PropyKeys
2024-04-08 17:15:21,muzkmuzkmuzk
2024-04-08 17:15:21,KavitaGupta19
2024-04-08 17:15:21,carrawu
2024-04-08 17:15:21,microsoft
2024-04-08 17:15:21,Swaylend
2024-04-08 17:15:21,9NGiDhGND2
2024-04-08 17:15:21,breezedotcash
2024-04-08 17:15:21,ton_blockchain
2024-04-08 17:15:21,suno_ai_
2024-04-08 17:15:21,momoeureka
2024-04-08 17:15:21,khalani_network
2024-04-08 17:15:21,Matt_Hougan
2024-04-08 17:15:21,sentient_agi
2024-04-08 17:15:21,consensysventures
2024-04-08 17:15:21,FiscalNote
2024-04-08 17:15:21,valoryag
2024-04-08 17:15:21,alexrusnak
2024-04-08 17:15:21,monad_xyz
2024-04-08 17:15:21,TannrAllard
2024-04-08 17:15:21,multicoincap
2024-04-08 17:15:21,arbitrum
2024-04-08 17:15:21,scale_ai
2024-04-08 17:15:21,harvard
2024-04-08 17:15:21,VpjfdovRfk
2024-04-08 17:15:21,ZKPanther
2024-04-08 17:15:21,notnotstorm
2024-04-08 17:15:21,sprkfi
2024-04-08 17:15:21,paradigm
2024-04-08 17:15:21,doppelHQ
2024-04-08 17:15:21,mya_shofany
2024-04-08 17:15:21,apple
2024-04-08 17:15:21,nickfloats
2024-04-08 17:15:21,AkeAndre
2024-04-08 17:15:21,ambisafeco
2024-04-08 17:15:21,RadxChange
2024-04-08 17:15:21,rarifoundation
2024-04-08 17:15:21,EndeavorGR
2024-04-08 17:15:21,dripsnetwork
2024-04-08 17:15:21,compolabs
2024-04-08 17:15:21,PropyInc
2024-04-08 17:15:21,Deltabc_fund
2024-04-08 17:15:21,8R7ZfTtCxW
2024-04-08 17:15:21,AdvisorCircle
2024-04-08 17:15:21,thenotcoin
2024-04-08 17:15:21,HF0Residency
2024-04-08 17:15:21,WreckLeagueHQ
2024-04-08 17:15:21,jasonbenyair
2024-04-08 17:15:21,BitwiseInvest
2024-04-08 17:15:21,stanford
2024-04-08 17:15:21,uoft
2024-04-08 17:15:21,ethena_labs
2024-04-08 17:15:21,Sprkfi
2024-04-08 17:15:21,TziokasV
2024-04-17 14:24:00,HalimAlrasihi
2024-04-17 14:24:00,itsalltruffles
2024-04-17 14:24:00,fintechtvglobal
2024-04-17 14:24:00,FiscalNote
2024-04-17 14:24:00,iemmys
2024-04-17 14:24:00,PropyInc
2024-04-17 14:24:00,radicle
2024-04-17 14:24:00,doodles
2024-04-17 14:24:00,KavitaGupta19
2024-04-17 14:24:00,nickfloats
2024-04-17 14:24:00,ambisafeco
2024-04-17 14:24:00,consensysventures
2024-04-17 14:24:00,shayonsengupta
2024-04-17 14:24:00,AkeAndre
2024-04-17 14:24:00,Facebook
2024-04-17 14:24:00,poopie
2024-04-17 14:24:00,rarifoundation
2024-04-17 14:24:00,breezedotcash
2024-04-17 14:24:00,arbitrum
2024-04-17 14:24:00,uoft
2024-04-17 14:24:00,HF0Residency
2024-04-17 14:24:00,coinlist
2024-04-17 14:24:00,suno_ai_
2024-04-17 14:24:00,doppelHQ
2024-04-17 14:24:00,ku3eJLsh3u
2024-04-17 14:24:00,BitwiseInvest
2024-04-17 14:24:00,ethena_labs
2024-04-17 14:24:00,pdGKLusW7N
2024-04-17 14:24:00,multicoincap
2024-04-17 14:24:00,ton_blockchain
2024-04-17 14:24:00,AlliumLabs
2024-04-17 14:24:00,dripsnetwork
2024-04-17 14:24:00,9NGiDhGND2
2024-04-17 14:24:00,AdvisorCircle
2024-04-17 14:24:00,jZh0P9ixUY
2024-04-17 14:24:00,monad_xyz
2024-04-17 14:24:00,ApeCoin
2024-04-17 14:24:00,CommonGround_cg
2024-04-17 14:24:00,Swaylend
2024-04-17 14:24:00,Base
2024-04-17 14:24:00,OthersideMeta
2024-04-17 14:24:00,naramunz
2024-04-17 14:24:00,RariChain
2024-04-17 14:24:00,13tlY4AynY
2024-04-17 14:24:00,ACEStudio_en
2024-04-17 14:24:00,10Planet_L1
2024-04-17 14:24:00,HeadsUpai
2024-04-17 14:24:00,scale_ai
2024-04-17 14:24:00,ChampionsIO
2024-04-17 14:24:00,Deltabc_fund
2024-04-17 14:24:00,8R7ZfTtCxW
2024-04-17 14:24:00,fuel_network
2024-04-17 14:24:00,mya_shofany
2024-04-17 14:24:00,thenotcoin
2024-04-17 14:24:00,ETFcom
2024-04-17 14:24:00,Blockgks
2024-04-17 14:24:00,dervoiedk
2024-04-17 14:24:00,Sprkfi
2024-04-17 14:24:00,udiomusic
2024-04-17 14:24:00,ether_fi
2024-04-17 14:24:00,zapoandrew
2024-04-17 14:24:00,GitUnion
2024-04-17 14:24:00,TannrAllard
2024-04-17 14:24:00,compolabs
2024-04-17 14:24:00,Neon_EVM
2024-04-17 14:24:00,waitin4agi_
2024-04-17 14:24:00,momoeureka
2024-04-17 14:24:00,lftherios
2024-04-17 14:24:00,Mysten_Labs
2024-04-17 14:24:00,ZKPanther
2024-04-17 14:24:00,sprkfi
2024-04-17 14:24:00,khalani_network
2024-04-17 14:24:00,Matt_Hougan
2024-04-17 14:24:00,artemis__xyz
2024-04-17 14:24:00,DenitzaPropy
2024-04-17 14:24:00,iamgingertrash
2024-04-17 14:24:00,teaprotocol
2024-04-17 14:24:00,WreckLeagueHQ
2024-04-17 14:24:00,NotCryptoBro
2024-04-17 14:24:00,rargulati
2024-04-17 14:24:00,s98P5RD5xI
2024-04-17 14:24:00,stanford
2024-04-17 14:24:00,PropyKeys
2024-04-17 14:24:00,jasonbenyair
2024-04-17 14:24:00,apeclosedai
2024-05-03 17:17:28,ritualnet
2024-05-03 17:17:28,goodalexander
2024-05-03 17:17:28,inversedotcom
2024-05-03 17:17:28,thejoycelai
2024-05-03 17:17:28,erc4337
2024-05-03 17:17:28,mXrdKUZBO6
2024-05-03 17:17:28,jupiterexchange
2024-05-03 17:17:28,LineaBuild
2024-05-03 17:17:28,popsetxyz
2024-05-03 17:17:28,raywongy
2024-05-03 17:17:28,Charisma_Social
2024-05-03 17:17:28,Consensys
2024-05-03 17:17:28,KivaAi
2024-05-03 17:17:28,gensynai
2024-05-03 17:17:28,gatekeep_labs
2024-05-03 17:17:28,OpenRouterAI
2024-05-03 17:17:28,getairchat
2024-05-03 17:17:28,the_matter_labs
2024-05-03 17:17:28,howdymerry
2024-05-03 17:17:28,6glejkHwE4
2024-05-03 17:17:28,virtuals_io
2024-05-03 17:17:28,saharalabsai
2024-05-03 17:17:28,echodotxyz
2024-05-03 17:17:28,inputmag
2024-05-03 17:17:28,sewkis
2024-05-03 17:17:28,getclave
2024-05-03 17:17:28,ZR8gPNSd52
2024-05-03 17:17:28,farcaster_xyz
2024-05-03 17:17:28,kuzco_xyz
2024-05-03 17:17:28,ConsenSys
2024-05-03 17:17:28,ai
2024-05-03 17:17:28,base
2024-05-03 17:17:28,mashable
2024-05-08 17:26:11,finkd
2024-05-08 17:26:11,0xSamHogan
2024-05-10 16:25:29,NiskanenCenter
2024-05-10 16:25:29,joinFAI
2024-05-10 16:25:29,hamandcheese
2024-05-15 13:56:51,TIME
2024-05-15 13:56:51,oh_dot_xyz
2024-05-15 13:56:51,NewYorkCares
2024-05-15 13:56:51,WIRED
2024-05-15 13:56:51,Bloomberg
2024-05-15 13:56:51,LiamFedus
2024-05-15 13:56:51,wegic_ai
2024-05-15 13:56:51,ArsTechnica
2024-05-15 13:56:51,MoonPay
2024-05-15 13:56:51,hadronfc
2024-05-15 13:56:51,chainyoda
2024-05-15 13:56:51,OpenAI
2024-05-15 13:56:51,KeithGrossman
2024-05-20 20:06:37,AIWayfinder
2024-05-20 20:06:37,awscloud
2024-05-20 20:06:37,MoonwellDeFi
2024-05-20 20:06:37,thing3_xyz
2024-05-20 20:06:37,OpenAIDevs
2024-05-20 20:06:37,4deihzV5gN
2024-05-20 20:06:37,LukeYoungblood
2024-05-20 20:06:37,1kxnetwork
2024-05-20 20:06:37,coinbase
2024-05-20 20:06:37,Figure_robot
2024-05-20 20:06:37,larryflorio
2024-05-20 20:06:37,hydraventures_
