2024-04-05 23:08:59,alipaints
2024-04-05 23:08:59,jumptrading
2024-04-05 23:08:59,web3_lord
2024-04-05 23:08:59,WesternUnion
2024-04-05 23:08:59,OpenAI
2024-04-05 23:08:59,search?q=%24VITA&src=cashtag_click
2024-04-05 23:08:59,jpmorgan
2024-04-05 23:08:59,ObolNetwork
2024-04-05 23:08:59,ycombinator
2024-04-05 23:08:59,sershokunin
2024-04-05 23:08:59,GoldmanSachs
2024-04-05 23:08:59,ravibakhai
2024-04-05 23:08:59,uq15UrsgHO
2024-04-05 23:08:59,fwbtweets
2024-04-05 23:08:59,2NDKSh7y3d
2024-04-05 23:08:59,ownsacomputer
2024-04-05 23:08:59,Twitter
2024-04-05 23:08:59,_jhunsaker
2024-04-05 23:08:59,LightDotSo
2024-04-05 23:08:59,NielsHoven
2024-04-05 23:08:59,vita_dao
2024-04-05 23:08:59,cryptothegame_
2024-04-05 23:08:59,uchicago
2024-04-05 23:08:59,OisinKyne
2024-04-05 23:08:59,bigvibessss
2024-04-05 23:08:59,tWC8rwfWh6
2024-04-05 23:08:59,forrestnorwood
2024-04-05 23:08:59,katiewav
2024-04-05 23:08:59,natashaghoskins
2024-04-05 23:08:59,vijaymichalik
2024-04-05 23:08:59,punwaiw
2024-04-05 23:08:59,david_seroy
2024-04-05 23:08:59,botanixlabs
2024-04-05 23:08:59,onnnnnnnion
2024-04-05 23:08:59,soubhik_deb
2024-04-05 23:08:59,ggdotzip
2024-04-05 23:08:59,ilblackdragon
2024-04-05 23:08:59,coinbase
2024-04-05 23:08:59,forweb3media
2024-04-05 23:08:59,octra
2024-04-05 23:08:59,LucaNetz
2024-04-05 23:08:59,0xdasha
2024-04-05 23:08:59,conduitxyz
2024-04-05 23:08:59,TikTok_us
2024-04-05 23:08:59,mirceap
2024-04-05 23:08:59,SpearbitDAO
2024-04-05 23:08:59,PythNetwork
2024-04-05 23:08:59,rainbowdotme
2024-04-05 23:08:59,LJLXu7aKyi
2024-04-05 23:08:59,fireblockshq
2024-04-05 23:08:59,gethype_hq
2024-04-05 23:08:59,747crash
2024-04-05 23:08:59,IGh8qKESFP
2024-04-05 23:08:59,boysclubworld
2024-04-05 23:08:59,raphjaph
2024-04-05 23:08:59,real_philogy
2024-04-05 23:08:59,berachain
2024-04-05 23:08:59,ramzps
2024-04-05 23:08:59,pageonegg
2024-04-05 23:08:59,casparschwa
2024-04-05 23:08:59,gofractional_
2024-04-05 23:08:59,eigenlayer
2024-04-05 23:08:59,tervoooo
2024-04-05 23:08:59,lwU5yWvC6W
2024-04-05 23:08:59,weremeow
2024-04-05 23:08:59,shunkakinoki
2024-04-05 23:08:59,dntse
2024-04-05 23:08:59,CollectTrump
2024-04-05 23:08:59,NEARProtocol
2024-04-05 23:08:59,ethereum
2024-04-05 23:08:59,SmokeyTheBera
2024-04-05 23:08:59,Z82vsFgax7
2024-04-05 23:08:59,pudgypenguins
2024-04-05 23:08:59,Novi
2024-04-05 23:08:59,jupiterexchange
2024-04-05 23:08:59,Coinbase
2024-04-05 23:08:59,superfluid_hq
2024-04-05 23:08:59,SupermavenAI
2024-04-05 23:08:59,adobe
2024-04-05 23:08:59,TaprootWizards
2024-04-05 23:08:59,Tabnine
2024-04-05 23:08:59,playainetwork
2024-04-05 23:08:59,NewsyJohnson
2024-04-05 23:08:59,MentavaInc
2024-04-05 23:08:59,archetypevc
2024-04-05 23:08:59,johngranjovi
2024-04-05 23:08:59,jbfja
2024-04-05 23:08:59,ajcrypto333
2024-04-05 23:08:59,cointelegraph
2024-04-05 23:08:59,harvardhbs
2024-04-05 23:08:59,walden_yan
2024-04-05 23:08:59,YukanL
2024-04-05 23:08:59,XverseApp
2024-04-05 23:08:59,paradigm
2024-04-05 23:08:59,MeganNyvold
2024-04-05 23:08:59,Clubhouse
2024-04-05 23:08:59,dbwoods11
2024-04-05 23:08:59,geeogi
2024-04-05 23:08:59,hievalir
2024-04-05 23:08:59,ashekhirin
2024-04-05 23:08:59,9CA1cdahOp
2024-04-05 23:08:59,bingxofficial
2024-04-05 23:08:59,monad_xyz
2024-04-05 23:08:59,buildabera
2024-04-05 23:08:59,cognition_labs
2024-04-05 23:08:59,consensys
2024-04-05 23:08:59,solana
2024-04-05 23:08:59,SorellaLabs
2024-04-05 23:08:59,oddzyapp
2024-04-08 17:08:37,cointelegraph
2024-04-08 17:08:37,real_philogy
2024-04-08 17:08:37,ObolNetwork
2024-04-08 17:08:37,Z82vsFgax7
2024-04-08 17:08:37,coinbase
2024-04-08 17:08:37,OisinKyne
2024-04-08 17:08:37,cryptothegame_
2024-04-08 17:08:37,jupiterexchange
2024-04-08 17:08:37,SupermavenAI
2024-04-08 17:08:37,TikTok_us
2024-04-08 17:08:37,dntse
2024-04-08 17:08:37,pudgypenguins
2024-04-08 17:08:37,bingxofficial
2024-04-08 17:08:37,ycombinator
2024-04-08 17:08:37,Twitter
2024-04-08 17:08:37,gethype_hq
2024-04-08 17:08:37,MentavaInc
2024-04-08 17:08:37,fwbtweets
2024-04-08 17:08:37,NewsyJohnson
2024-04-08 17:08:37,TaprootWizards
2024-04-08 17:08:37,jumptrading
2024-04-08 17:08:37,rainbowdotme
2024-04-08 17:08:37,superfluid_hq
2024-04-08 17:08:37,Clubhouse
2024-04-08 17:08:37,NielsHoven
2024-04-08 17:08:37,Jebus
2024-04-08 17:08:37,ajcrypto333
2024-04-08 17:08:37,alipaints
2024-04-08 17:08:37,solana
2024-04-08 17:08:37,OpenAI
2024-04-08 17:08:37,shunkakinoki
2024-04-08 17:08:37,botanixlabs
2024-04-08 17:08:37,david_seroy
2024-04-08 17:08:37,GoldmanSachs
2024-04-08 17:08:37,hievalir
2024-04-08 17:08:37,bigvibessss
2024-04-08 17:08:37,CollectTrump
2024-04-08 17:08:37,jbfja
2024-04-08 17:08:37,Novi
2024-04-08 17:08:37,harvardhbs
2024-04-08 17:08:37,747crash
2024-04-08 17:08:37,ilblackdragon
2024-04-08 17:08:37,conduitxyz
2024-04-08 17:08:37,cognition_labs
2024-04-08 17:08:37,archetypevc
2024-04-08 17:08:37,ravibakhai
2024-04-08 17:08:37,weremeow
2024-04-08 17:08:37,Tabnine
2024-04-08 17:08:37,SorellaLabs
2024-04-08 17:08:37,sershokunin
2024-04-08 17:08:37,boysclubworld
2024-04-08 17:08:37,ashekhirin
2024-04-08 17:08:37,vita_dao
2024-04-08 17:08:37,SpearbitDAO
2024-04-08 17:08:37,punwaiw
2024-04-08 17:08:37,eigenlayer
2024-04-08 17:08:37,onnnnnnnion
2024-04-08 17:08:37,WesternUnion
2024-04-08 17:08:37,MeganNyvold
2024-04-08 17:08:37,lwU5yWvC6W
2024-04-08 17:08:37,adobe
2024-04-08 17:08:37,0xdasha
2024-04-08 17:08:37,raphjaph
2024-04-08 17:08:37,dbwoods11
2024-04-08 17:08:37,YukanL
2024-04-08 17:08:37,web3_lord
2024-04-08 17:08:37,forrestnorwood
2024-04-08 17:08:37,9CA1cdahOp
2024-04-08 17:08:37,SmokeyTheBera
2024-04-08 17:08:37,ownsacomputer
2024-04-08 17:08:37,PythNetwork
2024-04-08 17:08:37,monad_xyz
2024-04-08 17:08:37,pageonegg
2024-04-08 17:08:37,NEARProtocol
2024-04-08 17:08:37,fireblockshq
2024-04-08 17:08:37,geeogi
2024-04-08 17:08:37,ethereum
2024-04-08 17:08:37,ramzps
2024-04-08 17:08:37,oddzyapp
2024-04-08 17:08:37,tervoooo
2024-04-08 17:08:37,LJLXu7aKyi
2024-04-08 17:08:37,jpmorgan
2024-04-08 17:08:37,vijaymichalik
2024-04-08 17:08:37,gofractional_
2024-04-08 17:08:37,walden_yan
2024-04-08 17:08:37,soubhik_deb
2024-04-08 17:08:37,paradigm
2024-04-08 17:08:37,mirceap
2024-04-08 17:08:37,katiewav
2024-04-08 17:08:37,consensys
2024-04-08 17:08:37,octra
2024-04-08 17:08:37,johngranjovi
2024-04-08 17:08:37,LightDotSo
2024-04-08 17:08:37,berachain
2024-04-08 17:08:37,natashaghoskins
2024-04-08 17:08:37,Coinbase
2024-04-08 17:08:37,LucaNetz
2024-04-08 17:08:37,_jhunsaker
2024-04-08 17:08:37,buildabera
2024-04-08 17:08:37,2NDKSh7y3d
2024-04-08 17:08:37,uq15UrsgHO
2024-04-08 17:08:37,uchicago
2024-04-08 17:08:37,playainetwork
2024-04-08 17:08:37,search?q=%24VITA&src=cashtag_click
2024-04-08 17:08:37,stanford
2024-04-08 17:08:37,tWC8rwfWh6
2024-04-08 17:08:37,XverseApp
2024-04-08 17:08:37,forweb3media
2024-04-08 17:08:37,casparschwa
2024-04-08 12:28:16,PythNetwork
2024-04-08 12:28:16,paradigm
2024-04-08 12:28:16,TaprootWizards
2024-04-08 12:28:16,pudgypenguins
2024-04-08 12:28:16,Jebus
2024-04-08 12:28:16,jpmorgan
2024-04-08 12:28:16,solana
2024-04-08 12:28:16,cognition_labs
2024-04-08 12:28:16,LJLXu7aKyi
2024-04-08 12:28:16,lwU5yWvC6W
2024-04-08 12:28:16,LucaNetz
2024-04-08 12:28:16,dntse
2024-04-08 12:28:16,shunkakinoki
2024-04-08 12:28:16,walden_yan
2024-04-08 12:28:16,GoldmanSachs
2024-04-08 12:28:16,tervoooo
2024-04-08 12:28:16,_jhunsaker
2024-04-08 12:28:16,hievalir
2024-04-08 12:28:16,gethype_hq
2024-04-08 12:28:16,monad_xyz
2024-04-08 12:28:16,uchicago
2024-04-08 12:28:16,web3_lord
2024-04-08 12:28:16,ycombinator
2024-04-08 12:28:16,jumptrading
2024-04-08 12:28:16,LightDotSo
2024-04-08 12:28:16,ravibakhai
2024-04-08 12:28:16,pageonegg
2024-04-08 12:28:16,NielsHoven
2024-04-08 12:28:16,2NDKSh7y3d
2024-04-08 12:28:16,NewsyJohnson
2024-04-08 12:28:16,MentavaInc
2024-04-17 14:17:38,Jebus
2024-04-17 14:17:38,harvardhbs
2024-04-17 14:17:38,botanixlabs
2024-04-17 14:17:38,fireblockshq
2024-04-17 14:17:38,hievalir
2024-04-17 14:17:38,pudgypenguins
2024-04-17 14:17:38,Clubhouse
2024-04-17 14:17:38,katiewav
2024-04-17 14:17:38,geeogi
2024-04-17 14:17:38,real_philogy
2024-04-17 14:17:38,superfluid_hq
2024-04-17 14:17:38,vita_dao
2024-04-17 14:17:38,ashekhirin
2024-04-17 14:17:38,playainetwork
2024-04-17 14:17:38,raphjaph
2024-04-17 14:17:38,0xlght
2024-04-17 14:17:38,NoLackingCap
2024-04-17 14:17:38,NewsyJohnson
2024-04-17 14:17:38,OisinKyne
2024-04-17 14:17:38,MeganNyvold
2024-04-17 14:17:38,Tabnine
2024-04-17 14:17:38,WesternUnion
2024-04-17 14:17:38,_jhunsaker
2024-04-17 14:17:38,joinbasedmgmt
2024-04-17 14:17:38,Z82vsFgax7
2024-04-17 14:17:38,LJLXu7aKyi
2024-04-17 14:17:38,cognition_labs
2024-04-17 14:17:38,pageonegg
2024-04-17 14:17:38,punwaiw
2024-04-17 14:17:38,natashaghoskins
2024-04-17 14:17:38,9CA1cdahOp
2024-04-17 14:17:38,2NDKSh7y3d
2024-04-17 14:17:38,search?q=%24VITA&src=cashtag_click
2024-04-17 14:17:38,MentavaInc
2024-04-17 14:17:38,soubhik_deb
2024-04-17 14:17:38,gethype_hq
2024-04-17 14:17:38,adobe
2024-04-17 14:17:38,KyojiiBruder
2024-04-17 14:17:38,GoldmanSachs
2024-04-17 14:17:38,OpenAI
2024-04-17 14:17:38,buildabera
2024-04-17 14:17:38,747crash
2024-04-17 14:17:38,Coinbase
2024-04-17 14:17:38,Ftk96oSf45
2024-04-17 14:17:38,NEARProtocol
2024-04-17 14:17:38,SupermavenAI
2024-04-17 14:17:38,uchicago
2024-04-17 14:17:38,ilblackdragon
2024-04-17 14:17:38,dbwoods11
2024-04-17 14:17:38,boysclubworld
2024-04-17 14:17:38,monad_xyz
2024-04-17 14:17:38,david_seroy
2024-04-17 14:17:38,onnnnnnnion
2024-04-17 14:17:38,trading_axe
2024-04-17 14:17:38,solana
2024-04-17 14:17:38,johngranjovi
2024-04-17 14:17:38,Twitter
2024-04-17 14:17:38,eigenlayer
2024-04-17 14:17:38,dntse
2024-04-17 14:17:38,realDanielShorr
2024-04-17 14:17:38,YukanL
2024-04-17 14:17:38,uq15UrsgHO
2024-04-17 14:17:38,LightDotSo
2024-04-17 14:17:38,ownsacomputer
2024-04-17 14:17:38,Novi
2024-04-17 14:17:38,gofractional_
2024-04-17 14:17:38,jbfja
2024-04-17 14:17:38,NielsHoven
2024-04-17 14:17:38,mirceap
2024-04-17 14:17:38,paradigm
2024-04-17 14:17:38,TaprootWizards
2024-04-17 14:17:38,SpearbitDAO
2024-04-17 14:17:38,bigvibessss
2024-04-17 14:17:38,casparschwa
2024-04-17 14:17:38,consensys
2024-04-17 14:17:38,LucaNetz
2024-04-17 14:17:38,archetypevc
2024-04-17 14:17:38,octra
2024-04-17 14:17:38,forweb3media
2024-04-17 14:17:38,ravibakhai
2024-04-17 14:17:38,CollectTrump
2024-04-17 14:17:38,XverseApp
2024-04-17 14:17:38,coinbase
2024-04-17 14:17:38,SmokeyTheBera
2024-04-17 14:17:38,PythNetwork
2024-04-17 14:17:38,ObolNetwork
2024-04-17 14:17:38,tWC8rwfWh6
2024-04-17 14:17:38,ModulusLabs
2024-04-17 14:17:38,NicoArqueros
2024-04-17 14:17:38,ycombinator
2024-04-17 14:17:38,mo_baioumy
2024-04-17 14:17:38,cointelegraph
2024-04-17 14:17:38,alpenlabs
2024-04-17 14:17:38,berachain
2024-04-17 14:17:38,ramzps
2024-04-17 14:17:38,rainbowdotme
2024-04-17 14:17:38,jpmorgan
2024-04-17 14:17:38,TikTok_us
2024-04-17 14:17:38,alipaints
2024-04-17 14:17:38,lwU5yWvC6W
2024-04-17 14:17:38,higheronchain
2024-04-17 14:17:38,exolabs_
2024-04-17 14:17:38,oxfordrobots
2024-04-17 14:17:38,tervoooo
2024-04-17 14:17:38,walden_yan
2024-04-17 14:17:38,shunkakinoki
2024-04-17 14:17:38,ethereum
2024-04-17 14:17:38,oddzyapp
2024-04-17 14:17:38,web3_lord
2024-04-17 14:17:38,forrestnorwood
2024-04-17 14:17:38,SorellaLabs
2024-04-17 14:17:38,sershokunin
2024-04-17 14:17:38,0xdasha
2024-04-17 14:17:38,vijaymichalik
2024-04-17 14:17:38,ajcrypto333
2024-04-17 14:17:38,stanford
2024-04-17 14:17:38,fwbtweets
2024-04-17 14:17:38,jumptrading
2024-04-17 14:17:38,conduitxyz
2024-04-17 14:17:38,bingxofficial
2024-04-17 14:17:38,shinkaiprotocol
2024-05-03 17:14:44,UniOfOxford
2024-05-03 17:14:44,ohUHoMahvn
2024-05-03 17:14:44,ballsyalchemist
2024-05-03 17:14:44,pool_two
2024-05-03 17:14:44,sorellalabs
2024-05-03 17:14:44,kikiworld_
2024-05-03 17:14:44,8vHwPUfj7E
2024-05-03 17:14:44,Consensys
2024-05-03 17:14:44,megaeth_labs
2024-05-03 17:14:44,search?q=%24ETH&src=cashtag_click
2024-05-03 17:14:44,poktnetwork
2024-05-03 17:14:44,yAYBHPQ070
2024-05-03 17:14:44,ac_crypto
2024-05-03 17:14:44,n0tbydesign
2024-05-03 17:14:44,fenbushi
2024-05-03 17:14:44,LSQFYxLeEK
2024-05-03 17:14:44,twelve_o1
2024-05-03 17:14:44,ucyLn1GNdt
2024-05-03 17:14:44,aragononeteam
2024-05-03 17:14:44,hotpot_dao
2024-05-03 17:14:44,xinshudong
2024-05-03 17:14:44,janabobosik
2024-05-03 17:14:44,viswanathpramod
2024-05-08 17:23:50,ucyLn1GfnV
2024-05-08 17:23:50,alexeiZamyatin
2024-05-08 17:23:50,interlayHQ
2024-05-08 17:23:50,tednotlasso
2024-05-08 17:23:50,3janexyz
2024-05-08 17:23:50,brex
2024-05-08 17:23:50,chudnovglavniy
2024-05-08 17:23:50,wiIIiamrobinson
2024-05-08 17:23:50,karma3labs
2024-05-08 17:23:50,aevoxyz
2024-05-08 17:23:50,SahilDewan
2024-05-08 17:23:50,build_on_bob
2024-05-08 17:23:50,harvard
2024-05-08 17:23:50,iEHmaiDzz3
2024-05-08 17:23:50,zcabrams
2024-05-10 16:23:16,CelestiaOrg
2024-05-10 16:23:16,muzzyvermillion
2024-05-10 16:23:16,colludingnode
2024-05-10 16:23:16,TheZellerfelds
2024-05-10 16:23:16,RollkitDev
2024-05-15 13:54:07,NBD9872
2024-05-20 20:04:17,IeaJsFephD
2024-05-20 20:04:17,glean
2024-05-20 20:04:17,Cornell
2024-05-20 20:04:17,j_fishback
2024-05-20 20:04:17,Google
2024-05-20 20:04:17,deedydas
2024-05-20 20:04:17,html_tina
2024-05-20 20:04:17,IncubateDebate
2024-05-20 20:04:17,MenloVentures
