2024-04-05 21:27:04,PermanentEquity
2024-04-05 21:27:04,ETFPrime
2024-04-05 21:27:04,billpeeb
2024-04-05 21:27:04,d59BF5DLFI
2024-04-05 21:27:04,AbGntC19G6
2024-04-05 21:27:04,BodoggosNFT
2024-04-05 21:27:04,lisaabramowicz1
2024-04-05 21:27:04,borrowed_ideas
2024-04-05 21:27:04,ritualnet
2024-04-05 21:27:04,Vold_HQ
2024-04-05 21:27:04,NeckarValue
2024-04-05 21:27:04,NateGeraci
2024-04-05 21:27:04,AVvPIrIdFP
2024-04-05 21:27:04,alpacahq
2024-04-05 21:27:04,bsurveillance
2024-04-05 21:27:04,heidichristne
2024-04-05 21:27:04,search?q=%24BERA&src=cashtag_click
2024-04-05 21:27:04,allnick
2024-04-05 21:27:04,0cR8K6pxEI
2024-04-05 21:27:04,privy_io
2024-04-05 21:27:04,X23R2qMajX
2024-04-05 21:27:04,CorinnaKopf
2024-04-05 21:27:04,VeteransonWS
2024-04-05 21:27:04,DrewTumaABC7
2024-04-05 21:27:04,ETFStore
2024-04-05 21:27:04,samschmitz
2024-04-05 21:27:04,ReutersFacts
2024-04-05 21:27:04,Scobleizer
2024-04-05 21:27:04,Ronangmi
2024-04-05 21:27:04,JonathanRoss321
2024-04-05 21:27:04,openai
2024-04-05 21:27:04,ETF_Institute
2024-04-05 21:27:04,mikeprasad
2024-04-05 21:27:04,aidtechnology
2024-04-05 21:27:04,CapitalCamp
2024-04-05 21:27:04,VIDABWF
2024-04-05 21:27:04,CFTC
2024-04-05 21:27:04,techsniper23
2024-04-05 21:27:04,bBHyta1Omy
2024-04-05 21:27:04,commonspaceHQ
2024-04-05 21:27:04,crossbeamvc
2024-04-05 21:27:04,sundeep
2024-04-05 21:27:04,PythiaR
2024-04-05 21:27:04,beehiiv
2024-04-05 21:27:04,stocktwits
2024-04-05 21:27:04,search?q=%24BGT&src=cashtag_click
2024-04-05 21:27:04,Drew_Morris
2024-04-05 21:27:04,niftyportal
2024-04-05 21:27:04,definitiveio
2024-04-05 21:27:04,RachelLin_SF
2024-04-05 21:27:04,jposhaughnessy
2024-04-05 21:27:04,cshift_io
2024-04-05 21:27:04,Microsoft
2024-04-05 21:27:04,Citi
2024-04-05 21:27:04,coinfund_io
2024-04-05 21:27:04,coventurevc
2024-04-05 21:27:04,AliBHamed
2024-04-05 21:27:04,dotkrueger
2024-04-05 21:27:04,flip_xyz
2024-04-05 21:27:04,search?q=%24HONEY&src=cashtag_click
2024-04-05 21:27:04,SolarEtherPunk
2024-04-05 21:27:04,groqInc
2024-04-05 21:27:04,Uptodatenow
2024-04-05 21:27:04,VGtUvtX2QK
2024-04-05 21:27:04,robinhoodapp
2024-04-05 21:27:04,uponlytv
2024-04-05 21:27:04,HGYG4UoYts
2024-04-05 21:27:04,tatspayne
2024-04-05 21:27:04,pixels_online
2024-04-05 21:27:04,DennehyNiall
2024-04-05 21:27:04,LoganR2WH
2024-04-05 21:27:04,BucknSF
2024-04-05 21:27:04,ChrisWillx
2024-04-05 21:27:04,WilsonSonsini
2024-04-05 21:27:04,matt_willemsen
2024-04-05 21:27:04,re
2024-04-05 21:27:04,poordart
2024-04-05 21:27:04,CoVentureVC
2024-04-05 21:27:04,marketplunger1
2024-04-05 21:27:04,grassclippingsc
2024-04-05 21:27:04,perkinscr97
2024-04-05 21:27:04,InsaneRealitys
2024-04-05 21:27:04,FedGuy12
2024-04-05 21:27:04,MattSynFutures1
2024-04-05 21:27:04,ford
2024-04-05 21:27:04,xethalis
2024-04-05 21:27:04,vFZF03OlUR
2024-04-05 21:27:04,wTjbN1iNQ8
2024-04-05 21:27:04,modestproposal1
2024-04-05 21:27:04,etoro
2024-04-05 21:27:04,DeatonforSenate
2024-04-05 21:27:04,usmc
2024-04-05 21:27:04,vmware
2024-04-05 21:27:04,hume_ai
2024-04-05 21:27:04,jasonlk
2024-04-05 21:27:04,corinnakopf
2024-04-05 21:27:04,talk_xyz
2024-04-05 21:27:04,SynFuturesDefi
2024-04-05 21:27:04,segall_max
2024-04-05 21:27:04,NuC25VaSff
2024-04-05 21:27:04,SteveBearwin
2024-04-05 21:27:04,multicoinCap
2024-04-05 21:27:04,Collab_Currency
2024-04-05 21:27:04,rVOdJUnxQI
2024-04-05 21:27:04,BrentBeshore
2024-04-05 21:27:04,galaxyhq
2024-04-05 21:27:04,trmlabs
2024-04-05 21:27:04,howardlindzon
2024-04-05 21:27:04,socialleverage
2024-04-05 21:27:04,ksett13
2024-04-05 21:27:04,ledgerstatus
2024-04-05 21:27:04,DukeLaw
2024-04-05 21:27:04,Keelinbannon
2024-04-05 21:27:04,4EBiPWI8En
2024-04-05 21:27:04,DjvCENVUW6
2024-04-05 21:27:04,manscaped
2024-04-05 21:27:04,MainStSummit
2024-04-08 16:11:24,Vold_HQ
2024-04-08 16:11:24,alpacahq
2024-04-08 16:11:24,RachelLin_SF
2024-04-08 16:11:24,pixels_online
2024-04-08 16:11:24,ETFPrime
2024-04-08 16:11:24,VIDABWF
2024-04-08 16:11:24,ETF_Institute
2024-04-08 16:11:24,manscaped
2024-04-08 16:11:24,bsurveillance
2024-04-08 16:11:24,NuC25VaSff
2024-04-08 16:11:24,YaleBlockchain
2024-04-08 16:11:24,coventurevc
2024-04-08 16:11:24,CapitalCamp
2024-04-08 16:11:24,beehiiv
2024-04-08 16:11:24,HGYG4UoYts
2024-04-08 16:11:24,grassclippingsc
2024-04-08 16:11:24,groqInc
2024-04-08 16:11:24,VGtUvtX2QK
2024-04-08 16:11:24,SolarEtherPunk
2024-04-08 16:11:24,PythiaR
2024-04-08 16:11:24,BucknSF
2024-04-08 16:11:24,5I8qHw5GNN
2024-04-08 16:11:24,GnqSDkEWla
2024-04-08 16:11:24,SteveBearwin
2024-04-08 16:11:24,BodoggosNFT
2024-04-08 16:11:24,DukeLaw
2024-04-08 16:11:24,borrowed_ideas
2024-04-08 16:11:24,xethalis
2024-04-08 16:11:24,aidtechnology
2024-04-08 16:11:24,search?q=%24HONEY&src=cashtag_click
2024-04-08 16:11:24,sundeep
2024-04-08 16:11:24,FedGuy12
2024-04-08 16:11:24,usmc
2024-04-08 16:11:24,Keelinbannon
2024-04-08 16:11:24,ETFStore
2024-04-08 16:11:24,DennehyNiall
2024-04-08 16:11:24,MainStSummit
2024-04-08 16:11:24,jasonlk
2024-04-08 16:11:24,PermanentEquity
2024-04-08 16:11:24,rVOdJUnxQI
2024-04-08 16:11:24,vFZF03OlUR
2024-04-08 16:11:24,AliBHamed
2024-04-08 16:11:24,balensci
2024-04-08 16:11:24,NateGeraci
2024-04-08 16:11:24,Microsoft
2024-04-08 16:11:24,socialleverage
2024-04-08 16:11:24,X23R2qMajX
2024-04-08 16:11:24,NeckarValue
2024-04-08 16:11:24,matt_willemsen
2024-04-08 16:11:24,stocktwits
2024-04-08 16:11:24,wTjbN1iNQ8
2024-04-08 16:11:24,DjvCENVUW6
2024-04-08 16:11:24,robinhoodapp
2024-04-08 16:11:24,cshift_io
2024-04-08 16:11:24,search?q=%24BERA&src=cashtag_click
2024-04-08 16:11:24,etoro
2024-04-08 16:11:24,MattSynFutures1
2024-04-08 16:11:24,ford
2024-04-08 16:11:24,coinfund_io
2024-04-08 16:11:24,0cR8K6pxEI
2024-04-08 16:11:24,marketplunger1
2024-04-08 16:11:24,crossbeamvc
2024-04-08 16:11:24,lisaabramowicz1
2024-04-08 16:11:24,perkinscr97
2024-04-08 16:11:24,Scobleizer
2024-04-08 16:11:24,howardlindzon
2024-04-08 16:11:24,LoganR2WH
2024-04-08 16:11:24,multicoinCap
2024-04-08 16:11:24,SynFuturesDefi
2024-04-08 16:11:24,AVvPIrIdFP
2024-04-08 16:11:24,pumpdotfun
2024-04-08 16:11:24,VeteransonWS
2024-04-08 16:11:24,jposhaughnessy
2024-04-08 16:11:24,4EBiPWI8En
2024-04-08 16:11:24,search?q=%24BGT&src=cashtag_click
2024-04-08 16:11:24,bBHyta1Omy
2024-04-08 16:11:24,CFTC
2024-04-08 16:11:24,niftyportal
2024-04-08 16:11:24,Citi
2024-04-08 16:11:24,vmware
2024-04-08 16:11:24,berachain
2024-04-08 16:11:24,samschmitz
2024-04-08 16:11:24,BrentBeshore
2024-04-08 16:11:24,hume_ai
2024-04-08 16:11:24,modestproposal1
2024-04-08 16:11:24,definitiveio
2024-04-08 16:11:24,heidichristne
2024-04-08 16:11:24,allnick
2024-04-08 16:11:24,CoVentureVC
2024-04-17 13:20:12,allnick
2024-04-17 13:20:12,chainlink
2024-04-17 13:20:12,BucknSF
2024-04-17 13:20:12,SteveBearwin
2024-04-17 13:20:12,search?q=%24HONEY&src=cashtag_click
2024-04-17 13:20:12,friggeco
2024-04-17 13:20:12,search?q=%24SPK&src=cashtag_click
2024-04-17 13:20:12,therollupco
2024-04-17 13:20:12,bBHyta1Omy
2024-04-17 13:20:12,robinhoodapp
2024-04-17 13:20:12,4EBiPWI8En
2024-04-17 13:20:12,manscaped
2024-04-17 13:20:12,aidtechnology
2024-04-17 13:20:12,matt_willemsen
2024-04-17 13:20:12,rVOdJUnxQI
2024-04-17 13:20:12,Morbidful
2024-04-17 13:20:12,SolarEtherPunk
2024-04-17 13:20:12,stillgray
2024-04-17 13:20:12,vFZF03OlUR
2024-04-17 13:20:12,0cR8K6pxEI
2024-04-17 13:20:12,SynFuturesDefi
2024-04-17 13:20:12,search?q=%24BGT&src=cashtag_click
2024-04-17 13:20:12,transporter_io
2024-04-17 13:20:12,Lhh178sIjq
2024-04-17 13:20:12,heidichristne
2024-04-17 13:20:12,HuggingFace
2024-04-17 13:20:12,jposhaughnessy
2024-04-17 13:20:12,BodoggosNFT
2024-04-17 13:20:12,PermanentEquity
2024-04-17 13:20:12,jasonlk
2024-04-17 13:20:12,GnqSDkEWla
2024-04-17 13:20:12,LoganR2WH
2024-04-17 13:20:12,ETF_Institute
2024-04-17 13:20:12,MattSynFutures1
2024-04-17 13:20:12,FedGuy12
2024-04-17 13:20:12,homedao_live
2024-04-17 13:20:12,natfriedman
2024-04-17 13:20:12,fraxfinance
2024-04-17 13:20:12,alluvialfinance
2024-04-17 13:20:12,X23R2qMajX
2024-04-17 13:20:12,buildabera
2024-04-17 13:20:12,VGtUvtX2QK
2024-04-17 13:20:12,HGYG4UoYts
2024-04-17 13:20:12,jackchong_jc
2024-04-17 13:20:12,theblockcrunch
2024-04-17 13:20:12,samschmitz
2024-04-17 13:20:12,alpacahq
2024-04-17 13:20:12,wTjbN1iNQ8
2024-04-17 13:20:12,PythiaR
2024-04-17 13:20:12,lisaabramowicz1
2024-04-17 13:20:12,0xsparkie
2024-04-17 13:20:12,Osler_Law
2024-04-17 13:20:12,stocktwits
2024-04-17 13:20:12,ETFPrime
2024-04-17 13:20:12,bybit_official
2024-04-17 13:20:12,Vold_HQ
2024-04-17 13:20:12,modestproposal1
2024-04-17 13:20:12,cryptoian
2024-04-17 13:20:12,CaitlinClark22
2024-04-17 13:20:12,borrowed_ideas
2024-04-17 13:20:12,ClementDelangue
2024-04-17 13:20:12,cshift_io
2024-04-17 13:20:12,uniofoxford
2024-04-17 13:20:12,CapitalCamp
2024-04-17 13:20:12,howardlindzon
2024-04-17 13:20:12,SFyICtY6jt
2024-04-17 13:20:12,NateGeraci
2024-04-17 13:20:12,ayyyeandy
2024-04-17 13:20:12,niftyportal
2024-04-17 13:20:12,beehiiv
2024-04-17 13:20:12,bsurveillance
2024-04-17 13:20:12,liquid_col
2024-04-17 13:20:12,pumpdotfun
2024-04-17 13:20:12,hume_ai
2024-04-17 13:20:12,whitestarcap
2024-04-17 13:20:12,YaleBlockchain
2024-04-17 13:20:12,AVvPIrIdFP
2024-04-17 13:20:12,SmokeyTheBera
2024-04-17 13:20:12,grassclippingsc
2024-04-17 13:20:12,berachain
2024-04-17 13:20:12,evanmthomas
2024-04-17 13:20:12,Dougielarge
2024-04-17 13:20:12,DjvCENVUW6
2024-04-17 13:20:12,sparkdotfi
2024-04-17 13:20:12,balensci
2024-04-17 13:20:12,uplink_xyz
2024-04-17 13:20:12,pixels_online
2024-04-17 13:20:12,MainStSummit
2024-04-17 13:20:12,DennehyNiall
2024-04-17 13:20:12,BOD_Capital
2024-04-17 13:20:12,socialleverage
2024-04-17 13:20:12,etoro
2024-04-17 13:20:12,search?q=%24BERA&src=cashtag_click
2024-04-17 13:20:12,NuC25VaSff
2024-04-17 13:20:12,Wealthsimple
2024-04-17 13:20:12,NeckarValue
2024-04-17 13:20:12,Architect9000
2024-04-17 13:20:12,BrentBeshore
2024-04-17 13:20:12,marketplunger1
2024-04-17 13:20:12,ETFStore
2024-04-17 13:20:12,5I8qHw5GNN
2024-04-17 13:20:12,RachelLin_SF
2024-05-03 16:47:04,ritualnet
2024-05-03 16:47:04,HyMApFY8e6
2024-05-03 16:47:04,brexhq
2024-05-03 16:47:04,jupiterexchange
2024-05-03 16:47:04,WVFRM
2024-05-03 16:47:04,MartinShkreli
2024-05-03 16:47:04,_ScottFriedman
2024-05-03 16:47:04,eden_
2024-05-03 16:47:04,cUOYQasCri
2024-05-03 16:47:04,rOfzCGqr3E
2024-05-03 16:47:04,oMIiyJcIzk
2024-05-03 16:47:04,coinlist
2024-05-03 16:47:04,SelectFew
2024-05-03 16:47:04,gensynai
2024-05-03 16:47:04,MKBHD
2024-05-03 16:47:04,hack_vc
2024-05-03 16:47:04,genesistrading
2024-05-03 16:47:04,thesamparr
2024-05-03 16:47:04,LHSummers
2024-05-03 16:47:04,financialcmte
2024-05-03 16:47:04,DuU6MMqcgQ
2024-05-03 16:47:04,EpochIsland
2024-05-03 16:47:04,recvcx
2024-05-03 16:47:04,CarpeNoctom
2024-05-03 16:47:04,PatrickMcHenry
2024-05-03 16:47:04,TheStudio
2024-05-03 16:47:04,wassielawyer
2024-05-03 16:47:04,hamptonfounders
2024-05-03 16:47:04,rargulati
2024-05-03 16:47:04,saharalabsai
2024-05-03 16:47:04,DoctorTurtleboy
2024-05-03 16:47:04,jump_
2024-05-03 16:47:04,ZacharyDash
2024-05-03 16:47:04,shaig
2024-05-03 16:47:04,privy_io
2024-05-03 16:47:04,zack_holland
2024-05-03 16:47:04,farcaster_xyz
2024-05-03 16:47:04,stockmaster0x
2024-05-03 16:47:04,roshunpatel
2024-05-03 16:47:04,KrakenPro
2024-05-03 16:47:04,HubSpot
2024-05-03 16:47:04,ai
2024-05-03 16:47:04,lzin5ByH0t
2024-05-03 16:47:04,LEnvrwWHGG
2024-05-03 16:47:04,enshriningplebs
2024-05-08 17:00:48,salex
2024-05-08 17:00:48,muasIr0PuD
2024-05-08 17:00:48,GUy99qMi2O
2024-05-08 17:00:48,0xSalex
2024-05-08 17:00:48,swellnetworkio
2024-05-08 19:29:58,lagrangedev
2024-05-15 13:34:40,ValhallaFdn
2024-05-15 13:34:40,AfricanLonghorn
2024-05-15 13:34:40,CEGCleanEnergy
2024-05-15 13:34:40,uselinkinv
2024-05-15 13:34:40,JekyllCapital
2024-05-15 13:34:40,capnek123
2024-05-15 13:34:40,0xPolygon
2024-05-15 13:34:40,PraiseKek
2024-05-15 13:34:40,TheLastDegree
2024-05-15 13:34:40,moneyofminepod
2024-05-15 13:34:40,DD2iUKbdLz
2024-05-15 13:34:40,shayne_coplan
2024-05-15 13:34:40,duediligenceguy
2024-05-15 13:34:40,badcharts1
2024-05-15 13:34:40,uranium100k
2024-05-15 13:34:40,UrTokenCorgi
2024-05-15 13:34:40,BambroughKevin
2024-05-15 13:34:40,jackmelnick_
2024-05-15 13:34:40,quakes99
2024-05-15 13:34:40,CruxInvestor
2024-05-15 13:34:40,I46zUzG9LM
2024-05-15 13:34:40,Yellowbull11
2024-05-15 13:34:40,hchris999
2024-05-15 13:34:40,Cn0zpLIyLu
2024-05-15 13:34:40,fygVkh2Zbk
2024-05-15 13:34:40,U_Ag_
2024-05-15 13:34:40,7pEBExCINq
2024-05-15 13:34:40,gjermundgroven
2024-05-15 13:34:40,UfYZR6ERSN
2024-05-15 13:34:40,patrickadownes
2024-05-15 13:34:40,SloCan68
2024-05-15 13:34:40,TheRoaringKitty
2024-05-15 13:34:40,TheNextBigRush
2024-05-15 13:34:40,Q3A0j8bRKl
2024-05-15 13:34:40,TBirdV
2024-05-15 13:34:40,Berachain
2024-05-15 13:34:40,NexGenEnergy_
2024-05-15 13:34:40,MCdHu0Rble
2024-05-15 13:34:40,stokdog
2024-05-15 13:34:40,PauloMacro
2024-05-15 13:34:40,InfiniGods
2024-05-15 13:34:40,hkuppy
2024-05-15 13:34:40,search?q=%24GOD&src=cashtag_click
2024-05-15 13:34:40,segracapital
2024-05-15 13:34:40,3R8Kmcchv8
2024-05-15 13:34:40,Polymarket
2024-05-15 13:34:40,jeffgeringer92
2024-05-15 13:34:40,Josh_Young_1
2024-05-20 19:44:08,run4okstate
2024-05-20 19:44:08,envprogress
2024-05-20 19:44:08,pCdXMmv3W6
2024-05-20 19:44:08,energybants
2024-05-20 19:44:08,knarfmartini2
2024-05-20 19:44:08,RadiantEnergyG
2024-05-20 19:44:08,cambridge_eng
2024-05-20 19:44:08,Peak_Ascent
2024-05-20 19:44:08,Ur_Energy
2024-05-20 19:44:08,leggett_john
