2024-04-05 21:09:44,ue0BD50WXc
2024-04-05 21:09:44,JimmyRagosa
2024-04-05 21:09:44,DjSterlingC
2024-04-05 21:09:44,search?q=%24AGLD&src=cashtag_click
2024-04-05 21:09:44,WASD_0x
2024-04-05 21:09:44,YvzsMDhFIS
2024-04-05 21:09:44,akashnetAI
2024-04-05 21:09:44,MDtACckec6
2024-04-05 21:09:44,puffpaw_xyz
2024-04-05 21:09:44,Oidnn5eMHQ
2024-04-05 21:09:44,ConstitutionDAO
2024-04-05 21:09:44,coinhall_joe
2024-04-05 21:09:44,Stanford
2024-04-05 21:09:44,JunoFinanceHQ
2024-04-05 21:09:44,kaminofinance
2024-04-05 21:09:44,0xarc_io
2024-04-05 21:09:44,coinhall_org
2024-04-05 21:09:44,delphi_digital
2024-04-05 21:09:44,sershokunin
2024-04-05 21:09:44,orangedaoxyz
2024-04-05 21:09:44,jump_
2024-04-05 21:09:44,0x_brandon
2024-04-05 21:09:44,JJdYB9AFrl
2024-04-05 21:09:44,teamcircletech
2024-04-05 21:09:44,riotgames
2024-04-05 21:09:44,ovrclk_
2024-04-05 21:09:44,kindredventures
2024-04-05 21:09:44,jito_labs
2024-04-05 21:09:44,iamsvenh
2024-04-05 21:09:44,blueberryFDN
2024-04-05 21:09:44,Solana
2024-04-05 21:09:44,trader_marky
2024-04-05 21:09:44,SuperteamDAO
2024-04-05 21:09:44,kermankohli
2024-04-05 21:09:44,UnidentifiedDao
2024-04-05 21:09:44,layer3xyz
2024-04-05 21:09:44,banklesshq
2024-04-05 21:09:44,NousResearch
2024-04-05 21:09:44,tradetheflow_
2024-04-05 21:09:44,unitygames
2024-04-05 21:09:44,Brandon_M_Kumar
2024-04-05 21:09:44,cyberpunk
2024-04-05 21:09:44,lilylicoin
2024-04-05 21:09:44,umbraresearch
2024-04-05 21:09:44,developer_dao
2024-04-05 21:09:44,arweaveeco
2024-04-05 21:09:44,0xEdgar
2024-04-05 21:09:44,gojoalter
2024-04-05 21:09:44,theemozilla
2024-04-05 21:09:44,Hootie_R
2024-04-05 21:09:44,SillyPunts
2024-04-05 21:09:44,tensor_hq
2024-04-05 21:09:44,0xKawz
2024-04-05 21:09:44,leantJPG
2024-04-05 21:09:44,hash3xyz
2024-04-05 21:09:44,SwissBorg
2024-04-05 21:09:44,WillPapper
2024-04-05 21:09:44,techstars
2024-04-05 21:09:44,FavritIO
2024-04-05 21:09:44,theevanchen
2024-04-05 21:09:44,akashnet_
2024-04-05 21:09:44,reffo_tse
2024-04-05 21:09:44,Crypto_Joe10
2024-04-05 21:09:44,0xchomu
2024-04-05 21:09:44,berachain
2024-04-05 21:09:44,fireeyesgov
2024-04-05 21:09:44,Developer_DAO
2024-04-05 21:09:44,eigenlayer
2024-04-05 21:09:44,0xRyze
2024-04-05 21:09:44,gajeshnaik
2024-04-05 21:09:44,boz_menzalji
2024-04-05 21:09:44,Treasury_GMI
2024-04-05 21:09:44,tmnxeq
2024-04-05 21:09:44,SwissRe
2024-04-05 21:09:44,rogozov
2024-04-05 21:09:44,chainlink
2024-04-05 21:09:44,tamgros
2024-04-05 21:09:44,CreditSuisse
2024-04-05 21:09:44,chandan1_
2024-04-05 21:09:44,Rug_ai
2024-04-05 21:09:44,hubbleprotocol
2024-04-05 21:09:44,BnoU5SK5z8
2024-04-05 21:09:44,deawonii
2024-04-05 21:09:44,county_cap
2024-04-05 21:09:44,okx
2024-04-05 21:09:44,sohamshah__
2024-04-05 21:09:44,Sismo_eth
2024-04-05 21:09:44,BenGiove
2024-04-05 21:09:44,IllinoisCS
2024-04-05 21:09:44,Possiblyjt
2024-04-05 21:09:44,ton_blockchain
2024-04-05 21:09:44,blockchaincap
2024-04-05 21:09:44,Syndicateio
2024-04-05 21:09:44,cointelegraph
2024-04-05 21:09:44,CRAYsecurity
2024-04-05 21:09:44,knowerofmarkets
2024-04-05 21:09:44,fourmoonsllc
2024-04-05 21:09:44,StakeUpProtocol
2024-04-05 21:09:44,playcambria
2024-04-05 21:09:44,playdegenarena
2024-04-05 21:09:44,limitbreak
2024-04-05 21:09:44,Kleros_IO
2024-04-05 21:09:44,trendsmarket_
2024-04-05 21:09:44,_buildspace
2024-04-05 21:09:44,SmwYjVQUem
2024-04-05 21:09:44,eigen_labs
2024-04-05 21:09:44,ConsenSys
2024-04-08 16:00:51,cointelegraph
2024-04-08 16:00:51,hubbleprotocol
2024-04-08 16:00:51,SmwYjVQUem
2024-04-08 16:00:51,proteccxyz
2024-04-08 16:00:51,ovrclk_
2024-04-08 16:00:51,tradetheflow_
2024-04-08 16:00:51,tensor_hq
2024-04-08 16:00:51,umbraresearch
2024-04-08 16:00:51,hotpotdao888
2024-04-08 16:00:51,Kleros_IO
2024-04-08 16:00:51,wolvesdao
2024-04-08 16:00:51,heliuslabs
2024-04-08 16:00:51,0xRyze
2024-04-08 16:00:51,0xKawz
2024-04-08 16:00:51,fourmoonsllc
2024-04-08 16:00:51,unitygames
2024-04-08 16:00:51,playdegenarena
2024-04-08 16:00:51,Oidnn5eMHQ
2024-04-08 16:00:51,kermankohli
2024-04-08 16:00:51,ThePepperDEX
2024-04-08 16:00:51,hartmanncap
2024-04-08 16:00:51,helio_pay
2024-04-08 16:00:51,ggchronicles_
2024-04-08 16:00:51,Solana
2024-04-08 16:00:51,Brandon_M_Kumar
2024-04-08 16:00:51,sal_hotpot666
2024-04-08 16:00:51,Derekmw23
2024-04-08 16:00:51,CRAYsecurity
2024-04-08 16:00:51,leantJPG
2024-04-08 16:00:51,moonwalkfitness
2024-04-08 16:00:51,0x_brandon
2024-04-08 16:00:51,DjSterlingC
2024-04-08 16:00:51,chandan1_
2024-04-08 16:00:51,tamgros
2024-04-08 16:00:51,riotgames
2024-04-08 16:00:51,gajeshnaik
2024-04-08 16:00:51,eigenlayer
2024-04-08 16:00:51,Cococococo95
2024-04-08 16:00:51,swen_sjn
2024-04-08 16:00:51,orangedaoxyz
2024-04-08 16:00:51,rwa_xyz
2024-04-08 16:00:51,CharlieYouAI
2024-04-08 16:00:51,Syndicateio
2024-04-08 16:00:51,IllinoisCS
2024-04-08 16:00:51,jump_
2024-04-08 16:00:51,limitbreak
2024-04-08 16:00:51,ConstitutionDAO
2024-04-08 16:00:51,layer3xyz
2024-04-08 16:00:51,blockchaincap
2024-04-08 16:00:51,0xarc_io
2024-04-08 16:00:51,AsellaAI
2024-04-08 16:00:51,Treasury_GMI
2024-04-08 16:00:51,_buildspace
2024-04-08 16:00:51,dkardonsky_
2024-04-08 16:00:51,Sei_FND
2024-04-08 16:00:51,redactedcartel
2024-04-08 16:00:51,search?q=%24AGLD&src=cashtag_click
2024-04-08 16:00:51,COINAppRankBot
2024-04-08 16:00:51,delphi_digital
2024-04-08 16:00:51,0xkenjiii
2024-04-08 16:00:51,variantfund
2024-04-08 16:00:51,Crypto_Joe10
2024-04-08 16:00:51,apixtwts
2024-04-08 16:00:51,JJdYB9AFrl
2024-04-08 16:00:51,trendsmarket_
2024-04-08 16:00:51,okx
2024-04-08 16:00:51,mclint_
2024-04-08 16:00:51,BenGiove
2024-04-08 16:00:51,mysten_labs
2024-04-08 16:00:51,0xproject
2024-04-08 16:00:51,atadia_io
2024-04-08 16:00:51,Rug_ai
2024-04-08 16:00:51,WASD_0x
2024-04-08 16:00:51,gojoalter
2024-04-08 16:00:51,useaccrue
2024-04-08 16:00:51,akashnetAI
2024-04-08 16:00:51,deawonii
2024-04-08 16:00:51,DeadCaitBounce
2024-04-08 16:00:51,kaminofinance
2024-04-08 16:00:51,boz_menzalji
2024-04-08 16:00:51,tuan_genetica
2024-04-08 16:00:51,playcambria
2024-04-08 16:00:51,CreditSuisse
2024-04-08 16:00:51,fireeyesgov
2024-04-08 16:00:51,SillyPunts
2024-04-08 16:00:51,0xOmnia
2024-04-08 16:00:51,BnoU5SK5z8
2024-04-08 16:00:51,LightProtocol
2024-04-08 16:00:51,NousResearch
2024-04-08 16:00:51,DujunX
2024-04-08 16:00:51,theemozilla
2024-04-08 16:00:51,Nitro_Labs
2024-04-08 16:00:51,Georgetown
2024-04-08 16:00:51,protectoratexyz
2024-04-08 16:00:51,iamsvenh
2024-04-08 16:00:51,steveklbnf
2024-04-08 16:00:51,ABCDELabs
2024-04-08 16:00:51,FavritIO
2024-04-08 16:00:51,tmnxeq
2024-04-08 16:00:51,sershokunin
2024-04-08 16:00:51,akashnet_
2024-04-08 16:00:51,MDtACckec6
2024-04-08 16:00:51,Oakgrovevc
2024-04-08 16:00:51,theevanchen
2024-04-08 16:00:51,trader_marky
2024-04-08 16:00:51,0xEdgar
2024-04-08 16:00:51,developer_dao
2024-04-08 16:00:51,DegenRankBot
2024-04-08 16:00:51,prtydao
2024-04-08 16:00:51,JimmyRagosa
2024-04-08 16:00:51,arweaveeco
2024-04-08 16:00:51,cyberpunk
2024-04-08 16:00:51,Hootie_R
2024-04-08 16:00:51,kindredventures
2024-04-08 16:00:51,banklesshq
2024-04-08 16:00:51,Stanford
2024-04-08 16:00:51,0xemon
2024-04-08 16:00:51,Possiblyjt
2024-04-08 16:00:51,hash3xyz
2024-04-08 16:00:51,reffo_tse
2024-04-08 16:00:51,SwissBorg
2024-04-08 16:00:51,Developer_DAO
2024-04-08 16:00:51,eigen_labs
2024-04-08 16:00:51,county_cap
2024-04-08 16:00:51,chainlink
2024-04-08 16:00:51,teamcircletech
2024-04-08 16:00:51,UnidentifiedDao
2024-04-08 16:00:51,berachain
2024-04-08 16:00:51,StakeUpProtocol
2024-04-08 16:00:51,SwissRe
2024-04-08 16:00:51,Sismo_eth
2024-04-08 16:00:51,WillPapper
2024-04-08 16:00:51,techstars
2024-04-08 16:00:51,jito_labs
2024-04-08 16:00:51,ConsenSys
2024-04-08 16:00:51,blueberryFDN
2024-04-08 16:00:51,HxroNetwork
2024-04-08 16:00:51,puffpaw_xyz
2024-04-08 16:00:51,knowerofmarkets
2024-04-08 16:00:51,sohamshah__
2024-04-08 16:00:51,SuperteamDAO
2024-04-17 13:08:41,eigen_labs
2024-04-17 13:08:41,search?q=%24TIME&src=cashtag_click
2024-04-17 13:08:41,Pandora_ERC404
2024-04-17 13:08:41,hashedem
2024-04-17 13:08:41,HelpedHope
2024-04-17 13:08:41,joingraviton
2024-04-17 13:08:41,flowdesk_co
2024-04-17 13:08:41,polychain
2024-04-17 13:08:41,0xkydo
2024-04-17 13:08:41,Kamino_Finance
2024-04-17 13:08:41,CopperxHQ
2024-04-17 13:08:41,Sentosa_Island
2024-04-17 13:08:41,GCRClassic
2024-04-17 13:08:41,ribbonfinance
2024-04-17 13:08:41,IcedNFTea
2024-04-17 13:08:41,SperaxUSD
2024-04-17 13:08:41,RuneKek
2024-04-17 13:08:41,InterlayHQ
2024-04-17 13:08:41,novanet_zkp
2024-04-17 13:08:41,0n1Force
2024-04-17 13:08:41,Wyatt_Lonergan
2024-04-17 13:08:41,megaeth_labs
2024-04-17 13:08:41,Adesuwa_omoruyi
2024-04-17 13:08:41,zeroxaquaa
2024-04-17 13:08:41,circle
2024-04-17 13:08:41,MerrillLynch
2024-04-17 13:08:41,Coinbase
2024-04-17 13:08:41,tomo_social
2024-04-17 13:08:41,0x_Abdul
2024-04-17 13:08:41,fiege_max
2024-04-17 13:08:41,vaultmusichq
2024-04-17 13:08:41,NTUBlockchain
2024-04-17 13:08:41,ryanology045
2024-04-17 13:08:41,mathdroid
2024-04-17 13:08:41,monad_xyz
2024-04-17 13:08:41,cryptoian
2024-04-17 13:08:41,cysic_xyz
2024-04-17 13:08:41,PhilCrypto77
2024-04-17 13:08:41,vinnie_io
2024-04-17 13:08:41,merenti_xyz
2024-04-17 13:08:41,wyatt_benno
2024-04-17 13:08:41,Figment_io
2024-04-17 13:08:41,HydraVentures_
2024-04-17 13:08:41,Delphi_Digital
2024-04-17 13:08:41,ElectricCapital
2024-04-17 13:08:41,sachin12eth
2024-04-17 13:08:41,DJohnstonEC
2024-04-17 13:08:41,consensys
2024-04-17 13:08:41,HubbleProtocol
2024-04-17 13:08:41,sothebys
2024-04-17 13:08:41,emerick__mary
2024-04-17 13:08:41,avu
2024-04-17 13:08:41,nansen_ai
2024-04-17 13:08:41,safe
2024-04-17 13:08:41,superteamdao
2024-04-17 13:08:41,y77cao
2024-04-17 13:08:41,mparmstrong_
2024-04-17 13:08:41,Web3GenLabs
2024-04-17 13:08:41,KevinSoobratty
2024-04-17 13:08:41,ChefAlec
2024-04-17 13:08:41,nikki_sunset
2024-04-17 13:08:41,binance
2024-04-17 13:08:41,redonettii
2024-04-17 13:08:41,Hydrogen_Labs
2024-04-17 13:08:41,stables_money
2024-04-17 13:08:41,Disney
2024-04-17 13:08:41,HoolieG
2024-04-17 13:08:41,LFC
2024-04-17 13:08:41,BisonTrails
2024-04-17 13:08:41,cryptovalleys
2024-04-17 13:08:41,LottieFiles
2024-04-17 13:08:41,seinetwork
2024-04-17 13:08:41,WestPoint_USMA
2024-04-17 13:08:41,cyodyssey
2024-04-17 13:08:41,hi_trillions
2024-04-17 13:08:41,CambridgeAssociates
2024-04-17 13:08:41,edgesimps
2024-04-17 13:08:41,CuriousCharjan
2024-04-17 13:08:41,Iconscout
2024-04-17 13:08:41,Oaktree
2024-04-17 13:08:41,KChargecat
2024-04-17 13:08:41,liquityprotocol
2024-04-17 13:08:41,sahilpabale
2024-04-17 13:08:41,bitrefill
2024-04-17 13:08:41,_cubik
2024-04-17 13:08:41,scventuresDNA
2024-04-17 13:08:41,aevoxyz
2024-04-17 13:08:41,Luigi05
2024-04-17 13:08:41,0xlaveen
2024-04-17 13:08:41,Exponents_Fi
2024-04-17 13:08:41,spedxhq
2024-04-17 13:08:41,KERNEL0x
2024-04-17 13:08:41,mirage_game_
2024-04-17 13:08:41,Abbasshaikh42
2024-04-17 13:08:41,Cobo_Global
2024-04-17 13:08:41,ZoomBachelor
2024-04-17 13:08:41,search?q=%24Pendle&src=cashtag_click
2024-04-17 13:08:41,MattAhlborg
2024-04-17 13:08:41,interndao
2024-04-17 13:08:41,binancelabs
2024-04-17 13:08:41,airbound_co
2024-04-17 13:08:41,xverseApp
2024-04-17 13:08:41,acryptosdao
2024-04-17 13:08:41,NC1mhE2vFP
2024-04-17 13:08:41,toothfairy_hk
2024-04-17 13:08:41,useaccrue
2024-04-17 13:08:41,MetacampDAO
2024-04-17 13:08:41,storyonbase
2024-04-17 13:08:41,katadotai
2024-04-17 13:08:41,gitcoin
2024-04-17 13:08:41,theblockcrunch
2024-04-17 13:08:41,Google
2024-04-17 13:08:41,ElizabethOls0n
2024-04-17 13:08:41,nativelabs_
2024-04-17 13:08:41,bybit_official
2024-04-17 13:08:41,MeirBank
2024-04-17 13:08:41,ionet
2024-04-17 13:08:41,Ordinals_Asia
2024-04-17 13:08:41,Build_on_BOB
2024-04-17 13:08:41,CudisWellness
2024-04-17 13:08:41,NamikMuduroglu
2024-04-17 13:08:41,0xPolygonlabs
2024-04-17 13:08:41,MIT
2024-04-17 13:08:41,ABCDELabs
2024-04-17 13:08:41,stablesbernie
2024-04-17 13:08:41,superteamDAO
2024-04-17 13:08:41,avax
2024-04-17 13:08:41,0xLukeCrypto
2024-04-17 13:08:41,icme_app
2024-04-17 13:08:41,EDCBeatBit
2024-04-17 13:08:41,BlockcastNet
2024-04-17 13:08:41,MTorygreen
2024-04-17 13:08:41,hypersphere_
2024-04-17 13:08:41,developer_dao
2024-04-17 13:08:41,TarunMangukiya
2024-04-17 13:08:41,MariaShen
2024-04-17 13:08:41,Degenspartan
2024-04-17 13:08:41,grantf_sol
2024-04-17 13:08:41,Stanford
2024-04-17 13:08:41,Circle_Ventures
2024-04-17 13:08:41,rongplace
2024-04-17 13:08:41,PPQdotAI
2024-04-17 13:08:41,tenderize_me
2024-04-17 13:08:41,allenday
2024-04-17 13:08:41,Kernel0x
2024-04-17 13:08:41,Bain
2024-05-03 16:37:00,dgmason
2024-05-03 16:37:00,avalabs
2024-05-03 16:37:00,hiframework
2024-05-03 16:37:00,Aryonchain
2024-05-03 16:37:00,LightDotSo
2024-05-03 16:37:00,web3superpower
2024-05-03 16:37:00,she_256
2024-05-03 16:37:00,KrystalDeFi
2024-05-03 16:37:00,VariantFund
2024-05-03 16:37:00,wormhole
2024-05-03 16:37:00,heyiamrky
2024-05-03 16:37:00,phillipliujr
2024-05-03 16:37:00,Princeton
2024-05-03 16:37:00,KgQtJJbMZC
2024-05-03 16:37:00,nebrazkp
2024-05-03 16:37:00,medhakothari
2024-05-03 16:37:00,0xevevm
2024-05-03 16:37:00,CeloOrg
2024-05-03 16:37:00,Eito_Miyamura
2024-05-03 16:37:00,interlayHQ
2024-05-03 16:37:00,JoshuaRosenthal
2024-05-03 16:37:00,circle
2024-05-03 16:37:00,polychain
2024-05-03 16:37:00,NextGen_Venture
2024-05-03 16:37:00,bindwill
2024-05-03 16:37:00,betdexlabs
2024-05-03 16:37:00,cs_eth
2024-05-03 16:37:00,Alfredtrades
2024-05-03 16:37:00,Accenture
2024-05-03 16:37:00,pj3bo75iij
2024-05-03 16:37:00,0xSkywalkerL
2024-05-03 16:37:00,madfes
2024-05-03 16:37:00,MustStopMurad
2024-05-03 16:37:00,vaultmusichq
2024-05-03 16:37:00,LexSokolin
2024-05-03 16:37:00,AdvisorEngine
2024-05-03 16:37:00,____Sheikh____
2024-05-03 16:37:00,YgorOFrancisco
2024-05-03 16:37:00,Consensys
2024-05-03 16:37:00,drewvolpe
2024-05-03 16:37:00,peterschroederr
2024-05-03 16:37:00,d8fCmiYo4N
2024-05-03 16:37:00,finblueprint
2024-05-03 16:37:00,rackspace
2024-05-03 16:37:00,jarvis__
2024-05-03 16:37:00,izWCuiVE3s
2024-05-03 16:37:00,__geometry__
2024-05-03 16:37:00,LassenJoseph
2024-05-03 16:37:00,Christianeth
2024-05-03 16:37:00,wormholefdn
2024-05-03 16:37:00,cartridge_gg
2024-05-03 16:37:00,blessed_burgers
2024-05-03 16:37:00,Harvard
2024-05-03 16:37:00,ThePunkDao
2024-05-03 16:37:00,springlabs
2024-05-03 16:37:00,BlockchainRI
2024-05-03 16:37:00,GalaxyHQ
2024-05-03 16:37:00,Uniswap
2024-05-03 16:37:00,SevenXVentures
2024-05-03 16:37:00,anonplatform
2024-05-03 16:37:00,Genventurecap
2024-05-03 16:37:00,CMT_Digital
2024-05-03 16:37:00,g7f6KBszQx
2024-05-03 16:37:00,Tunaswiminsea
2024-05-03 16:37:00,bindpayxyz
2024-05-03 16:37:00,CMT_digital
2024-05-03 16:37:00,NorthislandVC
2024-05-03 16:37:00,0xpandasifu
2024-05-03 16:37:00,MIT
2024-05-03 16:37:00,avax
2024-05-03 16:37:00,throughnothing
2024-05-03 16:37:00,nigeleccles
2024-05-03 16:37:00,NarwhalNation
2024-05-03 16:37:00,imperialcollege
2024-05-03 16:37:00,Gatling_X
2024-05-03 16:37:00,chainlink
2024-05-03 16:37:00,STFX_IO
2024-05-03 16:37:00,jiayaoqi
2024-05-03 16:37:00,theapieconomy
2024-05-03 16:37:00,Columbia
2024-05-03 16:37:00,WeirdoGhostGang
2024-05-03 16:37:00,0xGolan
2024-05-03 16:37:00,UniofOxford
2024-05-03 16:37:00,fanduel
2024-05-03 16:37:00,CalBlockchain
2024-05-03 16:37:00,6ixthEvent
2024-05-03 16:37:00,0xHutch
2024-05-03 16:37:00,airbnb
2024-05-03 16:37:00,arthaud_
2024-05-03 16:37:00,epplex_xyz
2024-05-03 16:37:00,KomorebiFund
2024-05-03 16:37:00,Rarebetcom
2024-05-03 16:37:00,TwoSigma
2024-05-03 16:37:00,31SL7j0k1o
2024-05-03 16:37:00,MeccaExchange
2024-05-03 16:37:00,FirstStarVC
2024-05-03 16:37:00,Coinbase
2024-05-03 16:37:00,yYFic4rcLE
2024-05-03 16:37:00,dominik0_
2024-05-03 16:37:00,zrs6AVQBJb
2024-05-03 16:37:00,0vVOb8y8a9
2024-05-03 16:37:00,TheArenaApp
2024-05-03 16:37:00,build_on_bob
2024-05-03 16:37:00,OfframpXYZ
2024-05-03 16:37:00,search?q=%24USDC&src=cashtag_click
2024-05-03 16:37:00,shunkakinoki
2024-05-03 16:37:00,arbion_w
2024-05-03 16:37:00,Louissongyz
2024-05-03 16:37:00,IntentX_
2024-05-03 16:37:00,RobinsonBurkey
2024-05-08 16:58:04,ConsenSys
2024-05-08 16:58:04,ForcePrime_io
2024-05-08 16:58:04,Rarible
2024-05-08 16:58:04,archetypevc
2024-05-08 16:58:04,Nike
2024-05-08 16:58:04,xeternalsx
2024-05-08 16:58:04,AwakenTax
2024-05-08 16:58:04,marouen19
2024-05-08 16:58:04,DeadKingSociety
2024-05-08 16:58:04,Binance
2024-05-08 16:58:04,0xPeterK
2024-05-08 16:58:04,jelenaaa____
2024-05-08 16:58:04,DefinitiveFi
2024-05-08 16:58:04,thrivemarket
2024-05-08 16:58:04,getofflinexyz
2024-05-08 16:58:04,native_fi
2024-05-08 16:58:04,coinbase
2024-05-08 16:58:04,DannySursock
2024-05-08 16:58:04,0xFunk
2024-05-08 16:58:04,tagomisystems
2024-05-08 16:58:04,ArchetypeVC
2024-05-08 16:58:04,0xjlabz
2024-05-08 16:58:04,bet_hog
2024-05-08 16:58:04,informalinc
2024-05-08 16:58:04,Polymer_Labs
2024-05-08 16:58:04,AllianceDAO
2024-05-08 16:58:04,dennis_qian
2024-05-08 16:58:04,storyprotocol
2024-05-08 16:58:04,noble_xyz
2024-05-08 16:58:04,movement_solana
2024-05-08 16:58:04,celoorg
2024-05-08 16:58:04,nolanrgreen
2024-05-08 16:58:04,Clockwork_xyz
2024-05-08 16:58:04,OutSystems
2024-05-08 16:58:04,dfinity
2024-05-08 16:58:04,CryptoTaxesGod
2024-05-08 16:58:04,cosmos
2024-05-08 16:58:04,ProofOfJoker
2024-05-08 16:58:04,0xPolygonLabs
2024-05-08 16:58:04,web3canada
2024-05-08 16:58:04,crestalnetwork
2024-05-08 16:58:04,asiangirlintech
2024-05-08 16:58:04,sKjldBpnbf
2024-05-08 19:20:42,ON8EkGvrB3
2024-05-08 19:20:42,QM4zYcv2Tx
2024-05-08 19:20:42,soundxyz_
2024-05-08 19:20:42,vigneshka
2024-05-08 19:20:42,axelarnetwork
2024-05-08 19:20:42,Blockworks_
2024-05-08 19:20:42,yeluacaM
2024-05-08 19:20:42,Algorand
2024-05-08 19:20:42,yorgosv_
2024-05-09 16:55:51,notthreadguy
2024-05-09 16:55:51,monad_xyz
2024-05-09 16:55:51,tommyoc0
2024-05-09 16:55:51,KingJulianIAm
2024-05-09 16:55:51,leap_cosmos
2024-05-09 16:55:51,Dragonfly_xyz
2024-05-09 16:55:51,UCBerkeley
2024-05-09 16:55:51,hyperliquidx
2024-05-09 16:55:51,IllinoisCS
2024-05-09 16:55:51,Hyperbolic_Labs
2024-05-09 16:55:51,citsecurities
2024-05-09 16:55:51,HadickM
2024-05-09 16:55:51,jwpark02
2024-05-09 16:55:51,McKinsey
2024-05-09 16:55:51,NautilusLabs1
2024-05-09 16:55:51,MorganStanley
2024-05-09 16:55:51,probablynothing
2024-05-09 16:55:51,rugradio
2024-05-09 16:55:51,swiggy
2024-05-09 16:55:51,EY_US
2024-05-09 16:55:51,asanjeevrao
2024-05-09 16:55:51,SolanaLabs
2024-05-09 16:55:51,zjasper666
2024-05-09 16:55:51,PJTPartners
2024-05-09 16:55:51,GoldmanSachs
2024-05-09 16:55:51,compass_wallet
2024-05-10 16:01:45,uclisec
2024-05-10 16:01:45,cambridge_uni
2024-05-10 16:01:45,UnlayeredPod
2024-05-10 16:01:45,OstiumLabs
2024-05-10 16:01:45,salxyz
2024-05-10 16:01:45,FOMOcraft
2024-05-10 16:01:45,BullpenFi
2024-05-10 16:01:45,0xYzee
2024-05-10 16:01:45,okapixyz
2024-05-10 16:01:45,ShapeShift
2024-05-10 16:01:45,MANTRA_Chain
2024-05-10 16:01:45,MrFOMO88
2024-05-10 16:01:45,improbableio
2024-05-10 16:01:45,Cornell_Tech
2024-05-10 16:01:45,SarahAzouvi
2024-05-10 16:01:45,daBWNQPUGA
2024-05-10 16:01:45,protocolLabs
2024-05-15 13:32:13,wojtekwtf
2024-05-15 13:32:13,scattering_io
2024-05-15 13:32:13,Qiro_Finance
2024-05-15 13:32:13,ScimitarCapital
2024-05-15 13:32:13,venkat8296
2024-05-15 13:32:13,thiccyth0t
2024-05-15 13:32:13,JustinCBram
2024-05-15 13:32:13,biconomy
2024-05-15 13:32:13,onemoongate
2024-05-15 13:32:13,y00tsNFT
2024-05-15 13:32:13,Cryptomazeapp
2024-05-15 13:32:13,degodsnft
2024-05-15 13:32:13,0xshake
2024-05-15 13:32:13,aniket_jindal08
2024-05-15 13:32:13,AstariaXYZ
2024-05-15 13:32:13,0xSteadyLads
2024-05-15 13:32:13,paul_qiro
2024-05-15 13:32:13,BoostVC
2024-05-15 13:32:13,ZeroTimeDrift
2024-05-15 13:32:13,joingraviton
2024-05-15 13:32:13,wagmi_vc
2024-05-15 13:32:13,frankdegods
2024-05-15 13:32:13,StaFi_Protocol
2024-05-15 13:32:13,alephile
2024-05-15 13:32:13,0xKimberly
2024-05-15 13:32:13,0xppl_
2024-05-15 13:32:13,Blanklee3
2024-05-15 13:32:13,GravityX_Cap
2024-05-15 13:32:13,TheGrandExch
2024-05-15 13:32:13,wharton
2024-05-15 13:32:13,AdamDraper
2024-05-15 13:32:13,BanklessVC
2024-05-15 13:32:13,Archangel_ZK
2024-05-15 13:32:13,Xoriant
2024-05-15 13:32:13,dj_paulie_p
2024-05-15 13:32:13,VCksPQ76P4
2024-05-15 13:32:13,404_crystal
2024-05-15 13:32:13,mckinsey
2024-05-20 19:41:47,julieshi_eth
2024-05-20 19:41:47,paradigm
2024-05-20 19:41:47,0xSins
2024-05-20 19:41:47,Aptos
2024-05-20 19:41:47,TheBlock__
2024-05-20 19:41:47,strangershq
2024-05-20 19:41:47,cobie
2024-05-20 19:41:47,rapidnodexyz
2024-05-20 19:41:47,strangersxyz
2024-05-20 19:41:47,wintermute_t
2024-05-20 19:41:47,avizurlo
2024-05-20 19:41:47,chriseyin
2024-05-20 19:41:47,scalevp
2024-05-20 19:41:47,inshAllah_l2
2024-05-20 19:41:47,usc
2024-05-20 19:41:47,j_austincain
2024-05-20 19:41:47,defyapp_
2024-05-20 19:41:47,NyxNoLimits
2024-05-20 19:41:47,eulerfinance
2024-05-20 19:41:47,kenjohnscreates
2024-05-20 19:41:47,NareshKx
2024-05-20 19:41:47,pokerr_eth
2024-05-20 19:41:47,worldpvpco
2024-05-20 19:41:47,fastmindapp
2024-05-20 19:41:47,nearhorizon
2024-05-20 19:41:47,echodotxyz
2024-05-20 19:41:47,xpn
2024-05-20 19:41:47,plumenetwork
2024-05-20 19:41:47,ens_dao
2024-05-20 19:41:47,0xPolygon
2024-05-20 19:41:47,berachain
2024-05-20 19:41:47,coupa
2024-05-20 19:41:47,Delphi_Digital
2024-05-20 19:41:47,ucsd
2024-05-20 19:41:47,natgeo
2024-05-20 19:41:47,AmpleProtocol
2024-05-20 19:41:47,FrankResearcher
2024-05-20 19:41:47,nil_foundation
2024-05-20 19:41:47,rainforestqa
2024-05-20 19:41:47,beondeck
2024-05-20 19:41:47,VLIPdAVBY3
2024-05-20 19:41:47,Spindl_xyz
2024-05-20 19:41:47,meta
2024-05-20 19:41:47,YNF4tV5fQ6
2024-05-20 19:41:47,draper_u
2024-05-20 19:41:47,avexid_
2024-05-20 19:41:47,base
2024-05-20 19:41:47,0xPassion
2024-05-20 19:41:47,wormholeFDN
2024-05-20 19:41:47,wallstreetbets
2024-05-20 19:41:47,maharsipatel
2024-05-20 19:41:47,mehtatanishq_
2024-05-20 19:41:47,euler_mab
2024-05-20 19:41:47,SmokeyTheBera
2024-05-20 19:41:47,eawosikaa
2024-05-20 19:41:47,ConstitutionDAO
2024-05-20 19:41:47,Ethereum2077
2024-05-20 19:41:47,discovery
2024-05-20 19:41:47,buildabera
2024-05-20 19:41:47,alliancedao
2024-05-20 19:41:47,onunblocked
