2024-04-05 23:12:46,merkly_com
2024-04-05 23:12:46,getbentsaggy
2024-04-05 23:12:46,thehavencrypto
2024-04-05 23:12:46,ecent18
2024-04-05 23:12:46,DeFiSaver
2024-04-05 23:12:46,PrincetonCS
2024-04-05 23:12:46,ReactSydney
2024-04-05 23:12:46,sreeramkannan
2024-04-05 23:12:46,zyJoDMPFJg
2024-04-05 23:12:46,aaN9I6vDnd
2024-04-05 23:12:46,hiBazaar
2024-04-05 23:12:46,Box
2024-04-05 23:12:46,VonNeumann19
2024-04-05 23:12:46,KengLernitas
2024-04-05 23:12:46,LIQUID4TOR
2024-04-05 23:12:46,tonyjin_
2024-04-05 23:12:46,KaminoFinance
2024-04-05 23:12:46,cryptorelief_
2024-04-05 23:12:46,LlamaFolio
2024-04-05 23:12:46,SyDCoxXdpB
2024-04-05 23:12:46,finder
2024-04-05 23:12:46,Schebesta
2024-04-05 23:12:46,initc3org
2024-04-05 23:12:46,breakoutprop
2024-04-05 23:12:46,wormhole_labs
2024-04-05 23:12:46,solendprotocol
2024-04-05 23:12:46,aeyakovenko
2024-04-05 23:12:46,BasedBeffJezos
2024-04-05 23:12:46,ConsbeeracyF
2024-04-05 23:12:46,blockchain_apac
2024-04-05 23:12:46,illuviumio
2024-04-05 23:12:46,gasdotzip
2024-04-05 23:12:46,DLNewsInfo
2024-04-05 23:12:46,MikeGriff11
2024-04-05 23:12:46,coinbase
2024-04-05 23:12:46,WkPmIw0DgU
2024-04-05 23:12:46,screentimes
2024-04-05 23:12:46,pudgyrider
2024-04-05 23:12:46,arbitrum
2024-04-05 23:12:46,Firm
2024-04-05 23:12:46,suilendprotocol
2024-04-05 23:12:46,yo_itsmatt
2024-04-05 23:12:46,dwr
2024-04-05 23:12:46,sponglyio
2024-04-05 23:12:46,cryptocom
2024-04-05 23:12:46,PVn72KB92k
2024-04-05 23:12:46,will__price
2024-04-05 23:12:46,lightspeedpodhq
2024-04-05 23:12:46,0xPolygon
2024-04-05 23:12:46,todayindefi
2024-04-05 23:12:46,MikeCiesla
2024-04-05 23:12:46,aFdBRPwEAQ
2024-04-05 23:12:46,Dan_Jeffries1
2024-04-05 23:12:46,47x9MXtllY
2024-04-05 23:12:46,ReactConfAU
2024-04-05 23:12:46,youngestpeso
2024-04-05 23:12:46,Ryt7KcknRC
2024-04-05 23:12:46,cornell_tech
2024-04-05 23:12:46,AWS
2024-04-05 23:12:46,ByrneHobart
2024-04-05 23:12:46,search?q=%24GAINS&src=cashtag_click
2024-04-05 23:12:46,okxweb3
2024-04-05 23:12:46,vKKruiCpWC
2024-04-05 23:12:46,sandeepnailwal
2024-04-05 23:12:46,sama
2024-04-05 23:12:46,GainsAssociates
2024-04-05 23:12:46,AliAtlasTech
2024-04-05 23:12:46,Twitch
2024-04-05 23:12:46,iampaulgrewal
2024-04-05 23:12:46,stevevallas
2024-04-05 23:12:46,thalesmarket
2024-04-05 23:12:46,eigenlayer
2024-04-05 23:12:46,Fwiz
2024-04-05 23:12:46,covenantFi
2024-04-05 23:12:46,wdi4J5VPVd
2024-04-05 23:12:46,AragonProject
2024-04-05 23:12:46,synthetix_io
2024-04-05 23:12:46,DefiLlama
2024-04-05 23:12:46,qr42rOBipZ
2024-04-05 23:12:46,heliuslabs
2024-04-05 23:12:46,gekko_eth
2024-04-05 23:12:46,BoukenBull
2024-04-05 23:12:46,sssionggg
2024-04-05 23:12:46,okx
2024-04-05 23:12:46,dragonfly_xyz
2024-04-05 23:12:46,KeystoneJS
2024-04-05 23:12:46,MLSTRMCAP
2024-04-05 23:12:46,izqui9
2024-04-05 23:12:46,polychain
2024-04-05 23:12:46,safetyth1rd
2024-04-05 23:12:46,Optimism
2024-04-05 23:12:46,PB4srzQOp7
2024-04-05 23:12:46,7mr7kUaTrJ
2024-04-05 23:12:46,hildobby_
2024-04-05 23:12:46,omPpjI9v7Z
2024-04-05 23:12:46,0xMert_
2024-04-05 23:12:46,0xrooter
2024-04-05 23:12:46,Tradermayne
2024-04-05 23:12:46,sgoldfed
2024-04-05 23:12:46,rayzhueth
2024-04-05 23:12:46,thethinkmill
2024-04-05 23:12:46,JedWatson
2024-04-05 23:12:46,OffchainLabs
2024-04-05 23:12:46,WzmVZMMbSU
2024-04-05 23:12:46,JupiterExchange
2024-04-05 23:12:46,ABz9PVxl9p
2024-04-05 23:12:46,zorksees
2024-04-05 23:12:46,defidevnews
2024-04-05 23:12:46,ililic
2024-04-05 23:12:46,PalantirTech
2024-04-05 23:12:46,cyberducketh
2024-04-05 23:12:46,milady428193758
2024-04-05 23:12:46,DendriteGames
2024-04-05 23:12:46,mit
2024-04-05 23:12:46,Syncus_Fi
2024-04-05 23:12:46,indexed_pod
2024-04-05 23:12:46,CC2Ventures
2024-04-05 23:12:46,6eLY0pOKJX
2024-04-05 23:12:46,extropic_ai
2024-04-05 23:12:46,zxocw
2024-04-05 23:12:46,rollbitcom
2024-04-08 17:10:19,zWTvLoSAyZ
2024-04-08 17:10:19,covenantFi
2024-04-08 17:10:19,lightspeedpodhq
2024-04-08 17:10:19,synthetix_io
2024-04-08 17:10:19,zorksees
2024-04-08 17:10:19,thalesmarket
2024-04-08 17:10:19,youngestpeso
2024-04-08 17:10:19,suilendprotocol
2024-04-08 17:10:19,omPpjI9v7Z
2024-04-08 17:10:19,conzimp
2024-04-08 17:10:19,PVn72KB92k
2024-04-08 17:10:19,will__price
2024-04-08 17:10:19,BoukenBull
2024-04-08 17:10:19,envoy
2024-04-08 17:10:19,DeFiSaver
2024-04-08 17:10:19,gasdotzip
2024-04-08 17:10:19,JupiterExchange
2024-04-08 17:10:19,ycombinator
2024-04-08 17:10:19,Fwiz
2024-04-08 17:10:19,ecent18
2024-04-08 17:10:19,DefiLlama
2024-04-08 17:10:19,0xMert_
2024-04-08 17:10:19,sreeramkannan
2024-04-08 17:10:19,DendriteGames
2024-04-08 17:10:19,rayzhueth
2024-04-08 17:10:19,izqui9
2024-04-08 17:10:19,okxweb3
2024-04-08 17:10:19,SyDCoxXdpB
2024-04-08 17:10:19,Syncus_Fi
2024-04-08 17:10:19,heliuslabs
2024-04-08 17:10:19,rainbowdotme
2024-04-08 17:10:19,Firm
2024-04-08 17:10:19,search?q=%24GAINS&src=cashtag_click
2024-04-08 17:10:19,ReactConfAU
2024-04-08 17:10:19,yo_itsmatt
2024-04-08 17:10:19,LIQUID4TOR
2024-04-08 17:10:19,rollbitcom
2024-04-08 17:10:19,todayindefi
2024-04-08 17:10:19,sssionggg
2024-04-08 17:10:19,mit
2024-04-08 17:10:19,0xPolygon
2024-04-08 17:10:19,VonNeumann19
2024-04-08 17:10:19,DLNewsInfo
2024-04-08 17:10:19,MikeGriff11
2024-04-08 17:10:19,indexed_pod
2024-04-08 17:10:19,thehavencrypto
2024-04-08 17:10:19,polychain
2024-04-08 17:10:19,KengLernitas
2024-04-08 17:10:19,AWS
2024-04-08 17:10:19,Schebesta
2024-04-08 17:10:19,getbentsaggy
2024-04-08 17:10:19,ililic
2024-04-08 17:10:19,merkly_com
2024-04-08 17:10:19,solendprotocol
2024-04-08 17:10:19,aeyakovenko
2024-04-08 17:10:19,ByrneHobart
2024-04-08 17:10:19,Box
2024-04-08 17:10:19,mikedemarais
2024-04-08 17:10:19,ReactSydney
2024-04-08 17:10:19,cryptocom
2024-04-08 17:10:19,aFdBRPwEAQ
2024-04-08 17:10:19,aaN9I6vDnd
2024-04-08 17:10:19,Tradermayne
2024-04-08 17:10:19,eigenlayer
2024-04-08 17:10:19,GainsAssociates
2024-04-08 17:10:19,sgoldfed
2024-04-08 17:10:19,7mr7kUaTrJ
2024-04-08 17:10:19,LlamaFolio
2024-04-08 17:10:19,JedWatson
2024-04-08 17:10:19,Dan_Jeffries1
2024-04-08 17:10:19,WkPmIw0DgU
2024-04-08 17:10:19,thethinkmill
2024-04-08 17:10:19,milady428193758
2024-04-08 17:10:19,47x9MXtllY
2024-04-08 17:10:19,hiBazaar
2024-04-08 17:10:19,initc3org
2024-04-08 17:10:19,pudgyrider
2024-04-08 17:10:19,CC2Ventures
2024-04-08 17:10:19,sponglyio
2024-04-08 17:10:19,finder
2024-04-08 17:10:19,breakoutprop
2024-04-08 17:10:19,PalantirTech
2024-04-08 17:10:19,sama
2024-04-08 17:10:19,KeystoneJS
2024-04-08 17:10:19,arbitrum
2024-04-08 17:10:19,extropic_ai
2024-04-08 17:10:19,WzmVZMMbSU
2024-04-08 17:10:19,blknoiz06
2024-04-08 17:10:19,Optimism
2024-04-08 17:10:19,6eLY0pOKJX
2024-04-08 17:10:19,vKKruiCpWC
2024-04-08 17:10:19,zyJoDMPFJg
2024-04-08 17:10:19,sandeepnailwal
2024-04-08 17:10:19,0xrooter
2024-04-08 17:10:19,qr42rOBipZ
2024-04-08 17:10:19,PrincetonCS
2024-04-08 17:10:19,BasedBeffJezos
2024-04-08 17:10:19,blockchain_apac
2024-04-08 17:10:19,OffchainLabs
2024-04-08 17:10:19,tonyjin_
2024-04-08 17:10:19,Ryt7KcknRC
2024-04-08 17:10:19,stevevallas
2024-04-08 17:10:19,cornell_tech
2024-04-08 17:10:19,dwr
2024-04-08 17:10:19,Twitch
2024-04-08 17:10:19,screentimes
2024-04-08 17:10:19,MikeCiesla
2024-04-08 17:10:19,MLSTRMCAP
2024-04-08 17:10:19,zxocw
2024-04-08 17:10:19,AliAtlasTech
2024-04-08 17:10:19,gekko_eth
2024-04-08 17:10:19,PB4srzQOp7
2024-04-08 17:10:19,cryptorelief_
2024-04-08 17:10:19,defidevnews
2024-04-08 17:10:19,safetyth1rd
2024-04-08 17:10:19,wormhole_labs
2024-04-08 17:10:19,cyberducketh
2024-04-08 17:10:19,ConsbeeracyF
2024-04-08 17:10:19,ABz9PVxl9p
2024-04-08 17:10:19,okx
2024-04-08 17:10:19,illuviumio
2024-04-08 17:10:19,AragonProject
2024-04-08 17:10:19,hildobby_
2024-04-08 17:10:19,dragonfly_xyz
2024-04-08 12:28:38,zWTvLoSAyZ
2024-04-08 12:28:38,mikedemarais
2024-04-08 12:28:38,PVn72KB92k
2024-04-08 12:28:38,KengLernitas
2024-04-08 12:28:38,qr42rOBipZ
2024-04-08 12:28:38,MikeCiesla
2024-04-08 12:28:38,sponglyio
2024-04-08 12:28:38,mit
2024-04-08 12:28:38,cyberducketh
2024-04-08 12:28:38,illuviumio
2024-04-08 12:28:38,milady428193758
2024-04-08 12:28:38,zorksees
2024-04-08 12:28:38,getbentsaggy
2024-04-08 12:28:38,synthetix_io
2024-04-08 12:28:38,cryptocom
2024-04-08 12:28:38,conzimp
2024-04-08 12:28:38,Optimism
2024-04-08 12:28:38,yo_itsmatt
2024-04-08 12:28:38,hiBazaar
2024-04-08 12:28:38,Fwiz
2024-04-08 12:28:38,okx
2024-04-08 12:28:38,VonNeumann19
2024-04-08 12:28:38,rainbowdotme
2024-04-08 12:28:38,blknoiz06
2024-04-08 12:28:38,okxweb3
2024-04-08 12:28:38,thalesmarket
2024-04-08 12:28:38,gekko_eth
2024-04-08 12:28:38,LIQUID4TOR
2024-04-17 14:19:47,dwr
2024-04-17 14:19:47,defidevnews
2024-04-17 14:19:47,ConsbeeracyF
2024-04-17 14:19:47,todayindefi
2024-04-17 14:19:47,search?q=%24GAINS&src=cashtag_click
2024-04-17 14:19:47,hildobby_
2024-04-17 14:19:47,izqui9
2024-04-17 14:19:47,KeystoneJS
2024-04-17 14:19:47,suilendprotocol
2024-04-17 14:19:47,DefiLlama
2024-04-17 14:19:47,aFdBRPwEAQ
2024-04-17 14:19:47,polychain
2024-04-17 14:19:47,sreeramkannan
2024-04-17 14:19:47,heliuslabs
2024-04-17 14:19:47,Syncus_Fi
2024-04-17 14:19:47,arbitrum
2024-04-17 14:19:47,LlamaFolio
2024-04-17 14:19:47,lightspeedpodhq
2024-04-17 14:19:47,covenantFi
2024-04-17 14:19:47,0xMert_
2024-04-17 14:19:47,ililic
2024-04-17 14:19:47,yo_itsmatt
2024-04-17 14:19:47,tonyjin_
2024-04-17 14:19:47,PVn72KB92k
2024-04-17 14:19:47,ByrneHobart
2024-04-17 14:19:47,synthetix_io
2024-04-17 14:19:47,okx
2024-04-17 14:19:47,youngestpeso
2024-04-17 14:19:47,blockchain_apac
2024-04-17 14:19:47,Twitch
2024-04-17 14:19:47,Box
2024-04-17 14:19:47,initc3org
2024-04-17 14:19:47,aeyakovenko
2024-04-17 14:19:47,MikeCiesla
2024-04-17 14:19:47,BoukenBull
2024-04-17 14:19:47,envoy
2024-04-17 14:19:47,gekko_eth
2024-04-17 14:19:47,merkly_com
2024-04-17 14:19:47,VonNeumann19
2024-04-17 14:19:47,AliAtlasTech
2024-04-17 14:19:47,hiBazaar
2024-04-17 14:19:47,AragonProject
2024-04-17 14:19:47,okxweb3
2024-04-17 14:19:47,rayzhueth
2024-04-17 14:19:47,GainsAssociates
2024-04-17 14:19:47,thehavencrypto
2024-04-17 14:19:47,ABz9PVxl9p
2024-04-17 14:19:47,WkPmIw0DgU
2024-04-17 14:19:47,conzimp
2024-04-17 14:19:47,thalesmarket
2024-04-17 14:19:47,Fwiz
2024-04-17 14:19:47,0xPolygon
2024-04-17 14:19:47,eigenlayer
2024-04-17 14:19:47,AWS
2024-04-17 14:19:47,7mr7kUaTrJ
2024-04-17 14:19:47,getbentsaggy
2024-04-17 14:19:47,zorksees
2024-04-17 14:19:47,PB4srzQOp7
2024-04-17 14:19:47,echodotxyz
2024-04-17 14:19:47,vKKruiCpWC
2024-04-17 14:19:47,zxocw
2024-04-17 14:19:47,cornell_tech
2024-04-17 14:19:47,gasdotzip
2024-04-17 14:19:47,0xrooter
2024-04-17 14:19:47,illuviumio
2024-04-17 14:19:47,JupiterExchange
2024-04-17 14:19:47,dragonfly_xyz
2024-04-17 14:19:47,OffchainLabs
2024-04-17 14:19:47,screentimes
2024-04-17 14:19:47,milady428193758
2024-04-17 14:19:47,PalantirTech
2024-04-17 14:19:47,DeFiSaver
2024-04-17 14:19:47,DLNewsInfo
2024-04-17 14:19:47,omPpjI9v7Z
2024-04-17 14:19:47,cryptocom
2024-04-17 14:19:47,6eLY0pOKJX
2024-04-17 14:19:47,wormhole_labs
2024-04-17 14:19:47,MikeGriff11
2024-04-17 14:19:47,extropic_ai
2024-04-17 14:19:47,ycombinator
2024-04-17 14:19:47,sgoldfed
2024-04-17 14:19:47,Tradermayne
2024-04-17 14:19:47,zyJoDMPFJg
2024-04-17 14:19:47,JedWatson
2024-04-17 14:19:47,cyberducketh
2024-04-17 14:19:47,pudgyrider
2024-04-17 14:19:47,MLSTRMCAP
2024-04-17 14:19:47,breakoutprop
2024-04-17 14:19:47,Firm
2024-04-17 14:19:47,sponglyio
2024-04-17 14:19:47,ReactConfAU
2024-04-17 14:19:47,stevevallas
2024-04-17 14:19:47,finder
2024-04-17 14:19:47,cryptorelief_
2024-04-17 14:19:47,LIQUID4TOR
2024-04-17 14:19:47,ReactSydney
2024-04-17 14:19:47,safetyth1rd
2024-04-17 14:19:47,DendriteGames
2024-04-17 14:19:47,aaN9I6vDnd
2024-04-17 14:19:47,47x9MXtllY
2024-04-17 14:19:47,solendprotocol
2024-04-17 14:19:47,Schebesta
2024-04-17 14:19:47,thethinkmill
2024-04-17 14:19:47,sandeepnailwal
2024-04-17 14:19:47,BasedBeffJezos
2024-04-17 14:19:47,sama
2024-04-17 14:19:47,KengLernitas
2024-04-17 14:19:47,PrincetonCS
2024-04-17 14:19:47,Ryt7KcknRC
2024-04-17 14:19:47,rollbitcom
2024-04-17 14:19:47,mit
2024-04-17 14:19:47,sssionggg
2024-04-17 14:19:47,Optimism
2024-04-17 14:19:47,WzmVZMMbSU
2024-04-17 14:19:47,Dan_Jeffries1
2024-04-17 14:19:47,blknoiz06
2024-04-17 14:19:47,SyDCoxXdpB
2024-04-17 14:19:47,CC2Ventures
2024-04-17 14:19:47,indexed_pod
2024-04-17 14:19:47,ecent18
2024-04-17 14:19:47,qr42rOBipZ
2024-05-03 17:15:14,CryptoWhaleBot
2024-05-03 17:15:14,CloutedMind
2024-05-03 17:15:14,hey_amme
2024-05-03 17:15:14,TurboToadToken
2024-05-03 17:15:14,hero_glyphs
2024-05-03 17:15:14,search?q=%24TURBO&src=cashtag_click
2024-05-03 17:15:14,MemeGlobal_
2024-05-03 17:15:14,TsukamotoHideki
2024-05-03 17:15:14,shady_oak1
2024-05-03 17:15:14,sadbryce
2024-05-03 17:15:14,sequoia
2024-05-03 17:15:14,EvaVlaar
2024-05-03 17:15:14,unchainedaio
2024-05-03 17:15:14,delegatedotxyz
2024-05-03 17:15:14,mingxmecca
2024-05-03 17:15:14,clustersxyz
2024-05-03 17:15:14,0xigami
2024-05-03 17:15:14,gnars_dao
2024-05-03 17:15:14,HideoutNFT
2024-05-03 17:15:14,BullpenFi
2024-05-03 17:15:14,dkhB6oWZ08
2024-05-03 17:15:14,oncredxyz
2024-05-03 17:15:14,senditcity
2024-05-03 17:15:14,infinex_app
2024-05-03 17:15:14,icebergy_
2024-05-03 17:15:14,0RacerAlt
2024-05-03 17:15:14,TokenFundament1
2024-05-03 17:15:14,search?q=%24eth&src=cashtag_click
2024-05-03 17:15:14,milady807796679
2024-05-03 17:15:14,turnkeyhq
2024-05-03 17:15:14,0xfoobar
2024-05-03 17:15:14,mlmwtf
2024-05-08 17:24:15,TravisBickle0x
2024-05-08 17:24:15,search?q=%24SNX&src=cashtag_click
2024-05-08 17:24:15,Rewkang
2024-05-08 17:24:15,intlmemefund
2024-05-08 17:24:15,PleasrDAO
2024-05-08 17:24:15,CryptoPstar
2024-05-08 17:24:15,makehilloutXXX
2024-05-08 17:24:15,mechanismcap
2024-05-08 17:24:15,fantasy_top_
2024-05-10 16:23:40,search?q=%24REZ&src=cashtag_click
2024-05-10 16:23:40,ammethe1st
2024-05-10 16:23:40,PixieChess
2024-05-10 16:23:40,sudoswap
2024-05-10 16:23:40,RenzoProtocol
2024-05-10 16:23:40,search?q=%24ezETH&src=cashtag_click
2024-05-10 16:23:40,statelayer
2024-05-15 13:55:13,QuickNode
2024-05-15 13:55:13,search?q=%24mememe&src=cashtag_click
2024-05-15 13:55:13,healthymofin
2024-05-15 13:55:13,_SEAL_Org
2024-05-15 13:55:13,ethglobal
2024-05-15 13:55:13,keoneHD
2024-05-15 13:55:13,betdexlabs
2024-05-15 13:55:13,wassie
2024-05-15 13:55:13,magnet_cap
2024-05-15 13:55:13,MadLads
2024-05-15 13:55:13,PacmanBlur
2024-05-15 13:55:13,EthBoi_
2024-05-15 13:55:13,egorsidelska
2024-05-15 13:55:13,0xKipit
2024-05-15 13:55:13,Unchained_pod
2024-05-15 13:55:13,UR4AAqAO25
2024-05-15 13:55:13,remintreality
2024-05-15 13:55:13,immunefi
2024-05-15 13:55:13,coinbase
2024-05-15 13:55:13,hosseeb
2024-05-15 13:55:13,BLAST_L2
2024-05-15 13:55:13,Mike0_Immunefi
2024-05-15 13:55:13,fanduel
2024-05-15 13:55:13,base
2024-05-15 13:55:13,D6Fs0yprr1
2024-05-15 13:55:13,BLUR_io
2024-05-15 13:55:13,0xMikado
2024-05-15 13:55:13,_choppingblock
2024-05-15 13:55:13,psyopsec_ltd
2024-05-15 13:55:13,StakeCapital
2024-05-15 13:55:13,liamihorne
2024-05-15 13:55:13,jenndefer
2024-05-15 13:55:13,panaphud
2024-05-15 13:55:13,boldleonidas
2024-05-15 13:55:13,GdGbaa0D2n
2024-05-15 13:55:13,jackmelnick_
2024-05-15 13:55:13,zWTvLoSAyZ
2024-05-15 13:55:13,YCombinator
2024-05-15 13:55:13,noxturnee
2024-05-15 13:55:13,RowanRK6
2024-05-15 13:55:13,DPUEs8v00e
2024-05-15 13:55:13,RumfordNsons
2024-05-15 13:55:13,rleshner
2024-05-15 13:55:13,mememe69696969
2024-05-15 13:55:13,kettlefinance
2024-05-15 13:55:13,Pancakesbrah
2024-05-15 13:55:13,tomhschmidt
2024-05-15 13:55:13,2170cell
2024-05-15 13:55:13,whenmo0n
2024-05-15 13:55:13,opsgenie
2024-05-15 13:55:13,Polymarket
2024-05-15 13:55:13,RainmakerWallet
2024-05-15 13:55:13,MitchellAmador
2024-05-15 13:55:13,optimism
2024-05-15 13:55:13,usecannon
2024-05-15 13:55:13,monad_xyz
2024-05-15 13:55:13,riproprip
2024-05-15 13:55:13,yueko__
2024-05-15 13:55:13,mikedemarais
2024-05-15 13:55:13,launchcodecap
2024-05-15 13:55:13,reonuevo
2024-05-15 13:55:13,armaniferrante
2024-05-15 13:55:13,tarunchitra
2024-05-15 13:55:13,sershokunin
2024-05-15 13:55:13,bet_hog
2024-05-15 13:55:13,partyhatDAO
2024-05-15 13:55:13,Berachain
2024-05-15 13:55:13,rainbowdotme
2024-05-15 13:55:13,worldpvpco
2024-05-15 13:55:13,search?q=%24pepe&src=cashtag_click
2024-05-15 13:55:13,bneiluj
2024-05-15 13:55:13,endlesssfm
2024-05-15 13:55:13,MoonwellDeFi
2024-05-15 13:55:13,Backpack
2024-05-15 13:55:13,musatheredguard
2024-05-15 13:55:13,Immunefi
2024-05-15 13:55:13,MIT
2024-05-15 13:55:13,Base
2024-05-15 13:55:13,edxonline
2024-05-15 13:55:13,horizenlabs
2024-05-15 13:55:13,T445RYMWB5
2024-05-15 13:55:13,apg_capital
2024-05-15 13:55:13,nigeleccles
2024-05-15 13:55:13,ThielFellowship
2024-05-15 13:55:13,LukeYoungblood
2024-05-15 13:55:13,naniXBT
2024-05-15 13:55:13,Blast_L2
2024-05-15 13:55:13,degenharambe
2024-05-15 13:55:13,awscloud
2024-05-15 13:55:13,shayne_coplan
2024-05-15 13:55:13,Lyra_Trades
2024-05-15 13:55:13,anchorlang
2024-05-20 20:04:41,bharat_eth
2024-05-20 20:04:41,Defi_Isaac
2024-05-20 20:04:41,arcthecommunity
2024-05-20 20:04:41,offchainlabs
2024-05-20 20:04:41,footlockervn
2024-05-20 20:04:41,drakefjustin
