2024-04-05 21:41:21,lucaspinsdorf
2024-04-05 21:41:21,MaxEinhorn
2024-04-05 21:41:21,UMAprotocol
2024-04-05 21:41:21,warlock_xyz
2024-04-05 21:41:21,IrisFinanceCo
2024-04-05 21:41:21,marginfi
2024-04-05 21:41:21,Derekmw23
2024-04-05 21:41:21,Harvard
2024-04-05 21:41:21,solana
2024-04-05 21:41:21,joshua_j_lim
2024-04-05 21:41:21,CavernaCripto
2024-04-05 21:41:21,andrewxhill
2024-04-05 21:41:21,visegrad24
2024-04-05 21:41:21,danreecer_
2024-04-05 21:41:21,RennickPalley
2024-04-05 21:41:21,gauntlet_xyz
2024-04-05 21:41:21,cornell
2024-04-05 21:41:21,FranklinBi
2024-04-05 21:41:21,hal2001
2024-04-05 21:41:21,mattyklein_
2024-04-05 21:41:21,VariantFund
2024-04-05 21:41:21,GoldmanSachs
2024-04-05 21:41:21,squiggledao
2024-04-05 21:41:21,ArgusLabs_
2024-04-05 21:41:21,rage_trade
2024-04-05 21:41:21,MH_ventures
2024-04-05 21:41:21,zama_fhe
2024-04-05 21:41:21,GwartyGwart
2024-04-05 21:41:21,Runwayml
2024-04-05 21:41:21,robotventures
2024-04-05 21:41:21,relayercapital
2024-04-05 21:41:21,j_schwartzz
2024-04-05 21:41:21,FikwTdLbSq
2024-04-05 21:41:21,jito_labs
2024-04-05 21:41:21,Filecoin
2024-04-05 21:41:21,AcrossProtocol
2024-04-05 21:41:21,McKinsey
2024-04-05 21:41:21,tableland__
2024-04-05 21:41:21,0xmaxg
2024-04-05 21:41:21,finsight21
2024-04-05 21:41:21,0xBalloonLover
2024-04-05 21:41:21,8NKoLVUANb
2024-04-05 21:41:21,timewavelabs
2024-04-05 21:41:21,JPMorgan
2024-04-05 21:41:21,variantfund
2024-04-05 21:41:21,alemartcard
2024-04-05 21:41:21,developer_dao
2024-04-05 21:41:21,aerafinance
2024-04-05 21:41:21,egirl_capital
2024-04-05 21:41:21,kentlinyy
2024-04-05 21:41:21,AwK9kzSoKd
2024-04-05 21:41:21,PhilippZentner
2024-04-05 21:41:21,nascentxyz
2024-04-05 21:41:21,textileio
2024-04-05 21:41:21,BAXUSco
2024-04-05 21:41:21,femboy_capital
2024-04-05 21:41:21,7MwYstp4Lz
2024-04-05 21:41:21,SearchOnDora
2024-04-05 21:41:21,ljin18
2024-04-05 21:41:21,crypto_noodles
2024-04-05 21:41:21,baxus
2024-04-05 21:41:21,inkymaze
2024-04-05 21:41:21,segfaultdoctor
2024-04-05 21:41:21,coinfund_io
2024-04-05 21:41:21,Nascentxyz
2024-04-05 21:41:21,web3princess
2024-04-05 21:41:21,stegaBOB
2024-04-05 21:41:21,capitalgrug
2024-04-05 21:41:21,gocurb
2024-04-05 21:41:21,babyblobs
2024-04-05 21:41:21,MercadoBitcoin
2024-04-05 21:41:21,columbia
2024-04-05 21:41:21,randhindi
2024-04-05 21:41:21,max_einhorn
2024-04-05 21:41:21,WorldEngineGG
2024-04-05 21:41:21,FhenixIO
2024-04-05 21:41:21,GSRVfund
2024-04-05 21:41:21,g7_dao
2024-04-05 21:41:21,AustinBarack
2024-04-05 21:41:21,MonkeyTiltPlay
2024-04-05 21:41:21,smsunarto
2024-04-05 21:41:21,AInfiniteTV
2024-04-05 21:41:21,metaplex
2024-04-05 21:41:21,eNMF405eEJ
2024-04-05 21:41:21,Wormhole
2024-04-05 21:41:21,FilmRiseTV
2024-04-05 21:41:21,NT9hlFAoVz
2024-04-05 21:41:21,staratlas
2024-04-05 21:41:21,citi
2024-04-05 21:41:21,Berkeley_EECS
2024-04-05 21:41:21,pleasrDAO
2024-04-05 21:41:21,WormholeFdn
2024-04-05 21:41:21,ConejoCapital
2024-04-05 21:41:21,trailofbits
2024-04-05 21:41:21,DFlowResearch
2024-04-05 21:41:21,dVlmi9PWfm
2024-04-05 21:41:21,Columbia
2024-04-05 21:41:21,lifiprotocol
2024-04-05 21:41:21,harvardhbs
2024-04-05 21:41:21,PanteraCapital
2024-04-05 21:41:21,hbscryptoclub
2024-04-05 21:41:21,uBwMBFK1tl
2024-04-05 21:41:21,FoundationCap
2024-04-05 21:41:21,delitzer
2024-04-05 21:41:21,darkforest_eth
2024-04-05 21:41:21,Scroll_ZKP
2024-04-05 21:41:21,truecrimeai
2024-04-05 21:41:21,LeonardoAi_
2024-04-05 21:41:21,gsrventures
2024-04-05 21:41:21,baxusco
2024-04-08 16:20:02,andrewxhill
2024-04-08 16:20:02,segfaultdoctor
2024-04-08 16:20:02,LayerN_Official
2024-04-08 16:20:02,aerafinance
2024-04-08 16:20:02,FranklinBi
2024-04-08 16:20:02,VariantFund
2024-04-08 16:20:02,AInfiniteTV
2024-04-08 16:20:02,crypto_noodles
2024-04-08 16:20:02,baxusco
2024-04-08 16:20:02,ConejoCapital
2024-04-08 16:20:02,Harvard
2024-04-08 16:20:02,delitzer
2024-04-08 16:20:02,UMAprotocol
2024-04-08 16:20:02,finsight21
2024-04-08 16:20:02,warlock_xyz
2024-04-08 16:20:02,7MwYstp4Lz
2024-04-08 16:20:02,hal2001
2024-04-08 16:20:02,cornell
2024-04-08 16:20:02,lucaspinsdorf
2024-04-08 16:20:02,dVlmi9PWfm
2024-04-08 16:20:02,FoundationCap
2024-04-08 16:20:02,babyblobs
2024-04-08 16:20:02,MonkeyTiltPlay
2024-04-08 16:20:02,Filecoin
2024-04-08 16:20:02,eNMF405eEJ
2024-04-08 16:20:02,MercadoBitcoin
2024-04-08 16:20:02,Wormhole
2024-04-08 16:20:02,HivemindCap
2024-04-08 16:20:02,stegaBOB
2024-04-08 16:20:02,ljin18
2024-04-08 16:20:02,0xBalloonLover
2024-04-08 16:20:02,JPMorgan
2024-04-08 16:20:02,solana
2024-04-08 16:20:02,randhindi
2024-04-08 16:20:02,citi
2024-04-08 16:20:02,McKinsey
2024-04-08 16:20:02,Columbia
2024-04-08 16:20:02,GoldmanSachs
2024-04-08 16:20:02,joshua_j_lim
2024-04-08 16:20:02,lifiprotocol
2024-04-08 16:20:02,WorldEngineGG
2024-04-08 16:20:02,Derekmw23
2024-04-08 16:20:02,gsrventures
2024-04-08 16:20:02,staratlas
2024-04-08 16:20:02,ArgusLabs_
2024-04-08 16:20:02,rage_trade
2024-04-08 16:20:02,PanteraCapital
2024-04-08 16:20:02,zama_fhe
2024-04-08 16:20:02,MH_ventures
2024-04-08 16:20:02,kentlinyy
2024-04-08 16:20:02,harvardhbs
2024-04-08 16:20:02,gauntlet_xyz
2024-04-08 16:20:02,baxus
2024-04-08 16:20:02,danreecer_
2024-04-08 16:20:02,columbia
2024-04-08 16:20:02,kay_phillips_
2024-04-08 16:20:02,Columbia_Biz
2024-04-08 16:20:02,smsunarto
2024-04-08 16:20:02,LeonardoAi_
2024-04-08 16:20:02,NT9hlFAoVz
2024-04-08 16:20:02,WormholeFdn
2024-04-08 16:20:02,AwK9kzSoKd
2024-04-08 16:20:02,marginfi
2024-04-08 16:20:02,DFlowResearch
2024-04-08 16:20:02,hbscryptoclub
2024-04-08 16:20:02,PhilippZentner
2024-04-08 16:20:02,GwartyGwart
2024-04-08 16:20:02,RennickPalley
2024-04-08 16:20:02,pleasrDAO
2024-04-08 16:20:02,robotventures
2024-04-08 16:20:02,timewavelabs
2024-04-08 16:20:02,relayercapital
2024-04-08 16:20:02,MaxEinhorn
2024-04-08 16:20:02,alemartcard
2024-04-08 16:20:02,coinfund_io
2024-04-08 16:20:02,developer_dao
2024-04-08 16:20:02,truecrimeai
2024-04-08 16:20:02,g7_dao
2024-04-08 16:20:02,nascentxyz
2024-04-08 16:20:02,AcrossProtocol
2024-04-08 16:20:02,darkforest_eth
2024-04-08 16:20:02,Berkeley_EECS
2024-04-08 16:20:02,visegrad24
2024-04-08 16:20:02,BAXUSco
2024-04-08 16:20:02,Runwayml
2024-04-08 16:20:02,textileio
2024-04-08 16:20:02,gocurb
2024-04-08 16:20:02,Nascentxyz
2024-04-08 16:20:02,femboy_capital
2024-04-08 16:20:02,squiggledao
2024-04-08 16:20:02,GSRVfund
2024-04-08 16:20:02,max_einhorn
2024-04-08 16:20:02,FhenixIO
2024-04-08 16:20:02,SearchOnDora
2024-04-08 16:20:02,CavernaCripto
2024-04-08 16:20:02,IrisFinanceCo
2024-04-08 16:20:02,metaplex
2024-04-08 16:20:02,web3princess
2024-04-08 16:20:02,dima_null
2024-04-08 16:20:02,j_schwartzz
2024-04-08 16:20:02,AustinBarack
2024-04-08 16:20:02,trailofbits
2024-04-08 16:20:02,variantfund
2024-04-08 16:20:02,mattyklein_
2024-04-08 16:20:02,inkymaze
2024-04-08 16:20:02,Scroll_ZKP
2024-04-08 16:20:02,8NKoLVUANb
2024-04-08 16:20:02,uBwMBFK1tl
2024-04-08 16:20:02,FilmRiseTV
2024-04-08 16:20:02,jito_labs
2024-04-08 16:20:02,BasecampFund
2024-04-08 16:20:02,capitalgrug
2024-04-08 16:20:02,FikwTdLbSq
2024-04-08 16:20:02,0xmaxg
2024-04-08 16:20:02,tableland__
2024-04-08 16:20:02,egirl_capital
2024-04-08 12:01:24,dima_null
2024-04-08 12:01:24,darkforest_eth
2024-04-08 12:01:24,JPMorgan
2024-04-08 12:01:24,LayerN_Official
2024-04-08 12:01:24,FhenixIO
2024-04-08 12:01:24,pleasrDAO
2024-04-08 12:01:24,RennickPalley
2024-04-08 12:01:24,MH_ventures
2024-04-08 12:01:24,BAXUSco
2024-04-08 12:01:24,WormholeFdn
2024-04-08 12:01:24,columbia
2024-04-08 12:01:24,delitzer
2024-04-08 12:01:24,IrisFinanceCo
2024-04-08 12:01:24,0xmaxg
2024-04-08 12:01:24,truecrimeai
2024-04-08 12:01:24,CavernaCripto
2024-04-08 12:01:24,Berkeley_EECS
2024-04-08 12:01:24,femboy_capital
2024-04-08 12:01:24,textileio
2024-04-08 12:01:24,inkymaze
2024-04-08 12:01:24,baxusco
2024-04-08 12:01:24,uBwMBFK1tl
2024-04-08 12:01:24,danreecer_
2024-04-08 12:01:24,gauntlet_xyz
2024-04-08 12:01:24,8NKoLVUANb
2024-04-08 12:01:24,AwK9kzSoKd
2024-04-08 12:01:24,warlock_xyz
2024-04-08 12:01:24,AustinBarack
2024-04-08 12:01:24,UMAprotocol
2024-04-08 12:01:24,eNMF405eEJ
2024-04-08 12:01:24,MaxEinhorn
2024-04-08 12:01:24,MercadoBitcoin
2024-04-08 12:01:24,egirl_capital
2024-04-08 12:01:24,Nascentxyz
2024-04-08 12:01:24,relayercapital
2024-04-08 12:01:24,g7_dao
2024-04-08 12:01:24,FranklinBi
2024-04-08 12:01:24,DFlowResearch
2024-04-08 12:01:24,citi
2024-04-08 12:01:24,NT9hlFAoVz
2024-04-08 12:01:24,staratlas
2024-04-08 12:01:24,WorldEngineGG
2024-04-08 12:01:24,hbscryptoclub
2024-04-08 12:01:24,GoldmanSachs
2024-04-08 12:01:24,zama_fhe
2024-04-08 12:01:24,aerafinance
2024-04-08 12:01:24,developer_dao
2024-04-08 12:01:24,rage_trade
2024-04-08 12:01:24,nascentxyz
2024-04-08 12:01:24,timewavelabs
2024-04-08 12:01:24,McKinsey
2024-04-08 12:01:24,crypto_noodles
2024-04-08 12:01:24,VariantFund
2024-04-08 12:01:24,hal2001
2024-04-08 12:01:24,Derekmw23
2024-04-08 12:01:24,FoundationCap
2024-04-08 12:01:24,web3princess
2024-04-08 12:01:24,lifiprotocol
2024-04-08 12:01:24,dVlmi9PWfm
2024-04-08 12:01:24,smsunarto
2024-04-08 12:01:24,gsrventures
2024-04-08 12:01:24,max_einhorn
2024-04-08 12:01:24,Columbia
2024-04-08 12:01:24,cornell
2024-04-08 12:01:24,metaplex
2024-04-08 12:01:24,harvardhbs
2024-04-08 12:01:24,Runwayml
2024-04-08 12:01:24,tableland__
2024-04-08 12:01:24,LeonardoAi_
2024-04-08 12:01:24,randhindi
2024-04-08 12:01:24,Filecoin
2024-04-08 12:01:24,0xBalloonLover
2024-04-08 12:01:24,PanteraCapital
2024-04-08 12:01:24,ArgusLabs_
2024-04-08 12:01:24,stegaBOB
2024-04-08 12:01:24,Scroll_ZKP
2024-04-08 12:01:24,Wormhole
2024-04-08 12:01:24,SearchOnDora
2024-04-08 12:01:24,GSRVfund
2024-04-08 12:01:24,squiggledao
2024-04-08 12:01:24,lucaspinsdorf
2024-04-08 12:01:24,mattyklein_
2024-04-08 12:01:24,kentlinyy
2024-04-08 12:01:24,ljin18
2024-04-08 12:01:24,Harvard
2024-04-08 12:01:24,MonkeyTiltPlay
2024-04-08 12:01:24,AInfiniteTV
2024-04-08 12:01:24,coinfund_io
2024-04-08 12:01:24,babyblobs
2024-04-08 12:01:24,alemartcard
2024-04-08 12:01:24,variantfund
2024-04-08 12:01:24,trailofbits
2024-04-08 12:01:24,PhilippZentner
2024-04-08 12:01:24,ConejoCapital
2024-04-08 12:01:24,andrewxhill
2024-04-08 12:01:24,FilmRiseTV
2024-04-08 12:01:24,capitalgrug
2024-04-08 12:01:24,AcrossProtocol
2024-04-08 12:01:24,robotventures
2024-04-08 12:01:24,joshua_j_lim
2024-04-17 13:28:32,harvardhbs
2024-04-17 13:28:32,FilmRiseTV
2024-04-17 13:28:32,tableland__
2024-04-17 13:28:32,babyblobs
2024-04-17 13:28:32,FranklinBi
2024-04-17 13:28:32,IrisFinanceCo
2024-04-17 13:28:32,eNMF405eEJ
2024-04-17 13:28:32,egirl_capital
2024-04-17 13:28:32,textileio
2024-04-17 13:28:32,AInfiniteTV
2024-04-17 13:28:32,citi
2024-04-17 13:28:32,gsrventures
2024-04-17 13:28:32,relayercapital
2024-04-17 13:28:32,inkymaze
2024-04-17 13:28:32,UMAprotocol
2024-04-17 13:28:32,PanteraCapital
2024-04-17 13:28:32,columbia
2024-04-17 13:28:32,tradeparadigm
2024-04-17 13:28:32,trailofbits
2024-04-17 13:28:32,mattyklein_
2024-04-17 13:28:32,BAXUSco
2024-04-17 13:28:32,g7_dao
2024-04-17 13:28:32,RennickPalley
2024-04-17 13:28:32,nascentxyz
2024-04-17 13:28:32,pacer0928
2024-04-17 13:28:32,0xJord4n
2024-04-17 13:28:32,zama_fhe
2024-04-17 13:28:32,timewavelabs
2024-04-17 13:28:32,Berkeley_EECS
2024-04-17 13:28:32,AcrossProtocol
2024-04-17 13:28:32,Bybit_official
2024-04-17 13:28:32,ynonestop
2024-04-17 13:28:32,lifiprotocol
2024-04-17 13:28:32,MH_ventures
2024-04-17 13:28:32,WormholeFdn
2024-04-17 13:28:32,GoldmanSachs
2024-04-17 13:28:32,Nascentxyz
2024-04-17 13:28:32,arbelosxyz
2024-04-17 13:28:32,ljin18
2024-04-17 13:28:32,FoundationCap
2024-04-17 13:28:32,gauntlet_xyz
2024-04-17 13:28:32,staratlas
2024-04-17 13:28:32,0xBalloonLover
2024-04-17 13:28:32,VariantFund
2024-04-17 13:28:32,Filecoin
2024-04-17 13:28:32,max_einhorn
2024-04-17 13:28:32,robotventures
2024-04-17 13:28:32,kentlinyy
2024-04-17 13:28:32,web3princess
2024-04-17 13:28:32,solana
2024-04-17 13:28:32,andrewxhill
2024-04-17 13:28:32,ArgusLabs_
2024-04-17 13:28:32,Harvard
2024-04-17 13:28:32,Wormhole
2024-04-17 13:28:32,variantfund
2024-04-17 13:28:32,truecrimeai
2024-04-17 13:28:32,0xmaxg
2024-04-17 13:28:32,MaxEinhorn
2024-04-17 13:28:32,joshua_j_lim
2024-04-17 13:28:32,MonkeyTiltPlay
2024-04-17 13:28:32,danreecer_
2024-04-17 13:28:32,hal2001
2024-04-17 13:28:32,jumperexchange
2024-04-17 13:28:32,LeonardoAi_
2024-04-17 13:28:32,delitzer
2024-04-17 13:28:32,MercadoBitcoin
2024-04-17 13:28:32,squiggledao
2024-04-17 13:28:32,YjFH1veO4A
2024-04-17 13:28:32,lucaspinsdorf
2024-04-17 13:28:32,AgoraDollar
2024-04-17 13:28:32,DFlowResearch
2024-04-17 13:28:32,cornell
2024-04-17 13:28:32,crypto_noodles
2024-04-17 13:28:32,Columbia
2024-04-17 13:28:32,hbscryptoclub
2024-04-17 13:28:32,rage_trade
2024-04-17 13:28:32,randhindi
2024-04-17 13:28:32,AustinBarack
2024-04-17 13:28:32,smsunarto
2024-04-17 13:28:32,coinfund_io
2024-04-17 13:28:32,developer_dao
2024-04-17 13:28:32,baxusco
2024-04-17 13:28:32,alemartcard
2024-04-17 13:28:32,WorldEngineGG
2024-04-17 13:28:32,GSRVfund
2024-04-17 13:28:32,Runwayml
2024-04-17 13:28:32,stegaBOB
2024-04-17 13:28:32,amazon
2024-04-17 13:28:32,capitalgrug
2024-04-17 13:28:32,uBwMBFK1tl
2024-04-17 13:28:32,LayerN_Official
2024-04-17 13:28:32,warlock_xyz
2024-04-17 13:28:32,JPMorgan
2024-04-17 13:28:32,tradeparadex
2024-04-17 13:28:32,dima_null
2024-04-17 13:28:32,darkforest_eth
2024-04-17 13:28:32,metaplex
2024-04-17 13:28:32,Derekmw23
2024-04-17 13:28:32,PhilippZentner
2024-04-17 13:28:32,8NKoLVUANb
2024-04-17 13:28:32,McKinsey
2024-04-17 13:28:32,NT9hlFAoVz
2024-04-17 13:28:32,AwK9kzSoKd
2024-04-17 13:28:32,aerafinance
2024-04-17 13:28:32,FhenixIO
2024-05-03 16:53:14,einar_hb
2024-05-03 16:53:14,RAsehaDejK
2024-05-03 16:53:14,ZfVTsEGWUa
2024-05-03 16:53:14,CoinFund_io
2024-05-08 17:04:03,zwapxofficial
2024-05-08 17:04:03,redacted_noah
2024-05-08 17:04:03,HeliumFndn
2024-05-08 17:04:03,yohanchio
2024-05-08 17:04:03,watchesio
2024-05-08 17:04:03,mrblairbowman
2024-05-08 17:04:03,SafaryClub
2024-05-10 16:07:19,toboleum
2024-05-15 13:37:32,DriftFDN
2024-05-15 13:37:32,npayme_network
2024-05-20 19:47:23,BCG
2024-05-20 19:47:23,craigfollett
2024-05-20 19:47:23,Ticketmaster
2024-05-20 19:47:23,NascentSecurity
2024-05-20 19:47:23,LiveNation
2024-05-20 19:47:23,bountyvision
2024-05-20 19:47:23,peggy
