2024-04-05 21:22:37,nomad_notes
2024-04-05 21:22:37,0xfw3
2024-04-05 21:22:37,D_nnis_Olfers
2024-04-05 21:22:37,ethereumdenver
2024-04-05 21:22:37,ritualnet
2024-04-05 21:22:37,0xOnward
2024-04-05 21:22:37,GCRClassic
2024-04-05 21:22:37,xponentcrisis
2024-04-05 21:22:37,FiixMechanics
2024-04-05 21:22:37,abT4q0kNzV
2024-04-05 21:22:37,frothcity
2024-04-05 21:22:37,NFL
2024-04-05 21:22:37,MogCoinEth
2024-04-05 21:22:37,AlphaPriest777
2024-04-05 21:22:37,POTUSRAJ
2024-04-05 21:22:37,0xPolygonID
2024-04-05 21:22:37,fabric_vc
2024-04-05 21:22:37,lovethewired
2024-04-05 21:22:37,search?q=%24MOG&src=cashtag_click
2024-04-05 21:22:37,TensorplexLabs
2024-04-05 21:22:37,StabilityAI
2024-04-05 21:22:37,UbiquityDAO
2024-04-05 21:22:37,joincommonwlth
2024-04-05 21:22:37,k0NBfNT5t3
2024-04-05 21:22:37,spicyTunaR0ll
2024-04-05 21:22:37,coinbase
2024-04-05 21:22:37,Kennethstweets
2024-04-05 21:22:37,ahansjee
2024-04-05 21:22:37,doctorgm_01123
2024-04-05 21:22:37,aoTheComputer
2024-04-05 21:22:37,tryphosphor
2024-04-05 21:22:37,zYHswq0o3T
2024-04-05 21:22:37,DapperLabs
2024-04-05 21:22:37,opolis
2024-04-05 21:22:37,merschmax_
2024-04-05 21:22:37,Darkfarms1
2024-04-05 21:22:37,ScienceDotIO
2024-04-05 21:22:37,lepuppeteerfou
2024-04-05 21:22:37,lastdotnet
2024-04-05 21:22:37,taykendesign
2024-04-05 21:22:37,0xBlockhead
2024-04-05 21:22:37,newlab
2024-04-05 21:22:37,BitcoinPuppets
2024-04-05 21:22:37,Sagaxyz__
2024-04-05 21:22:37,SamsungNEXT
2024-04-05 21:22:37,SuperchargedSMS
2024-04-05 21:22:37,BaseMigrate
2024-04-05 21:22:37,richardmuirhead
2024-04-05 21:22:37,6e1FBfCche
2024-04-05 21:22:37,fuel_network
2024-04-05 21:22:37,cypher_core
2024-04-05 21:22:37,iampaulgrewal
2024-04-05 21:22:37,thejringo
2024-04-05 21:22:37,LayerZero_Labs
2024-04-05 21:22:37,solidityauditor
2024-04-05 21:22:37,MITREcorp
2024-04-05 21:22:37,certik
2024-04-05 21:22:37,blackrockonbase
2024-04-05 21:22:37,100Thieves
2024-04-05 21:22:37,echodotxyz
2024-04-05 21:22:37,FloridaAtlantic
2024-04-05 21:22:37,foamspace
2024-04-05 21:22:37,hetu_protocol
2024-04-05 21:22:37,ClassDojo
2024-04-05 21:22:37,Coinbase
2024-04-05 21:22:37,SamsungNext
2024-04-05 21:22:37,learnonomy
2024-04-05 21:22:37,Plexmark
2024-04-05 21:22:37,dYdX
2024-04-05 21:22:37,manifoldxyz
2024-04-05 21:22:37,FrictionlessEX
2024-04-05 21:22:37,ChandlerGuo
2024-04-05 21:22:37,0xfungha
2024-04-05 21:22:37,trailofbits
2024-04-05 21:22:37,mikednorman
2024-04-05 21:22:37,Consensys
2024-04-05 21:22:37,darryl__yeo
2024-04-05 21:22:37,yzQklWsDlO
2024-04-05 21:22:37,Shopify
2024-04-05 21:22:37,_samcampbell_
2024-04-05 21:22:37,3OJfnUHG57
2024-04-05 21:22:37,1JhctOJYye
2024-04-05 21:22:37,Starknet
2024-04-05 21:22:37,ZainManji
2024-04-05 21:22:37,Lazer_HQ
2024-04-05 21:22:37,radpillcrypto
2024-04-05 21:22:37,wordsforgot
2024-04-08 16:10:57,coinbase
2024-04-08 16:10:57,fuel_network
2024-04-08 16:10:57,NFL
2024-04-08 16:10:57,tryphosphor
2024-04-08 16:10:57,wordsforgot
2024-04-08 16:10:57,nomad_notes
2024-04-08 16:10:57,spicyTunaR0ll
2024-04-08 16:10:57,hetu_protocol
2024-04-08 16:10:57,foamspace
2024-04-08 16:10:57,manifoldxyz
2024-04-08 16:10:57,lastdotnet
2024-04-08 16:10:57,SamsungNEXT
2024-04-08 16:10:57,lovethewired
2024-04-08 16:10:57,Shopify
2024-04-08 16:10:57,aoTheComputer
2024-04-08 16:10:57,cypher_core
2024-04-08 16:10:57,FloridaAtlantic
2024-04-08 16:10:57,SamsungNext
2024-04-08 16:10:57,darryl__yeo
2024-04-08 16:10:57,solidityauditor
2024-04-08 16:10:57,TensorplexLabs
2024-04-08 16:10:57,lepuppeteerfou
2024-04-08 16:10:57,YugaLabs
2024-04-08 16:10:57,xponentcrisis
2024-04-08 16:10:57,echodotxyz
2024-04-08 16:10:57,UbiquityDAO
2024-04-08 16:10:57,Sagaxyz__
2024-04-08 16:10:57,Lazer_HQ
2024-04-08 16:10:57,ethereumdenver
2024-04-08 16:10:57,Starknet
2024-04-08 16:10:57,6e1FBfCche
2024-04-08 16:10:57,frothcity
2024-04-08 16:10:57,3OJfnUHG57
2024-04-08 16:10:57,thejringo
2024-04-08 16:10:57,LayerZero_Labs
2024-04-08 16:10:57,fabric_vc
2024-04-08 16:10:57,certik
2024-04-08 16:10:57,taykendesign
2024-04-08 16:10:57,ZainManji
2024-04-08 16:10:57,DapperLabs
2024-04-08 16:10:57,dYdX
2024-04-08 16:10:57,Darkfarms1
2024-04-08 16:10:57,SuperchargedSMS
2024-04-08 16:10:57,AlphaPriest777
2024-04-08 16:10:57,iampaulgrewal
2024-04-08 16:10:57,mikednorman
2024-04-08 16:10:57,opolis
2024-04-08 16:10:57,FrictionlessEX
2024-04-08 16:10:57,newlab
2024-04-08 16:10:57,Trading_Dojo
2024-04-08 16:10:57,ClassDojo
2024-04-08 16:10:57,ritualnet
2024-04-08 16:10:57,D_nnis_Olfers
2024-04-08 16:10:57,merschmax_
2024-04-08 16:10:57,100Thieves
2024-04-08 16:10:57,_samcampbell_
2024-04-08 16:10:57,0xOnward
2024-04-08 16:10:57,k0NBfNT5t3
2024-04-08 16:10:57,radpillcrypto
2024-04-08 16:10:57,ahansjee
2024-04-08 16:10:57,POTUSRAJ
2024-04-08 16:10:57,FiixMechanics
2024-04-08 16:10:57,doctorgm_01123
2024-04-08 16:10:57,BaseMigrate
2024-04-08 16:10:57,1JhctOJYye
2024-04-08 16:10:57,learnonomy
2024-04-08 16:10:57,BitcoinPuppets
2024-04-08 16:10:57,0xBlockhead
2024-04-08 16:10:57,0xfungha
2024-04-08 16:10:57,yzQklWsDlO
2024-04-08 16:10:57,ScienceDotIO
2024-04-08 16:10:57,ChandlerGuo
2024-04-08 16:10:57,StabilityAI
2024-04-08 16:10:57,trailofbits
2024-04-08 16:10:57,GCRClassic
2024-04-08 16:10:57,Coinbase
2024-04-08 16:10:57,MITREcorp
2024-04-08 16:10:57,joincommonwlth
2024-04-08 16:10:57,abT4q0kNzV
2024-04-08 16:10:57,search?q=%24MOG&src=cashtag_click
2024-04-08 16:10:57,Kennethstweets
2024-04-08 16:10:57,MogCoinEth
2024-04-08 16:10:57,zYHswq0o3T
2024-04-08 16:10:57,Consensys
2024-04-08 16:10:57,Plexmark
2024-04-08 16:10:57,0xPolygonID
2024-04-08 16:10:57,0xfw3
2024-04-08 16:10:57,blackrockonbase
2024-04-08 16:10:57,richardmuirhead
2024-04-17 13:18:18,certik
2024-04-17 13:18:18,eigen_labs
2024-04-17 13:18:18,D_nnis_Olfers
2024-04-17 13:18:18,BaseGeld
2024-04-17 13:18:18,QgwpScAiWh
2024-04-17 13:18:18,puffer_finance
2024-04-17 13:18:18,icebreaker_xyz
2024-04-17 13:18:18,ChandlerGuo
2024-04-17 13:18:18,learnonomy
2024-04-17 13:18:18,0xkydo
2024-04-17 13:18:18,XLonPVTmCL
2024-04-17 13:18:18,abT4q0kNzV
2024-04-17 13:18:18,frothcity
2024-04-17 13:18:18,0xPolygonID
2024-04-17 13:18:18,BaseMigrate
2024-04-17 13:18:18,aoTheComputer
2024-04-17 13:18:18,GCRClassic
2024-04-17 13:18:18,_restaked
2024-04-17 13:18:18,trailofbits
2024-04-17 13:18:18,spicyTunaR0ll
2024-04-17 13:18:18,tryphosphor
2024-04-17 13:18:18,merschmax_
2024-04-17 13:18:18,newlab
2024-04-17 13:18:18,Darkfarms1
2024-04-17 13:18:18,AlphaPriest777
2024-04-17 13:18:18,CryptoHayes
2024-04-17 13:18:18,DapperLabs
2024-04-17 13:18:18,0xOnward
2024-04-17 13:18:18,3Rw9cMqMwq
2024-04-17 13:18:18,AxieTree
2024-04-17 13:18:18,joincommonwlth
2024-04-17 13:18:18,lepuppeteerfou
2024-04-17 13:18:18,FloridaAtlantic
2024-04-17 13:18:18,0xfw3
2024-04-17 13:18:18,EigenLayer
2024-04-17 13:18:18,ethereumdenver
2024-04-17 13:18:18,lastdotnet
2024-04-17 13:18:18,Coinbase
2024-04-17 13:18:18,Consensys
2024-04-17 13:18:18,100Thieves
2024-04-17 13:18:18,blackrockonbase
2024-04-17 13:18:18,nativelabs_
2024-04-17 13:18:18,Shopify
2024-04-17 13:18:18,solidityauditor
2024-04-17 13:18:18,modular
2024-04-17 13:18:18,BitcoinPuppets
2024-04-17 13:18:18,UbiquityDAO
2024-04-17 13:18:18,ClassDojo
2024-04-17 13:18:18,opolis
2024-04-17 13:18:18,FiixMechanics
2024-04-17 13:18:18,FrictionlessEX
2024-04-17 13:18:18,cypher_core
2024-04-17 13:18:18,POTUSRAJ
2024-04-17 13:18:18,YugaLabs
2024-04-17 13:18:18,eigenintern
2024-04-17 13:18:18,nomad_notes
2024-04-17 13:18:18,echodotxyz
2024-04-17 13:18:18,0xfungha
2024-04-17 13:18:18,MITREcorp
2024-04-17 13:18:18,hetu_protocol
2024-04-17 13:18:18,radpillcrypto
2024-04-17 13:18:18,3OJfnUHG57
2024-04-17 13:18:18,Kennethstweets
2024-04-17 13:18:18,taykendesign
2024-04-17 13:18:18,mikednorman
2024-04-17 13:18:18,zYHswq0o3T
2024-04-17 13:18:18,foamspace
2024-04-17 13:18:18,fuel_network
2024-04-17 13:18:18,ZainManji
2024-04-17 13:18:18,Starknet
2024-04-17 13:18:18,MogCoinEth
2024-04-17 13:18:18,ahansjee
2024-04-17 13:18:18,SamsungNext
2024-04-17 13:18:18,RenzoProtocol
2024-04-17 13:18:18,coinbase
2024-04-17 13:18:18,0xtruthboi
2024-04-17 13:18:18,k0NBfNT5t3
2024-04-17 13:18:18,lovethewired
2024-04-17 13:18:18,fabric_vc
2024-04-17 13:18:18,yzQklWsDlO
2024-04-17 13:18:18,Plexmark
2024-04-17 13:18:18,xponentcrisis
2024-04-17 13:18:18,search?q=%24MOG&src=cashtag_click
2024-04-17 13:18:18,SuperchargedSMS
2024-04-17 13:18:18,TensorplexLabs
2024-04-17 13:18:18,Lazer_HQ
2024-04-17 13:18:18,S6DNOodvFe
2024-04-17 13:18:18,themandalore9
2024-04-17 13:18:18,doctorgm_01123
2024-04-17 13:18:18,YtLkLOi8fE
2024-04-17 13:18:18,dj_dao
2024-04-17 13:18:18,iampaulgrewal
2024-04-17 13:18:18,6e1FBfCche
2024-04-17 13:18:18,Jack_Dille
2024-04-17 13:18:18,thejringo
2024-04-17 13:18:18,LayerN_Official
2024-04-17 13:18:18,richardmuirhead
2024-04-17 13:18:18,8Em4SEUeMs
2024-04-17 13:18:18,MaelstromFund
2024-04-17 13:18:18,Trading_Dojo
2024-04-17 13:18:18,NFL
2024-04-17 13:18:18,sznsNFT
2024-04-17 13:18:18,1JhctOJYye
2024-05-03 16:46:44,RandPaul
2024-05-03 16:46:44,eigenfoundation
2024-05-03 16:46:44,dragonfly_xyz
2024-05-03 16:46:44,1HiveOrg
2024-05-03 16:46:44,cryptodatabytes
2024-05-03 16:46:44,1kxnetwork
2024-05-03 16:46:44,akshat_hk
2024-05-03 16:46:44,Penn
2024-05-03 16:46:44,Vacp2p
2024-05-03 16:46:44,PanteraCapital
2024-05-03 16:46:44,SenateFinance
2024-05-03 16:46:44,greenpillnet
2024-05-03 16:46:44,F6XmPU61WA
2024-05-03 16:46:44,Wharton
2024-05-03 16:46:44,RonWyden
2024-05-03 16:46:44,SenMikeLee
2024-05-03 16:46:44,TokensoftInc
2024-05-03 16:46:44,WydenPress
2024-05-03 16:46:44,archetypevc
2024-05-03 16:46:44,pMEx2wbhDp
2024-05-03 16:46:44,Waku_org
2024-05-03 16:46:44,BitMEX
2024-05-03 16:46:44,JudiciaryDems
2024-05-03 16:46:44,duneanalytics
2024-05-03 16:46:44,ZircuitL2
2024-05-03 16:46:44,andrewhong5297
2024-05-03 16:46:44,Codex_storage
2024-05-03 16:46:44,cryptothegame_
2024-05-03 16:46:44,eigenlayer
2024-05-03 16:46:44,SenatorDurbin
2024-05-03 16:46:44,shingaithornton
2024-05-03 16:46:44,Nomos_tech
2024-05-03 16:46:44,Logos_network
2024-05-03 16:46:44,valeryz
2024-05-08 17:00:27,loltyler1
2024-05-08 17:00:27,SpearbitDAO
2024-05-08 17:00:27,camiinthisthang
2024-05-08 17:00:27,paradigm
2024-05-08 17:00:27,search?q=%24ezETH&src=cashtag_click
2024-05-08 17:00:27,NxI0l6XcD1
2024-05-08 17:00:27,XLonPVSONd
2024-05-08 17:00:27,wnBgp3Du0r
2024-05-08 17:00:27,berachain
2024-05-08 17:00:27,memekektech
2024-05-08 17:00:27,tD4F3jaqFm
2024-05-08 17:00:27,code4rena
2024-05-08 17:00:27,0xleastwood
2024-05-08 17:00:27,search?q=%24REZ&src=cashtag_click
2024-05-08 17:00:27,tjVgP7YlfQ
2024-05-10 16:03:53,332NmFqypz
2024-05-10 16:03:53,tjVgP7YT5o
2024-05-15 13:34:17,kNi81wm4sP
2024-05-15 13:34:17,interndao
2024-05-15 13:34:17,blockworksres
2024-05-15 13:34:17,ionprotocol
2024-05-15 13:34:17,m2iA9JjbQR
2024-05-15 13:34:17,BlockworksRes
2024-05-15 13:34:17,LRTintern
2024-05-15 13:34:17,0xresearch
2024-05-15 13:34:17,0xResearch
2024-05-15 13:34:17,tripleboccaccio
2024-05-20 19:43:45,MIT
2024-05-20 19:43:45,benhwx
2024-05-20 19:43:45,zk_bowen
2024-05-20 19:43:45,snxambassadors
2024-05-20 19:43:45,ccatalini
2024-05-20 19:43:45,jokerace_io
2024-05-20 19:43:45,cryptocom
2024-05-20 19:43:45,j7Fp3u6RBk
2024-05-20 19:43:45,WestieCapital
2024-05-20 19:43:45,jpmorgan
2024-05-20 19:43:45,citi
2024-05-20 19:43:45,Lightspark
