2024-04-05 21:34:11,dom_lucre
2024-04-05 21:34:11,unit_410
2024-04-05 21:34:11,BodoggosNFT
2024-04-05 21:34:11,chrisgford
2024-04-05 21:34:11,MakerDAO
2024-04-05 21:34:11,Newmangrp
2024-04-05 21:34:11,d00bai
2024-04-05 21:34:11,blocmatesdotcom
2024-04-05 21:34:11,BTNNetwk
2024-04-05 21:34:11,karan4d
2024-04-05 21:34:11,ycombinator
2024-04-05 21:34:11,capxfi
2024-04-05 21:34:11,allnick
2024-04-05 21:34:11,search?q=%24AIOZ&src=cashtag_click
2024-04-05 21:34:11,frame_xyz
2024-04-05 21:34:11,AIOZNetwork
2024-04-05 21:34:11,RiversidedotFM
2024-04-05 21:34:11,FractionAI_xyz
2024-04-05 21:34:11,BinanceLabs
2024-04-05 21:34:11,silkysignon
2024-04-05 21:34:11,Google
2024-04-05 21:34:11,withvana
2024-04-05 21:34:11,CosimoCapital
2024-04-05 21:34:11,BanklessVC
2024-04-05 21:34:11,earngather
2024-04-05 21:34:11,banklesshq
2024-04-05 21:34:11,opscientia
2024-04-05 21:34:11,saranormous
2024-04-05 21:34:11,snowmaker
2024-04-05 21:34:11,NousResearch
2024-04-05 21:34:11,search?q=%24DEGEN&src=cashtag_click
2024-04-05 21:34:11,MichaelZski
2024-04-05 21:34:11,niftyportal
2024-04-05 21:34:11,QkCog6MLEK
2024-04-05 21:34:11,theemozilla
2024-04-05 21:34:11,hebbianloop
2024-04-05 21:34:11,dcdao_
2024-04-05 21:34:11,sharvilmalik
2024-04-05 21:34:11,mustached0
2024-04-05 21:34:11,alloranetwork
2024-04-05 21:34:11,UCL
2024-04-05 21:34:11,nasa
2024-04-05 21:34:11,visavishesh
2024-04-05 21:34:11,OscarHealth
2024-04-05 21:34:11,cyberFund_
2024-04-05 21:34:11,OKX_Ventures
2024-04-05 21:34:11,IOSGVC
2024-04-05 21:34:11,Figure_robot
2024-04-05 21:34:11,w_conviction
2024-04-05 21:34:11,nopriorspod
2024-04-05 21:34:11,newmancapitalvc
2024-04-05 21:34:11,nakamining
2024-04-05 21:34:11,keenanolsen
2024-04-05 21:34:11,upshothq
2024-04-05 21:34:11,tsarnick
2024-04-05 21:34:11,0xai_dev
2024-04-05 21:34:11,cryptonary
2024-04-05 21:34:11,563defi
2024-04-05 21:34:11,anna_kazlauskas
2024-04-05 21:34:11,aizel_network
2024-04-05 21:34:11,0xholonym
2024-04-05 21:34:11,CryptoBateman_
2024-04-05 21:34:11,degentokenbase
2024-04-05 21:34:11,stonybrooku
2024-04-05 21:34:11,inflection
2024-04-05 21:34:11,superteamAE
2024-04-05 21:34:11,artofkot
2024-04-05 21:34:11,jasminervaa
2024-04-05 21:34:11,vFZF03OlUR
2024-04-05 21:34:11,Stake_Stone
2024-04-05 21:34:11,Figment_io
2024-04-05 21:34:11,5bGZ0lMjNs
2024-04-05 21:34:11,spaceandtimedb
2024-04-05 21:34:11,max_paperclips
2024-04-05 21:34:11,momir_amidzic
2024-04-05 21:34:11,MocaverseNFT
2024-04-05 21:34:11,ctMrHWQah2
2024-04-05 21:34:11,0xCygaar
2024-04-05 21:34:11,nalin
2024-04-05 21:34:11,pjXgAFwMsL
2024-04-05 21:34:11,sP2ERhVWf5
2024-04-05 21:34:11,PwgYCwfWIx
2024-04-05 21:34:11,DAR_crypto
2024-04-05 21:34:11,adriannewman21
2024-04-05 21:34:11,cryptotownpod
2024-04-05 21:34:11,chiefbuidl
2024-04-08 16:15:18,MakerDAO
2024-04-08 16:15:18,OscarHealth
2024-04-08 16:15:18,aizel_network
2024-04-08 16:15:18,Figure_robot
2024-04-08 16:15:18,hebbianloop
2024-04-08 16:15:18,sharvilmalik
2024-04-08 16:15:18,search?q=%24AIOZ&src=cashtag_click
2024-04-08 16:15:18,karan4d
2024-04-08 16:15:18,Google
2024-04-08 16:15:18,pjXgAFwMsL
2024-04-08 16:15:18,MarlinProtocol
2024-04-08 16:15:18,withvana
2024-04-08 16:15:18,stonybrooku
2024-04-08 16:15:18,ycombinator
2024-04-08 16:15:18,artofkot
2024-04-08 16:15:18,sP2ERhVWf5
2024-04-08 16:15:18,anna_kazlauskas
2024-04-08 16:15:18,ArkhamIntel
2024-04-08 16:15:18,dom_lucre
2024-04-08 16:15:18,BodoggosNFT
2024-04-08 16:15:18,inflection
2024-04-08 16:15:18,capxfi
2024-04-08 16:15:18,QkCog6MLEK
2024-04-08 16:15:18,blocmatesdotcom
2024-04-08 16:15:18,adriannewman21
2024-04-08 16:15:18,snowmaker
2024-04-08 16:15:18,nakamining
2024-04-08 16:15:18,d00bai
2024-04-08 16:15:18,superteamAE
2024-04-08 16:15:18,CryptoBateman_
2024-04-08 16:15:18,vFZF03OlUR
2024-04-08 16:15:18,NousResearch
2024-04-08 16:15:18,theemozilla
2024-04-08 16:15:18,momir_amidzic
2024-04-08 16:15:18,nasa
2024-04-08 16:15:18,ctMrHWQah2
2024-04-08 16:15:18,nopriorspod
2024-04-08 16:15:18,newmancapitalvc
2024-04-08 16:15:18,jasminervaa
2024-04-08 16:15:18,keenanolsen
2024-04-08 16:15:18,opscientia
2024-04-08 16:15:18,Figment_io
2024-04-08 16:15:18,frame_xyz
2024-04-08 16:15:18,563defi
2024-04-08 16:15:18,cryptotownpod
2024-04-08 16:15:18,MocaverseNFT
2024-04-08 16:15:18,cyberFund_
2024-04-08 16:15:18,max_paperclips
2024-04-08 16:15:18,mustached0
2024-04-08 16:15:18,alloranetwork
2024-04-08 16:15:18,degentokenbase
2024-04-08 16:15:18,Stake_Stone
2024-04-08 16:15:18,tsarnick
2024-04-08 16:15:18,visavishesh
2024-04-08 16:15:18,BTNNetwk
2024-04-08 16:15:18,tiagosada
2024-04-08 16:15:18,Newmangrp
2024-04-08 16:15:18,RiversidedotFM
2024-04-08 16:15:18,w_conviction
2024-04-08 16:15:18,DAR_crypto
2024-04-08 16:15:18,spaceandtimedb
2024-04-08 16:15:18,0xCygaar
2024-04-08 16:15:18,cryptonary
2024-04-08 16:15:18,dcdao_
2024-04-08 16:15:18,5bGZ0lMjNs
2024-04-08 16:15:18,0xholonym
2024-04-08 16:15:18,banklesshq
2024-04-08 16:15:18,PwgYCwfWIx
2024-04-08 16:15:18,saranormous
2024-04-08 16:15:18,OKX_Ventures
2024-04-08 16:15:18,UCL
2024-04-08 16:15:18,chrisgford
2024-04-08 16:15:18,worldcoin
2024-04-08 16:15:18,BanklessVC
2024-04-08 16:15:18,search?q=%24DEGEN&src=cashtag_click
2024-04-08 16:15:18,IOSGVC
2024-04-08 16:15:18,FractionAI_xyz
2024-04-08 16:15:18,BullpenFi
2024-04-08 16:15:18,niftyportal
2024-04-08 16:15:18,silkysignon
2024-04-08 16:15:18,0xai_dev
2024-04-08 16:15:18,unit_410
2024-04-08 16:15:18,MichaelZski
2024-04-08 16:15:18,AIOZNetwork
2024-04-08 16:15:18,BinanceLabs
2024-04-08 16:15:18,earngather
2024-04-08 16:15:18,chiefbuidl
2024-04-08 16:15:18,CosimoCapital
2024-04-08 16:15:18,allnick
2024-04-08 16:15:18,nalin
2024-04-08 11:57:54,Figure_robot
2024-04-08 11:57:54,aizel_network
2024-04-08 11:57:54,BullpenFi
2024-04-08 11:57:54,dom_lucre
2024-04-08 11:57:54,0xholonym
2024-04-08 11:57:54,Newmangrp
2024-04-08 11:57:54,DAR_crypto
2024-04-08 11:57:54,Google
2024-04-08 11:57:54,nalin
2024-04-08 11:57:54,search?q=%24DEGEN&src=cashtag_click
2024-04-08 11:57:54,momir_amidzic
2024-04-08 11:57:54,niftyportal
2024-04-08 11:57:54,keenanolsen
2024-04-08 11:57:54,QkCog6MLEK
2024-04-08 11:57:54,blocmatesdotcom
2024-04-08 11:57:54,max_paperclips
2024-04-08 11:57:54,ctMrHWQah2
2024-04-08 11:57:54,sP2ERhVWf5
2024-04-08 11:57:54,worldcoin
2024-04-08 11:57:54,MichaelZski
2024-04-08 11:57:54,cryptotownpod
2024-04-08 11:57:54,tsarnick
2024-04-08 11:57:54,Stake_Stone
2024-04-08 11:57:54,artofkot
2024-04-08 11:57:54,allnick
2024-04-08 11:57:54,BinanceLabs
2024-04-08 11:57:54,CryptoBateman_
2024-04-08 11:57:54,BodoggosNFT
2024-04-08 11:57:54,alloranetwork
2024-04-08 11:57:54,5bGZ0lMjNs
2024-04-08 11:57:54,newmancapitalvc
2024-04-08 11:57:54,AIOZNetwork
2024-04-08 11:57:54,cryptonary
2024-04-08 11:57:54,stonybrooku
2024-04-08 11:57:54,BTNNetwk
2024-04-08 11:57:54,vFZF03OlUR
2024-04-08 11:57:54,visavishesh
2024-04-08 11:57:54,dcdao_
2024-04-08 11:57:54,earngather
2024-04-08 11:57:54,563defi
2024-04-08 11:57:54,NousResearch
2024-04-08 11:57:54,sharvilmalik
2024-04-08 11:57:54,ArkhamIntel
2024-04-08 11:57:54,search?q=%24AIOZ&src=cashtag_click
2024-04-08 11:57:54,hebbianloop
2024-04-08 11:57:54,OKX_Ventures
2024-04-08 11:57:54,banklesshq
2024-04-08 11:57:54,adriannewman21
2024-04-08 11:57:54,withvana
2024-04-08 11:57:54,unit_410
2024-04-08 11:57:54,pjXgAFwMsL
2024-04-08 11:57:54,cyberFund_
2024-04-08 11:57:54,silkysignon
2024-04-08 11:57:54,BanklessVC
2024-04-08 11:57:54,tiagosada
2024-04-08 11:57:54,IOSGVC
2024-04-08 11:57:54,MakerDAO
2024-04-08 11:57:54,PwgYCwfWIx
2024-04-08 11:57:54,opscientia
2024-04-08 11:57:54,nasa
2024-04-08 11:57:54,chiefbuidl
2024-04-08 11:57:54,inflection
2024-04-08 11:57:54,RiversidedotFM
2024-04-08 11:57:54,chrisgford
2024-04-08 11:57:54,spaceandtimedb
2024-04-08 11:57:54,anna_kazlauskas
2024-04-08 11:57:54,karan4d
2024-04-08 11:57:54,degentokenbase
2024-04-08 11:57:54,OscarHealth
2024-04-17 13:24:45,Gatling_X
2024-04-17 13:24:45,brincvc
2024-04-17 13:24:45,StarkWareltd
2024-04-17 13:24:45,polychain
2024-04-17 13:24:45,NousResearch
2024-04-17 13:24:45,KTWboP6hk5
2024-04-17 13:24:45,Uniswap
2024-04-17 13:24:45,UselessCrypto
2024-04-17 13:24:45,MSFTResearch
2024-04-17 13:24:45,moojo_xyz
2024-04-17 13:24:45,C9kUZNyPEB
2024-04-17 13:24:45,0xb3d3
2024-04-17 13:24:45,sophon
2024-04-17 13:24:45,BruestleJeremy
2024-04-17 13:24:45,Lhh178sIjq
2024-04-17 13:24:45,viswanathpramod
2024-04-17 13:24:45,ZruvkNIdR3
2024-04-17 13:24:45,nousresearch
2024-04-17 13:24:45,Realms_DAOs
2024-04-17 13:24:45,cronos_labs
2024-04-17 13:24:45,ATXDAO
2024-04-17 13:24:45,2kozLmBTE0
2024-04-17 13:24:45,ammori
2024-04-17 13:24:45,spark_ren
2024-04-17 13:24:45,CastleIslandVC
2024-04-17 13:24:45,natfriedman
2024-04-17 13:24:45,EthosVentures
2024-04-17 13:24:45,artoriatech
2024-04-17 13:24:45,SolanaLabs
2024-04-17 13:24:45,thejackiedutton
2024-04-17 13:24:45,theblockcrunch
2024-04-17 13:24:45,SymbioteSync
2024-04-17 13:24:45,wizpycqwQG
2024-04-17 13:24:45,shivani_3000
2024-04-17 13:24:45,gevulot_network
2024-04-17 13:24:45,0xMogluc
2024-04-17 13:24:45,decryptmedia
2024-04-17 13:24:45,novi
2024-04-17 13:24:45,bybit_official
2024-04-17 13:24:45,museumofcrypto
2024-04-17 13:24:45,googleai
2024-04-17 13:24:45,SOclSu6aW8
2024-04-17 13:24:45,cryptoian
2024-04-17 13:24:45,inter4pod
2024-04-17 13:24:45,OsJsgcTl2D
2024-04-17 13:24:45,agrippasoft
2024-04-17 13:24:45,kojii_ai
2024-04-17 13:24:45,ionet
2024-04-17 13:24:45,search?q=%24PONKE&src=cashtag_click
2024-04-17 13:24:45,chapterone
2024-04-17 13:24:45,ShytoshiKusama
2024-04-17 13:24:45,9zdS4swCj8
2024-04-17 13:24:45,qinzytech
2024-04-17 13:24:45,TalusNetwork
2024-04-17 13:24:45,VirtualBacon0x
2024-04-17 13:24:45,MIT
2024-04-17 13:24:45,PyNn28IHoQ
2024-04-17 13:24:45,ShinkaiProtocol
2024-04-17 13:24:45,instagram
2024-04-17 13:24:45,GoogleCloud
2024-04-17 13:24:45,TAO_Validator
2024-04-17 13:24:45,Galadriel_AI
2024-04-17 13:24:45,heurist_ai
2024-04-17 13:24:45,memetrendbot
2024-04-17 13:24:45,myshell_ai
2024-04-17 13:24:45,RenzoProtocol
2024-04-17 13:24:45,HeslinKim
2024-04-17 13:24:45,avax
2024-04-17 13:24:45,6EKaPMNiwU
2024-04-17 13:24:45,harvardblockchain
2024-04-17 13:24:45,GuthL
2024-04-17 13:24:45,BSCNews
2024-04-17 13:24:45,wharton
2024-04-17 13:24:45,theSamPadilla
2024-04-17 13:24:45,usv
2024-04-17 13:24:45,lawmaster
2024-04-17 13:24:45,moonwellDeFi
2024-04-17 13:24:45,QT2aQjrQZq
2024-04-17 13:24:45,ponkesol
2024-04-17 13:24:45,cv_labs
2024-04-17 13:24:45,tokensoftinc
2024-04-17 13:24:45,0xHushky
2024-04-17 13:24:45,republiccrypto
2024-04-17 13:24:45,Stanford
2024-04-17 13:24:45,tezosfoundation
2024-04-17 13:24:45,0xDesigner
2024-04-17 13:24:45,Momentum_6
2024-04-17 13:24:45,RogerJStoneJr
2024-04-17 13:24:45,LucasKozinski
2024-04-17 13:24:45,StudioMilitary
2024-04-17 13:24:45,RISCZero
2024-04-17 13:24:45,meta
2024-04-17 13:24:45,menemazarakis
2024-05-03 16:50:34,robbiepetersen_
2024-05-03 16:50:34,PrimeIntellect
2024-05-03 16:50:34,mistdev3
2024-05-03 16:50:34,RichJWidmann
2024-05-03 16:50:34,metaai
2024-05-03 16:50:34,Huobiglobal
2024-05-03 16:50:34,MartinShkreli
2024-05-03 16:50:34,rOpfWgElhH
2024-05-03 16:50:34,PrincetonCITP
2024-05-03 16:50:34,discord
2024-05-03 16:50:34,Zesy7cVr0z
2024-05-03 16:50:34,haikoxyz
2024-05-03 16:50:34,huemin_art
2024-05-03 16:50:34,BinanceUS
2024-05-03 16:50:34,9TF9m3AbIc
2024-05-03 16:50:34,fwboPIDUNa
2024-05-03 16:50:34,Aleph__Alpha
2024-05-03 16:50:34,anoma
2024-05-03 16:50:34,StanfordSVL
2024-05-03 16:50:34,wordsforgot
2024-05-03 16:50:34,wagonhq
2024-05-03 16:50:34,hd_diversity
2024-05-03 16:50:34,delphi_digital
2024-05-03 16:50:34,worldcoin
2024-05-03 16:50:34,absinthe_labs
2024-05-03 16:50:34,zsF8CRVin4
2024-05-03 16:50:34,mixpanel
2024-05-03 16:50:34,MistralAI
2024-05-03 16:50:34,tszzl
2024-05-03 16:50:34,stoicsavage
2024-05-03 16:50:34,JvxSy9X0Ji
2024-05-03 16:50:34,StanfordMed
2024-05-03 16:50:34,a16z
2024-05-03 16:50:34,namada
2024-05-03 16:50:34,johannes_hage
2024-05-03 16:50:34,Tesla
2024-05-03 16:50:34,Daus8885
2024-05-03 16:50:34,jpthor89
2024-05-03 16:50:34,ResearchNothing
2024-05-03 16:50:34,getgrass_io
2024-05-03 16:50:34,vanishree_rao
2024-05-03 16:50:34,gatekeep_labs
2024-05-03 16:50:34,LumaAI
2024-05-03 16:50:34,Google
2024-05-03 16:50:34,jasonjoyride
2024-05-03 16:50:34,awasunyin
2024-05-03 16:50:34,DuU6MMqcgQ
2024-05-03 16:50:34,th2giQiV9y
2024-05-03 16:50:34,InputOutputHK
2024-05-03 16:50:34,MinaProtocol
2024-05-03 16:50:34,lifiprotocol
2024-05-03 16:50:34,jeff_weinstein
2024-05-03 16:50:34,ebunker_eth
2024-05-03 16:50:34,AIatMeta
2024-05-03 16:50:34,AravSrinivas
2024-05-03 16:50:34,Extropic_AI
2024-05-03 16:50:34,ryanmcnutty33
2024-05-03 16:50:34,relayercapital
2024-05-03 16:50:34,jumperexchange
2024-05-03 16:50:34,partyhatDAO
2024-05-03 16:50:34,random_walker
2024-05-03 16:50:34,search?q=%24BTC&src=cashtag_click
2024-05-03 16:50:34,coinfund_io
2024-05-03 16:50:34,playground_ai
2024-05-03 16:50:34,guDR0d4IA7
2024-05-03 16:50:34,hanzthehuman
2024-05-03 16:50:34,winglian
2024-05-03 16:50:34,AethirCloud
2024-05-03 16:50:34,box
2024-05-03 16:50:34,0xdc92
2024-05-03 16:50:34,0xDonnaXo
2024-05-03 16:50:34,Gim7EpuxVw
2024-05-03 16:50:34,sequoia
2024-05-03 16:50:34,Suhail
2024-05-03 16:50:34,NorthislandVC
2024-05-03 16:50:34,sphereone_
2024-05-03 16:50:34,ByteNano
2024-05-03 16:50:34,chiefaioffice
2024-05-03 16:50:34,Snowden
2024-05-03 16:50:34,stripe
2024-05-03 16:50:34,CoinbaseWallet
2024-05-03 16:50:34,Scale_AI
2024-05-03 16:50:34,hyperpublic
2024-05-03 16:50:34,BGy7PdgI6u
2024-05-03 16:50:34,dragonfly_xyz
2024-05-03 16:50:34,AndrewCurran_
2024-05-03 16:50:34,GauravTdhinait
2024-05-03 16:50:34,IamTalin
2024-05-03 16:50:34,AIWayfinder
2024-05-03 16:50:34,perplexity_ai
2024-05-03 16:50:34,oMIiyJcIzk
2024-05-03 16:50:34,0x_Allending
2024-05-03 16:50:34,arjunnchand
2024-05-03 16:50:34,navigate_ai
2024-05-03 16:50:34,YGBBn5y29Q
2024-05-03 16:50:34,russelljkaplan
2024-05-03 16:50:34,gui_penedo
2024-05-03 16:50:34,3ni1V4rI9w
2024-05-03 16:50:34,_kaitoai
2024-05-03 16:50:34,astranis
2024-05-03 16:50:34,ethereum
2024-05-03 16:50:34,0xHutch
2024-05-03 16:50:34,stackdotso
2024-05-03 16:50:34,29LWayoT1O
2024-05-03 16:50:34,omron_ai
2024-05-03 16:50:34,alt_layer
2024-05-03 16:50:34,groupon
2024-05-03 16:50:34,AustinBarack
2024-05-03 16:50:34,sg7zNv5yxF
2024-05-03 16:50:34,axolotl_ai
2024-05-03 16:50:34,SidleyLaw
2024-05-03 16:50:34,AnjneyMidha
2024-05-03 16:50:34,binance
2024-05-03 16:50:34,OrdinalsNFT
2024-05-03 16:50:34,lzin5ByH0t
2024-05-03 16:50:34,ubiquity6
2024-05-03 16:50:34,starzqeth
2024-05-08 17:02:02,HuggingFace
2024-05-08 17:02:02,Gradio
2024-05-08 17:02:02,SteakCapital
2024-05-08 17:02:02,yacineMTB
2024-05-08 17:02:02,themqdao
2024-05-08 17:02:02,safaryclub
2024-05-08 17:02:02,Rock_it_Will
2024-05-08 17:02:02,kuzco_xyz
2024-05-08 17:02:02,Ar_Douillard
2024-05-08 17:02:02,chainflip
2024-05-08 17:02:02,pWRBfY8kn2
2024-05-08 17:02:02,wonderaofficial
2024-05-08 17:02:02,q2Qoey80Gx
2024-05-08 17:02:02,ggerganov
2024-05-08 17:02:02,finkd
2024-05-08 17:02:02,3my1z1Azzk
2024-05-08 17:02:02,biconomy
2024-05-08 17:02:02,wiIIiamrobinson
2024-05-08 17:02:02,RrhaQQXEOO
2024-05-08 17:02:02,dingboard_
2024-05-08 17:02:02,Castle__Cap
2024-05-08 17:02:02,BPLxPxrZhZ
2024-05-08 17:02:02,zerokn0wledge_
2024-05-08 17:02:02,RedactedRes
2024-05-08 17:02:02,kernel0x
2024-05-08 17:02:02,arnav_vohra
2024-05-08 17:02:02,nibblnft
2024-05-08 17:02:02,RichardSSutton
2024-05-08 17:02:02,gnosisdao
2024-05-08 17:02:02,6glejkHwE4
2024-05-08 17:02:02,muasIr0PuD
2024-05-08 17:02:02,GUy99qMi2O
2024-05-08 17:02:02,zilliqa
2024-05-08 17:02:02,0xmadisonn
2024-05-08 17:02:02,0xai_dev
2024-05-08 17:02:02,modularmedia_
2024-05-08 17:02:02,QsvfjTwcyX
2024-05-08 17:02:02,sorellalabs
2024-05-08 17:02:02,CudisWellness
2024-05-08 17:02:02,_akhaliq
2024-05-08 17:02:02,chainml_
2024-05-08 17:02:02,robotventures
2024-05-08 19:30:59,IsomorphicLabs
2024-05-08 19:30:59,sundarpichai
2024-05-08 19:30:59,demishassabis
2024-05-08 19:30:59,GoogleDeepMind
2024-05-09 16:59:09,KrakenFX
2024-05-09 16:59:09,BougeyBaby
2024-05-09 16:59:09,WillkieFarr
2024-05-09 16:59:09,crypto_council
2024-05-09 16:59:09,_jikim
2024-05-09 16:59:09,sinahab
2024-05-09 16:59:09,_chachaleo
2024-05-09 16:59:09,MarioNawfal
2024-05-09 16:59:09,InvestPR
2024-05-09 16:59:09,Gemini
2024-05-10 16:05:22,milewapr
2024-05-10 16:05:22,Visary_
2024-05-10 16:05:22,Gateway_xyz
2024-05-10 16:05:22,rps_labs
2024-05-10 16:05:22,richardkingxyz
2024-05-10 16:05:22,tomo_social
2024-05-10 16:05:22,Nukri_Super
2024-05-10 16:05:22,AWS
2024-05-10 16:05:22,websim_ai
2024-05-10 16:05:22,mlfoundry
2024-05-10 16:05:22,orangeDAOxyz
2024-05-10 16:05:22,siddrrsh
2024-05-10 16:05:22,Lux_Capital
2024-05-10 16:05:22,paloaltontwks
2024-05-10 16:05:22,stanfordGSB
2024-05-10 16:05:22,AyyanERahman
2024-05-10 16:05:22,bryan_johnson
2024-05-10 16:05:22,erasmusuni
2024-05-10 16:05:22,super__protocol
2024-05-15 13:35:38,mavprotocol
2024-05-15 13:35:38,SCSatCMU
2024-05-15 13:35:38,polynoamial
2024-05-15 13:35:38,gently_com
2024-05-15 13:35:38,standwithcrypto
2024-05-15 13:35:38,PJFWG45ASw
2024-05-15 13:35:38,CoinFund_io
2024-05-15 13:35:38,CryptoUKAssoc
2024-05-15 13:35:38,gmw_art
2024-05-15 13:35:38,UniofOxford
2024-05-15 13:35:38,shayne_coplan
2024-05-15 13:35:38,TeanaTaylor
2024-05-15 13:35:38,TheoriqAI
2024-05-15 13:35:38,TryVenice
2024-05-15 13:35:38,LiamFedus
2024-05-15 13:35:38,dydx
2024-05-15 13:35:38,forbes
2024-05-15 13:35:38,ivo_crnkovic
2024-05-15 13:35:38,BottoDAO
2024-05-15 13:35:38,samuel_spitz
2024-05-15 13:35:38,Bob_Baxley
2024-05-15 13:35:38,BZwnKIUY24
2024-05-15 13:35:38,__DeFi__
2024-05-15 13:35:38,Polymarket
2024-05-15 13:35:38,einar_hb
2024-05-15 13:35:38,OpenAI
2024-05-20 19:45:22,deep_chem
2024-05-20 19:45:22,clairekart
2024-05-20 19:45:22,Hkx6IaA0qx
2024-05-20 19:45:22,7LDcegrCsc
2024-05-20 19:45:22,OReillyMedia
2024-05-20 19:45:22,chargoddard
2024-05-20 19:45:22,intrstllrninja
2024-05-20 19:45:22,WHoS_Whooo
2024-05-20 19:45:22,roycoprotocol
2024-05-20 19:45:22,RiscZero
2024-05-20 19:45:22,MartinatSton
2024-05-20 19:45:22,ZjIQuObQuP
2024-05-20 19:45:22,deepforestsci
2024-05-20 19:45:22,8teAPi
2024-05-20 19:45:22,rbhar90
2024-05-20 19:45:22,2ZZ4nA9fOm
2024-05-20 19:45:22,4gWTj7wCvB
2024-05-20 19:45:22,arcee_ai
2024-05-20 19:45:22,RCPolitics
2024-05-20 19:45:22,stanford
