2024-04-05 21:47:03,andrew_bakst
2024-04-05 21:47:03,TheAPIS_xyz
2024-04-05 21:47:03,evanbfish
2024-04-05 21:47:03,nearcyan
2024-04-05 21:47:03,UMAprotocol
2024-04-05 21:47:03,leptokurtic_
2024-04-05 21:47:03,farbood
2024-04-05 21:47:03,Binance
2024-04-05 21:47:03,TheCryptoBubble
2024-04-05 21:47:03,metadaoproject
2024-04-05 21:47:03,fundao_official
2024-04-05 21:47:03,hal2001
2024-04-05 21:47:03,solflare_wallet
2024-04-05 21:47:03,GoldmanSachs
2024-04-05 21:47:03,jayendra_jog
2024-04-05 21:47:03,ethena_labs
2024-04-05 21:47:03,LightDotSo
2024-04-05 21:47:03,trentdotsol
2024-04-05 21:47:03,conzimp
2024-04-05 21:47:03,HairDAO_
2024-04-05 21:47:03,robotventures
2024-04-05 21:47:03,diogomonica
2024-04-05 21:47:03,_RichardTeng
2024-04-05 21:47:03,Square
2024-04-05 21:47:03,jeffdfeng
2024-04-05 21:47:03,AcrossProtocol
2024-04-05 21:47:03,nicovrg_
2024-04-05 21:47:03,insightpartners
2024-04-05 21:47:03,SquadsProtocol
2024-04-05 21:47:03,0xBalloonLover
2024-04-05 21:47:03,BeakerDAO
2024-04-05 21:47:03,coinbase
2024-04-05 21:47:03,joinsuperlocal
2024-04-05 21:47:03,MetaDAOProject
2024-04-05 21:47:03,devaul
2024-04-05 21:47:03,TardFiWhale
2024-04-05 21:47:03,DriftProtocol
2024-04-05 21:47:03,EclipseFND
2024-04-05 21:47:03,neodyme
2024-04-05 21:47:03,search?q=%24ETH&src=cashtag_click
2024-04-05 21:47:03,CelestiaOrg
2024-04-05 21:47:03,RobinhoodApp
2024-04-05 21:47:03,Anchorage
2024-04-05 21:47:03,DeSciCollective
2024-04-05 21:47:03,neelsalami
2024-04-05 21:47:03,Sei_Labs
2024-04-05 21:47:03,Devon_Eriksen_
2024-04-05 21:47:03,CarryWorm
2024-04-05 21:47:03,planefag
2024-04-05 21:47:03,alexkehr
2024-04-05 21:47:03,weremeow
2024-04-05 21:47:03,rdevaul
2024-04-05 21:47:03,shunkakinoki
2024-04-05 21:47:03,Cerebrum_DAO
2024-04-05 21:47:03,balajis
2024-04-05 21:47:03,cindyleowtt
2024-04-05 21:47:03,anza_xyz
2024-04-05 21:47:03,XNet_Mobile
2024-04-05 21:47:03,bmagierski
2024-04-05 21:47:03,Lightspeedpodhq
2024-04-05 21:47:03,BizCapMngt
2024-04-05 21:47:03,YiAXpq9ylp
2024-04-05 21:47:03,VerbinnenAndrew
2024-04-05 21:47:03,search?q=%24BTC&src=cashtag_click
2024-04-05 21:47:03,HindiRay
2024-04-05 21:47:03,blknoiz06
2024-04-05 21:47:03,dba_crypto
2024-04-05 21:47:03,IdaJwZJCXm
2024-04-05 21:47:03,Docker
2024-04-05 21:47:03,9g1MIgjiqc
2024-04-05 21:47:03,craigclemens
2024-04-05 21:47:03,21ImpactLabs
2024-04-05 21:47:03,portalventures
2024-04-05 21:47:03,metaproph3t
2024-04-05 21:47:03,goldmansachs
2024-04-05 21:47:03,Columbia
2024-04-05 21:47:03,misha_saul
2024-04-05 21:47:03,PropheticAI
2024-04-05 21:47:03,CoinbaseDuck
2024-04-05 21:47:03,GarrettHarper_
2024-04-05 21:47:03,eigenrobot
2024-04-05 21:47:03,nickwh8te
2024-04-05 21:47:03,CircuitTrading_
2024-04-05 21:47:03,3hYfPvBtWh
2024-04-05 21:47:03,nickgraynews
2024-04-05 21:47:03,vidor_solflare
2024-04-05 21:47:03,solanalabs
2024-04-05 21:47:03,jupiterexchange
2024-04-05 21:47:03,L1D_xyz
2024-04-08 16:24:18,solflare_wallet
2024-04-08 16:24:18,neelsalami
2024-04-08 16:24:18,coinbase
2024-04-08 16:24:18,DriftProtocol
2024-04-08 16:24:18,7pKF09iWNu
2024-04-08 16:24:18,CarryWorm
2024-04-08 16:24:18,conzimp
2024-04-08 16:24:18,Anchorage
2024-04-08 16:24:18,search?q=%24ETH&src=cashtag_click
2024-04-08 16:24:18,jupiterexchange
2024-04-08 16:24:18,RobinhoodApp
2024-04-08 16:24:18,_RichardTeng
2024-04-08 16:24:18,UMAprotocol
2024-04-08 16:24:18,misha_saul
2024-04-08 16:24:18,hal2001
2024-04-08 16:24:18,fundao_official
2024-04-08 16:24:18,PropheticAI
2024-04-08 16:24:18,andrew_bakst
2024-04-08 16:24:18,solanalabs
2024-04-08 16:24:18,jeffdfeng
2024-04-08 16:24:18,nickwh8te
2024-04-08 16:24:18,SquadsProtocol
2024-04-08 16:24:18,cindyleowtt
2024-04-08 16:24:18,VerbinnenAndrew
2024-04-08 16:24:18,CoinbaseDuck
2024-04-08 16:24:18,DeSciCollective
2024-04-08 16:24:18,diogomonica
2024-04-08 16:24:18,0xBalloonLover
2024-04-08 16:24:18,Devon_Eriksen_
2024-04-08 16:24:18,shunkakinoki
2024-04-08 16:24:18,Ryanair
2024-04-08 16:24:18,Docker
2024-04-08 16:24:18,eigenrobot
2024-04-08 16:24:18,GarrettHarper_
2024-04-08 16:24:18,HindiRay
2024-04-08 16:24:18,21ImpactLabs
2024-04-08 16:24:18,joinsuperlocal
2024-04-08 16:24:18,Columbia
2024-04-08 16:24:18,GoldmanSachs
2024-04-08 16:24:18,BeakerDAO
2024-04-08 16:24:18,Square
2024-04-08 16:24:18,vidor_solflare
2024-04-08 16:24:18,TheAPIS_xyz
2024-04-08 16:24:18,evanbfish
2024-04-08 16:24:18,Cerebrum_DAO
2024-04-08 16:24:18,Wharton
2024-04-08 16:24:18,trentdotsol
2024-04-08 16:24:18,rdevaul
2024-04-08 16:24:18,BizCapMngt
2024-04-08 16:24:18,nicovrg_
2024-04-08 16:24:18,weremeow
2024-04-08 16:24:18,9g1MIgjiqc
2024-04-08 16:24:18,robotventures
2024-04-08 16:24:18,YiAXpq9ylp
2024-04-08 16:24:18,jayendra_jog
2024-04-08 16:24:18,AcrossProtocol
2024-04-08 16:24:18,alexkehr
2024-04-08 16:24:18,goldmansachs
2024-04-08 16:24:18,leptokurtic_
2024-04-08 16:24:18,metadaoproject
2024-04-08 16:24:18,blknoiz06
2024-04-08 16:24:18,Binance
2024-04-08 16:24:18,askryanair
2024-04-08 16:24:18,dba_crypto
2024-04-08 16:24:18,Sei_Labs
2024-04-08 16:24:18,insightpartners
2024-04-08 16:24:18,farbood
2024-04-08 16:24:18,3hYfPvBtWh
2024-04-08 16:24:18,TheCryptoBubble
2024-04-08 16:24:18,EclipseFND
2024-04-08 16:24:18,craigclemens
2024-04-08 16:24:18,search?q=%24BTC&src=cashtag_click
2024-04-08 16:24:18,MetaDAOProject
2024-04-08 16:24:18,nickgraynews
2024-04-08 16:24:18,LightDotSo
2024-04-08 16:24:18,devaul
2024-04-08 16:24:18,balajis
2024-04-08 16:24:18,Lightspeedpodhq
2024-04-08 16:24:18,CelestiaOrg
2024-04-08 16:24:18,XNet_Mobile
2024-04-08 16:24:18,nearcyan
2024-04-08 16:24:18,bizU3DII97
2024-04-08 16:24:18,anza_xyz
2024-04-08 16:24:18,L1D_xyz
2024-04-08 16:24:18,HairDAO_
2024-04-08 16:24:18,emollick
2024-04-08 16:24:18,metaproph3t
2024-04-08 16:24:18,portalventures
2024-04-08 16:24:18,ethena_labs
2024-04-08 16:24:18,CircuitTrading_
2024-04-08 16:24:18,planefag
2024-04-08 16:24:18,IdaJwZJCXm
2024-04-08 16:24:18,bmagierski
2024-04-08 16:24:18,TardFiWhale
2024-04-08 12:03:49,Anchorage
2024-04-08 12:03:49,nickgraynews
2024-04-08 12:03:49,metadaoproject
2024-04-08 12:03:49,dba_crypto
2024-04-08 12:03:49,trentdotsol
2024-04-08 12:03:49,nicovrg_
2024-04-08 12:03:49,balajis
2024-04-08 12:03:49,anza_xyz
2024-04-08 12:03:49,nickwh8te
2024-04-08 12:03:49,solanalabs
2024-04-08 12:03:49,LightDotSo
2024-04-08 12:03:49,TheCryptoBubble
2024-04-08 12:03:49,andrew_bakst
2024-04-08 12:03:49,Ryanair
2024-04-08 12:03:49,UMAprotocol
2024-04-08 12:03:49,eigenrobot
2024-04-08 12:03:49,nearcyan
2024-04-08 12:03:49,leptokurtic_
2024-04-08 12:03:49,TheAPIS_xyz
2024-04-08 12:03:49,HindiRay
2024-04-08 12:03:49,CelestiaOrg
2024-04-08 12:03:49,XNet_Mobile
2024-04-08 12:03:49,ethena_labs
2024-04-08 12:03:49,TardFiWhale
2024-04-08 12:03:49,insightpartners
2024-04-08 12:03:49,GoldmanSachs
2024-04-08 12:03:49,fundao_official
2024-04-08 12:03:49,CarryWorm
2024-04-08 12:03:49,hal2001
2024-04-08 12:03:49,neelsalami
2024-04-08 12:03:49,metaproph3t
2024-04-08 12:03:49,VerbinnenAndrew
2024-04-08 12:03:49,diogomonica
2024-04-08 12:03:49,bizU3DII97
2024-04-08 12:03:49,search?q=%24BTC&src=cashtag_click
2024-04-08 12:03:49,shunkakinoki
2024-04-08 12:03:49,search?q=%24ETH&src=cashtag_click
2024-04-08 12:03:49,IdaJwZJCXm
2024-04-08 12:03:49,Columbia
2024-04-08 12:03:49,Wharton
2024-04-08 12:03:49,L1D_xyz
2024-04-08 12:03:49,evanbfish
2024-04-08 12:03:49,blknoiz06
2024-04-08 12:03:49,0xBalloonLover
2024-04-08 12:03:49,rdevaul
2024-04-08 12:03:49,farbood
2024-04-08 12:03:49,portalventures
2024-04-08 12:03:49,HairDAO_
2024-04-08 12:03:49,BizCapMngt
2024-04-08 12:03:49,MetaDAOProject
2024-04-08 12:03:49,Square
2024-04-08 12:03:49,7pKF09iWNu
2024-04-08 12:03:49,Docker
2024-04-08 12:03:49,misha_saul
2024-04-08 12:03:49,conzimp
2024-04-08 12:03:49,goldmansachs
2024-04-08 12:03:49,emollick
2024-04-08 12:03:49,devaul
2024-04-08 12:03:49,EclipseFND
2024-04-08 12:03:49,9g1MIgjiqc
2024-04-08 12:03:49,askryanair
2024-04-08 12:03:49,PropheticAI
2024-04-08 12:03:49,AcrossProtocol
2024-04-08 12:03:49,robotventures
2024-04-17 13:31:23,L1D_xyz
2024-04-17 13:31:23,jayendra_jog
2024-04-17 13:31:23,bizU3DII97
2024-04-17 13:31:23,metaproph3t
2024-04-17 13:31:23,Binance
2024-04-17 13:31:23,HairDAO_
2024-04-17 13:31:23,Cerebrum_DAO
2024-04-17 13:31:23,nearcyan
2024-04-17 13:31:23,Anchorage
2024-04-17 13:31:23,VerbinnenAndrew
2024-04-17 13:31:23,eigenrobot
2024-04-17 13:31:23,emollick
2024-04-17 13:31:23,andrew_bakst
2024-04-17 13:31:23,planefag
2024-04-17 13:31:23,YiAXpq9ylp
2024-04-17 13:31:23,ohaiom
2024-04-17 13:31:23,9g1MIgjiqc
2024-04-17 13:31:23,UMAprotocol
2024-04-17 13:31:23,diogomonica
2024-04-17 13:31:23,rdevaul
2024-04-17 13:31:23,DeSciCollective
2024-04-17 13:31:23,portalventures
2024-04-17 13:31:23,joinsuperlocal
2024-04-17 13:31:23,CelestiaOrg
2024-04-17 13:31:23,jupiterexchange
2024-04-17 13:31:23,Wharton
2024-04-17 13:31:23,3hYfPvBtWh
2024-04-17 13:31:23,Devon_Eriksen_
2024-04-17 13:31:23,balajis
2024-04-17 13:31:23,7pKF09iWNu
2024-04-17 13:31:23,GarrettHarper_
2024-04-17 13:31:23,AcrossProtocol
2024-04-17 13:31:23,ethena_labs
2024-04-17 13:31:23,PropheticAI
2024-04-17 13:31:23,GoldmanSachs
2024-04-17 13:31:23,EclipseFND
2024-04-17 13:31:23,0xBalloonLover
2024-04-17 13:31:23,craigclemens
2024-04-17 13:31:23,CarryWorm
2024-04-17 13:31:23,vidor_solflare
2024-04-17 13:31:23,conzimp
2024-04-17 13:31:23,Square
2024-04-17 13:31:23,goldmansachs
2024-04-17 13:31:23,trentdotsol
2024-04-17 13:31:23,robotventures
2024-04-17 13:31:23,BeakerDAO
2024-04-17 13:31:23,HindiRay
2024-04-17 13:31:23,insightpartners
2024-04-17 13:31:23,neelsalami
2024-04-17 13:31:23,TheAPIS_xyz
2024-04-17 13:31:23,LightDotSo
2024-04-17 13:31:23,RobinhoodApp
2024-04-17 13:31:23,21ImpactLabs
2024-04-17 13:31:23,Docker
2024-04-17 13:31:23,hal2001
2024-04-17 13:31:23,search?q=%24BTC&src=cashtag_click
2024-04-17 13:31:23,nicovrg_
2024-04-17 13:31:23,farbood
2024-04-17 13:31:23,Ryanair
2024-04-17 13:31:23,askryanair
2024-04-17 13:31:23,SquadsProtocol
2024-04-17 13:31:23,coinbase
2024-04-17 13:31:23,XNet_Mobile
2024-04-17 13:31:23,Lightspeedpodhq
2024-04-17 13:31:23,IdaJwZJCXm
2024-04-17 13:31:23,BizCapMngt
2024-04-17 13:31:23,TardFiWhale
2024-04-17 13:31:23,Columbia
2024-04-17 13:31:23,dba_crypto
2024-04-17 13:31:23,search?q=%24ETH&src=cashtag_click
2024-04-17 13:31:23,CircuitTrading_
2024-04-17 13:31:23,anza_xyz
2024-04-17 13:31:23,weremeow
2024-04-17 13:31:23,bmagierski
2024-04-17 13:31:23,CoinbaseDuck
2024-04-17 13:31:23,DriftProtocol
2024-04-17 13:31:23,evanbfish
2024-04-17 13:31:23,devaul
2024-04-17 13:31:23,solanalabs
2024-04-17 13:31:23,Sei_Labs
2024-04-17 13:31:23,shunkakinoki
2024-04-17 13:31:23,cindyleowtt
2024-04-17 13:31:23,jeffdfeng
2024-04-17 13:31:23,leptokurtic_
2024-04-17 13:31:23,nickwh8te
2024-04-17 13:31:23,_RichardTeng
2024-04-17 13:31:23,fundao_official
2024-04-17 13:31:23,misha_saul
2024-04-17 13:31:23,blknoiz06
2024-04-17 13:31:23,alexkehr
2024-04-17 13:31:23,MetaDAOProject
2024-04-17 13:31:23,solflare_wallet
2024-04-17 13:31:23,TheCryptoBubble
2024-04-17 13:31:23,metadaoproject
2024-05-03 16:55:18,ReFiSummit
2024-05-03 16:55:18,BullpenFi
2024-05-03 16:55:18,CSmipbJ2jV
2024-05-03 16:55:18,shadid_io
2024-05-03 16:55:18,ionet
2024-05-03 16:55:18,rexstjohn
2024-05-03 16:55:18,UIBhxu4bgq
2024-05-08 17:05:42,FeederRotation
2024-05-10 16:08:41,AuronMacintyre
2024-05-10 16:08:41,7aKw6RohuP
2024-05-10 16:08:41,theblaze
2024-05-15 13:39:03,SimkinStepan
2024-05-15 13:39:03,clifford_chance
2024-05-15 13:39:03,heliuslabs
2024-05-15 13:39:03,SquadsLabs
2024-05-15 13:39:03,fusewallet
2024-05-15 13:39:03,tensor_hq
