2024-04-05 23:35:49,SnRl41f4h4
2024-04-05 23:35:49,vocdetox
2024-04-05 23:35:49,EmpireDao
2024-04-05 23:35:49,TXWestCapital
2024-04-05 23:35:49,blockworks_
2024-04-05 23:35:49,MollyJZuckerman
2024-04-05 23:35:49,MFHoz
2024-04-05 23:35:49,search?q=%24BCH&src=cashtag_click
2024-04-05 23:35:49,mjdx31
2024-04-05 23:35:49,tweetsme2day
2024-04-05 23:35:49,nondualrandy
2024-04-05 23:35:49,coinboots
2024-04-05 23:35:49,AiDoCommenting
2024-04-05 23:35:49,Denero_Crypto
2024-04-05 23:35:49,Louise_A_Allen
2024-04-05 23:35:49,Theschoolofher
2024-04-05 23:35:49,nickducoff
2024-04-05 23:35:49,A349ybIh64
2024-04-05 23:35:49,jAnAFYn27D
2024-04-05 23:35:49,snap
2024-04-05 23:35:49,COTInetwork
2024-04-05 23:35:49,linkedin
2024-04-05 23:35:49,NicoleShanahan
2024-04-05 23:35:49,ACJRNetwork
2024-04-05 23:35:49,TheBTCAdviser
2024-04-05 23:35:49,a16zcrypto
2024-04-05 23:35:49,HermitologyLtd
2024-04-05 23:35:49,Red_Pill_US
2024-04-05 23:35:49,Bitwarden
2024-04-05 23:35:49,travelingenes
2024-04-05 23:35:49,JasonReitman
2024-04-05 23:35:49,earthbucks_com
2024-04-05 23:35:49,arcads_ai
2024-04-05 23:35:49,spectatorindex
2024-04-05 23:35:49,austindotxbt
2024-04-05 23:35:49,Solana
2024-04-05 23:35:49,zVecAI9QEk
2024-04-05 23:35:49,ordinalswallet
2024-04-05 23:35:49,lilcherryperez
2024-04-05 23:35:49,GraphFinancials
2024-04-05 23:35:49,X9fLber2fF
2024-04-05 23:35:49,noufsmith
2024-04-05 23:35:49,_minisatoshi
2024-04-05 23:35:49,YAPGlobalTeam
2024-04-05 23:35:49,recostseg
2024-04-05 23:35:49,astronomer_zero
2024-04-05 23:35:49,RedWave_Press
2024-04-05 23:35:49,jojodepinto
2024-04-05 23:35:49,DJFlatWhite
2024-04-05 23:35:49,Blockworks_
2024-04-05 23:35:49,tV8phBdLcr
2024-04-05 23:35:49,0CaszDD6mh
2024-04-05 23:35:49,zXCZs1OWfX
2024-04-05 23:35:49,Bitcoin2Africa
2024-04-05 23:35:49,_bessieliu
2024-04-05 23:35:49,4ET7W0Xf1M
2024-04-05 23:35:49,ishverduzco
2024-04-05 23:35:49,Relai_app
2024-04-05 23:35:49,ces921
2024-04-05 23:35:49,twetchapp
2024-04-05 23:35:49,1VsG0jUq4Q
2024-04-08 17:23:55,EmpireDao
2024-04-08 17:23:55,thakkar_samit
2024-04-08 17:23:55,coinboots
2024-04-08 17:23:55,TheBTCAdviser
2024-04-08 17:23:55,tV8phBdLcr
2024-04-08 17:23:55,ACJRNetwork
2024-04-08 17:23:55,aquaticscom
2024-04-08 17:23:55,zXCZs1OWfX
2024-04-08 17:23:55,Bitcoin2Africa
2024-04-08 17:23:55,ishverduzco
2024-04-08 17:23:55,COTInetwork
2024-04-08 17:23:55,noufsmith
2024-04-08 17:23:55,MFHoz
2024-04-08 17:23:55,snap
2024-04-08 17:23:55,a16zcrypto
2024-04-08 17:23:55,getstream_io
2024-04-08 17:23:55,AaronRDay
2024-04-08 17:23:55,Denero_Crypto
2024-04-08 17:23:55,4ET7W0Xf1M
2024-04-08 17:23:55,linkedin
2024-04-08 17:23:55,NicoleShanahan
2024-04-08 17:23:55,marincountyswim
2024-04-08 17:23:55,Blockworks_
2024-04-08 17:23:55,lilcherryperez
2024-04-08 17:23:55,1rpKYJoIC6
2024-04-08 17:23:55,X9fLber2fF
2024-04-08 17:23:55,A349ybIh64
2024-04-08 17:23:55,HermitologyLtd
2024-04-08 17:23:55,travelingenes
2024-04-08 17:23:55,jimmy_is_here
2024-04-08 17:23:55,1VsG0jUq4Q
2024-04-08 17:23:55,Louise_A_Allen
2024-04-08 17:23:55,spectatorindex
2024-04-08 17:23:55,zVecAI9QEk
2024-04-08 17:23:55,stevecarrera
2024-04-08 17:23:55,TXWestCapital
2024-04-08 17:23:55,RockyBalala
2024-04-08 17:23:55,DJFlatWhite
2024-04-08 17:23:55,MollyJZuckerman
2024-04-08 17:23:55,fewture
2024-04-08 17:23:55,RedWave_Press
2024-04-08 17:23:55,brownstoneinst
2024-04-08 17:23:55,realpeteyb123
2024-04-08 17:23:55,TheRabbitHole84
2024-04-08 17:23:55,austindotxbt
2024-04-08 17:23:55,Theschoolofher
2024-04-08 17:23:55,Jackstrawhat2
2024-04-08 17:23:55,SatsDoji
2024-04-08 17:23:55,YAPGlobalTeam
2024-04-08 17:23:55,jAnAFYn27D
2024-04-08 17:23:55,ces921
2024-04-08 17:23:55,Bitwarden
2024-04-08 17:23:55,Relai_app
2024-04-08 17:23:55,mjdx31
2024-04-08 17:23:55,tweetsme2day
2024-04-08 17:23:55,JasonReitman
2024-04-08 17:23:55,AiDoCommenting
2024-04-17 14:31:56,VHB0E7cJvN
2024-04-17 14:31:56,search?q=%24RSR&src=cashtag_click
2024-04-17 14:31:56,protocollabs
2024-04-17 14:31:56,search?q=%24JEPI&src=cashtag_click
2024-04-17 14:31:56,remote
2024-04-17 14:31:56,search?q=%24MATIC&src=cashtag_click
2024-04-17 14:31:56,search?q=%24Cham&src=cashtag_click
2024-04-17 14:31:56,nIhK7JjSCs
2024-04-17 14:31:56,Sina_21st
2024-04-17 14:31:56,0U1Ki0Ihet
2024-04-17 14:31:56,ViktronDimitri
2024-04-17 14:31:56,SchwarzmanOrg
2024-04-17 14:31:56,search?q=%24ZKML&src=cashtag_click
2024-04-17 14:31:56,insilicotrading
2024-04-17 14:31:56,TimAC6
2024-04-17 14:31:56,vulpemventures
2024-04-17 14:31:56,0N2En2N6ro
2024-04-17 14:31:56,ffdweb
2024-04-17 14:31:56,mala
2024-04-17 14:31:56,PayPal
2024-04-17 14:31:56,hmichellerose
2024-04-17 14:31:56,search?q=%24JNJ&src=cashtag_click
2024-04-17 14:31:56,search?q=%24zKHIVE&src=cashtag_click
2024-04-17 14:31:56,YoSnickerdoodle
2024-04-17 14:31:56,tBrvs8Hpg5
2024-04-17 14:31:56,search?q=%24GLQ&src=cashtag_click
2024-04-17 14:31:56,lightning
2024-04-17 14:31:56,ShaykhSulaiman
2024-04-17 14:31:56,DrJackKruse
2024-04-17 14:31:56,meetarbo
2024-04-17 14:31:56,72Conmhuud
2024-04-17 14:31:56,okeefemedia
2024-04-17 14:31:56,GVDBossche
2024-04-17 14:31:56,search?q=%24O&src=cashtag_click
2024-04-17 14:31:56,W4I1WtqhJY
2024-04-17 14:31:56,CPIWealth
2024-04-17 14:31:56,636jKertY9
2024-04-17 14:31:56,MoNDefense
2024-04-17 14:31:56,rufusdoteth
2024-04-17 14:31:56,JamesOKeefeIII
2024-04-17 14:31:56,CattleandHogs
2024-04-17 14:31:56,origin_trail
2024-04-17 14:31:56,goldenBullRider
2024-04-17 14:31:56,SovereignCarel
2024-04-17 14:31:56,search?q=%24SCHD&src=cashtag_click
2024-04-17 14:31:56,IOCDev
2024-04-17 14:31:56,jamesswiftmail
2024-04-17 14:31:56,search?q=%24VOO&src=cashtag_click
2024-04-17 14:31:56,Gator2Crypto
2024-04-17 14:31:56,tierotiero
2024-04-17 14:31:56,Harvard
2024-04-17 14:31:56,9NRz67BK3k
2024-04-17 14:31:56,PeterMallouk
2024-04-17 14:31:56,uniofoxford
2024-04-17 14:31:56,cYOXxXdzRT
2024-04-17 14:31:56,7Jo49A5dC8
2024-04-17 14:31:56,moeluthra
2024-04-17 14:31:56,search?q=%24IOC&src=cashtag_click
2024-04-17 14:31:56,YStJyP1T1i
2024-04-17 14:31:56,JPadillaCA
2024-04-17 14:31:56,FilFoundation
2024-04-17 14:31:56,intuitio
2024-04-17 14:31:56,2B33MQ1iw6
2024-04-17 14:31:56,filecoin
2024-04-17 14:31:56,MdBreathe
2024-04-17 14:31:56,VelasCommerce
2024-04-17 14:31:56,Solana
2024-04-17 14:31:56,search?q=%24NMT&src=cashtag_click
2024-04-17 14:31:56,search?q=%24HASHAI&src=cashtag_click
2024-04-17 14:31:56,l7RuZPKfcn
2024-04-17 14:31:56,yoSnickerdoodle
2024-04-17 14:31:56,NetmindAi
2024-04-17 14:31:56,ebuxrewards
2024-04-17 14:31:56,search?q=%24ETH&src=cashtag_click
2024-04-17 14:31:56,DSG6gt7ykE
2024-04-17 14:31:56,masbro746542
2024-04-17 14:31:56,BumAarsh
2024-04-17 14:31:56,DelvitApp
2024-04-17 14:31:56,NFTDestin
2024-04-17 14:31:56,Bubblebathgirl
2024-04-17 14:31:56,EFF
2024-04-17 14:31:56,CVeWUARll0
2024-04-17 14:31:56,luka_2022
2024-04-17 14:31:56,ThinkingUSD
2024-04-17 14:31:56,MBjegovic
2024-04-17 14:31:56,fT7mTE2S5m
2024-04-17 14:31:56,Stanford
2024-04-17 14:31:56,OrangeDAOxyz
2024-04-17 14:31:56,Arthur_van_Pelt
2024-04-17 14:31:56,SanJuanBitdevs
2024-04-17 14:31:56,traderric
2024-04-17 14:31:56,Protext_io
2024-05-03 17:20:24,airbnb
2024-05-03 17:20:24,2VoFUVDiao
2024-05-03 17:20:24,JustinTyme__
2024-05-03 17:20:24,frankfurtschool
2024-05-03 17:20:24,Orz0fOyN0Z
2024-05-03 17:20:24,AvonVentures
2024-05-03 17:20:24,sircryptotips
2024-05-03 17:20:24,galaxyhq
2024-05-03 17:20:24,JustXAshton
2024-05-03 17:20:24,simonmolitor
2024-05-03 17:20:24,Molson_Hart
2024-05-03 17:20:24,ambimorph
2024-05-03 17:20:24,digitalsocialid
2024-05-03 17:20:24,coinbase
2024-05-03 17:20:24,superteamBLKN
2024-05-03 17:20:24,FranconvdM
2024-05-03 17:20:24,SwishNFT
2024-05-03 17:20:24,edgeworth_brian
2024-05-03 17:20:24,unbrokenchainGP
2024-05-03 17:20:24,ksicrypto
2024-05-03 17:20:24,CNBC
2024-05-03 17:20:24,intangiblecoins
2024-05-03 17:20:24,Whalesfriend
2024-05-03 17:20:24,trucelayer
2024-05-03 17:20:24,karrisaarinen
2024-05-03 17:20:24,Whataworld22
2024-05-03 17:20:24,hashrateindex
2024-05-03 17:20:24,HijackingBTC
2024-05-03 17:20:24,WkTgAaePHs
2024-05-03 17:20:24,pubkey_nyc
2024-05-03 17:20:24,JuanSGalt
2024-05-03 17:20:24,C0Vf35sWm9
2024-05-03 17:20:24,search?q=%24GME&src=cashtag_click
2024-05-03 17:20:24,JohnReedStark
2024-05-03 17:20:24,linear
2024-05-03 17:20:24,AnZhJUIrBg
2024-05-03 17:20:24,Fidelity
2024-05-03 17:20:24,Geiger_Capital
2024-05-03 17:20:24,ryankcondron
2024-05-03 17:20:24,bitnorbert
2024-05-03 17:20:24,danny_mx
2024-05-03 17:20:24,HelloLumerin
2024-05-03 17:20:24,gbs8gXNNhs
2024-05-03 17:20:24,glxyresearch
2024-05-03 17:20:24,d3XsJEzT4u
2024-05-03 17:20:24,Resource_Evo
2024-05-03 17:20:24,TwM4Q7UNGp
2024-05-03 17:20:24,SirToshiTV
2024-05-03 17:20:24,haidut
2024-05-03 17:20:24,RyanMGiffin
2024-05-03 17:20:24,rodarmor
2024-05-03 17:20:24,l1fxyz
2024-05-03 17:20:24,BomORktp7R
2024-05-03 17:20:24,LuxorTechnology
2024-05-03 17:20:24,Titan_Mining
2024-05-03 17:20:24,MichaelPaulEdw1
2024-05-03 17:20:24,Reuters
2024-05-03 17:20:24,isabelfoxenduke
2024-05-03 17:20:24,bitcoinpark_
2024-05-03 17:20:24,hJp1GRl5pz
2024-05-03 17:20:24,defitalents
2024-05-03 17:20:24,NVENKAT999
2024-05-03 17:20:24,flightradar24
2024-05-03 17:20:24,blockchainchick
2024-05-03 17:20:24,OnrampBitcoin
2024-05-03 17:20:24,exfatloss
2024-05-03 17:20:24,deanslistDAO
2024-05-03 17:20:24,YTrNo7pumv
2024-05-03 17:20:24,davidshattuck8
2024-05-03 17:20:24,search?q=%24GLXY&src=cashtag_click
2024-05-03 17:20:24,Bloomberg
2024-05-03 17:20:24,BitcoinNewsCom
2024-05-03 17:20:24,KetoCarnivore
2024-05-03 17:20:24,WSJ
2024-05-03 17:20:24,m8UqaIZaMC
2024-05-03 17:20:24,FoxNews
2024-05-03 17:20:24,uUmKtsxwHy
2024-05-03 17:20:24,dcsilver
2024-05-03 17:20:24,rl9KbR8iol
2024-05-03 17:20:24,peruvian_bull
2024-05-08 17:29:18,bH6m3YpCAv
2024-05-08 17:29:18,reganbozman
2024-05-08 17:29:18,EasyZabbo
2024-05-08 17:29:18,CryptoSlate
2024-05-08 17:29:18,rsEKGCpRc8
2024-05-08 17:29:18,warinstitute
2024-05-08 17:29:18,superteamDE
2024-05-08 17:29:18,SpencerGuard
2024-05-08 17:29:18,ccisAOtlfX
2024-05-08 17:29:18,watchesio
2024-05-08 17:29:18,Binance
2024-05-08 17:29:18,BrieflyCrypto
2024-05-08 17:29:18,dovemetrics
2024-05-08 17:29:18,lowmegatron
2024-05-08 17:29:18,0xPolygon
2024-05-08 17:29:18,srust99
2024-05-08 17:29:18,Babygravy9
2024-05-08 17:29:18,kindredharvest
2024-05-08 17:29:18,nuonfinance
2024-05-08 17:29:18,Sorenthek
2024-05-08 17:29:18,danclarkie
2024-05-08 17:29:18,GameofTrades_
2024-05-08 17:29:18,antelopehill
2024-05-08 17:29:18,BitGetGlobal
2024-05-08 17:29:18,truflation
2024-05-08 17:29:18,ij9EDOXEgD
2024-05-08 17:29:18,MinneapolisFed
2024-05-08 17:29:18,AngelList
2024-05-08 17:29:18,Gemini
2024-05-08 17:29:18,lattice_fund
2024-05-08 17:29:18,CoinList
2024-05-10 16:28:18,union_build
2024-05-10 16:28:18,Draper_U
2024-05-10 16:28:18,QuasarFi
2024-05-10 16:28:18,BaseD_AO
2024-05-10 16:28:18,TeamDefiGold
2024-05-10 16:28:18,valeyo777
2024-05-15 13:59:31,StealthQE4
2024-05-15 13:59:31,TKLSubscribers
2024-05-15 13:59:31,assfacecapital
2024-05-15 13:59:31,omarkilani
2024-05-15 13:59:31,BitElite17
2024-05-15 13:59:31,waymo
2024-05-15 13:59:31,groqinc
2024-05-15 13:59:31,desmarais_manon
2024-05-15 13:59:31,VultureTrading
2024-05-15 13:59:31,rememberthemilk
2024-05-20 20:09:13,baker2g__
2024-05-20 20:09:13,nickgiva1
2024-05-20 20:09:13,vertex_protocol
2024-05-20 20:09:13,MacroCRG
2024-05-20 20:09:13,WiredApe
2024-05-20 20:09:13,SteveYonezu
2024-05-20 20:09:13,philippilk
2024-05-20 20:09:13,V_ShapeFitness
2024-05-20 20:09:13,WB0In1nRtt
2024-05-20 20:09:13,new_life_crypto
2024-05-20 20:09:13,DrSyedHaider
2024-05-20 20:09:13,HBSAlumni
2024-05-20 20:09:13,i80tIQvFx6
2024-05-20 20:09:13,PrimalBlueprint
2024-05-20 20:09:13,Replit
2024-05-20 20:09:13,DXq3fGc9Wu
2024-05-20 20:09:13,heybej
2024-05-20 20:09:13,DivineManhood
2024-05-20 20:09:13,cgOYR5cb3Q
2024-05-20 20:09:13,dawleyjockey
2024-05-20 20:09:13,MultipolarPod
2024-05-20 20:09:13,jessicacadams
2024-05-20 20:09:13,BCG
2024-05-20 20:09:13,heHmeYg9yr
2024-05-20 20:09:13,Jeff_Burke14
2024-05-20 20:09:13,Mark_Sisson
2024-05-20 20:09:13,GlueAI
2024-05-20 20:09:13,BuenoForMiami
2024-05-20 20:09:13,morellifit
2024-05-20 20:09:13,SFGiants
2024-05-20 20:09:13,2graybeards
2024-05-20 20:09:13,DDbitrades
2024-05-20 20:09:13,NF_Mushrooms
2024-05-20 20:09:13,JoinCrowdHealth
2024-05-20 20:09:13,MIT_alumni
2024-05-20 20:09:13,alonshklarek
2024-05-20 20:09:13,PrimalKitchenCo
