2024-04-05 21:43:39,STFX_IO
2024-04-05 21:43:39,OptimismGov
2024-04-05 21:43:39,PropyInc
2024-04-05 21:43:39,qthomp
2024-04-05 21:43:39,EnterTheMythos
2024-04-05 21:43:39,0xLoveAI
2024-04-05 21:43:39,ritualnet
2024-04-05 21:43:39,jcvzkqi7RK
2024-04-05 21:43:39,zkp2p
2024-04-05 21:43:39,jspujji
2024-04-05 21:43:39,NFL
2024-04-05 21:43:39,hackerhouses
2024-04-05 21:43:39,Second_Lane
2024-04-05 21:43:39,drgurner
2024-04-05 21:43:39,exa_bits
2024-04-05 21:43:39,redstone_defi
2024-04-05 21:43:39,4C5HabrbmB
2024-04-05 21:43:39,MorphoLabs
2024-04-05 21:43:39,safe
2024-04-05 21:43:39,EH1oxypq9r
2024-04-05 21:43:39,Solana
2024-04-05 21:43:39,YbqmeQDMV1
2024-04-05 21:43:39,playmythical
2024-04-05 21:43:39,safegovernance
2024-04-05 21:43:39,alpha_pls
2024-04-05 21:43:39,TNB8wS4dX5
2024-04-05 21:43:39,GatewayX
2024-04-05 21:43:39,lmQAStvqsc
2024-04-05 21:43:39,ether_fi
2024-04-05 21:43:39,PrivacyScaling
2024-04-05 21:43:39,1kxnetwork
2024-04-05 21:43:39,VenusProtocol
2024-04-05 21:43:39,SolanaFndn
2024-04-05 21:43:39,pythianism
2024-04-05 21:43:39,rrrMOqHrDt
2024-04-05 21:43:39,jooKAk4cQv
2024-04-05 21:43:39,GDiah6MkSW
2024-04-05 21:43:39,Sommfinance
2024-04-05 21:43:39,thedefivillain
2024-04-05 21:43:39,orangebook_
2024-04-05 21:43:39,71kXnlMcej
2024-04-05 21:43:39,MetroBoomin
2024-04-05 21:43:39,kOENakvsCL
2024-04-05 21:43:39,im_manderson
2024-04-05 21:43:39,MezoNetwork
2024-04-05 21:43:39,BananaGunBot
2024-04-05 21:43:39,Lekker_Cap
2024-04-05 21:43:39,flow_blockchain
2024-04-05 21:43:39,search?q=%24PRO&src=cashtag_click
2024-04-05 21:43:39,PineAnalytics
2024-04-05 21:43:39,iotex_io
2024-04-05 21:43:39,ethereum
2024-04-05 21:43:39,ebeCPTkeNx
2024-04-05 21:43:39,ampush
2024-04-05 21:43:39,helio_pay
2024-04-05 21:43:39,JColeNC
2024-04-05 21:43:39,q5mHPJDobs
2024-04-05 21:43:39,danftz
2024-04-05 21:43:39,search?q=%24IOTX&src=cashtag_click
2024-04-05 21:43:39,search?q=%24COIN&src=cashtag_click
2024-04-05 21:43:39,pendle_fi
2024-04-05 21:43:39,BVMnetwork
2024-04-05 21:43:39,VSmJpgnuEV
2024-04-05 21:43:39,bidclubio
2024-04-05 21:43:39,karpatkey
2024-04-05 21:43:39,hiFramework
2024-04-05 21:43:39,search?q=%24STFX&src=cashtag_click
2024-04-05 21:43:39,PlayNFLRivals
2024-04-08 16:21:21,exa_bits
2024-04-08 16:21:21,71kXnlMcej
2024-04-08 16:21:21,im_manderson
2024-04-08 16:21:21,safe
2024-04-08 16:21:21,1kxnetwork
2024-04-08 16:21:21,NFL
2024-04-08 16:21:21,flow_blockchain
2024-04-08 16:21:21,jspujji
2024-04-08 16:21:21,pythianism
2024-04-08 16:21:21,jooKAk4cQv
2024-04-08 16:21:21,SolanaFndn
2024-04-08 16:21:21,redstone_defi
2024-04-08 16:21:21,YbqmeQDMV1
2024-04-08 16:21:21,4C5HabrbmB
2024-04-08 16:21:21,orangebook_
2024-04-08 16:21:21,playmythical
2024-04-08 16:21:21,ebeCPTkeNx
2024-04-08 16:21:21,ampush
2024-04-08 16:21:21,jcvzkqi7RK
2024-04-08 16:21:21,hiFramework
2024-04-08 16:21:21,helio_pay
2024-04-08 16:21:21,Solana
2024-04-08 16:21:21,PrivacyScaling
2024-04-08 16:21:21,iotex_io
2024-04-08 16:21:21,BVMnetwork
2024-04-08 16:21:21,GatewayX
2024-04-08 16:21:21,MetroBoomin
2024-04-08 16:21:21,Second_Lane
2024-04-08 16:21:21,zkp2p
2024-04-08 16:21:21,search?q=%24STFX&src=cashtag_click
2024-04-08 16:21:21,MorphoLabs
2024-04-08 16:21:21,qthomp
2024-04-08 16:21:21,MezoNetwork
2024-04-08 16:21:21,TNB8wS4dX5
2024-04-08 16:21:21,VenusProtocol
2024-04-08 16:21:21,lmQAStvqsc
2024-04-08 16:21:21,alpha_pls
2024-04-08 16:21:21,hackerhouses
2024-04-08 16:21:21,search?q=%24IOTX&src=cashtag_click
2024-04-08 16:21:21,BananaGunBot
2024-04-08 16:21:21,Sommfinance
2024-04-08 16:21:21,ritualnet
2024-04-08 16:21:21,rrrMOqHrDt
2024-04-08 16:21:21,ethereum
2024-04-08 16:21:21,q5mHPJDobs
2024-04-08 16:21:21,Lekker_Cap
2024-04-08 16:21:21,drgurner
2024-04-08 16:21:21,EnterTheMythos
2024-04-08 16:21:21,STFX_IO
2024-04-08 16:21:21,JColeNC
2024-04-08 16:21:21,PineAnalytics
2024-04-08 16:21:21,search?q=%24PRO&src=cashtag_click
2024-04-08 16:21:21,search?q=%24COIN&src=cashtag_click
2024-04-08 16:21:21,0xLoveAI
2024-04-08 16:21:21,safegovernance
2024-04-08 16:21:21,kOENakvsCL
2024-04-08 16:21:21,bidclubio
2024-04-08 16:21:21,OptimismGov
2024-04-08 16:21:21,thedefivillain
2024-04-08 16:21:21,VSmJpgnuEV
2024-04-08 16:21:21,GDiah6MkSW
2024-04-08 16:21:21,PropyInc
2024-04-08 16:21:21,EH1oxypq9r
2024-04-08 16:21:21,PlayNFLRivals
2024-04-08 16:21:21,karpatkey
2024-04-08 16:21:21,anza_xyz
2024-04-08 16:21:21,pendle_fi
2024-04-08 16:21:21,danftz
2024-04-08 16:21:21,ether_fi
2024-04-08 12:02:54,qthomp
2024-04-08 12:02:54,YbqmeQDMV1
2024-04-08 12:02:54,4C5HabrbmB
2024-04-08 12:02:54,JColeNC
2024-04-08 12:02:54,helio_pay
2024-04-08 12:02:54,hiFramework
2024-04-08 12:02:54,hackerhouses
2024-04-08 12:02:54,search?q=%24PRO&src=cashtag_click
2024-04-08 12:02:54,playmythical
2024-04-08 12:02:54,0xLoveAI
2024-04-08 12:02:54,PlayNFLRivals
2024-04-08 12:02:54,anza_xyz
2024-04-08 12:02:54,search?q=%24STFX&src=cashtag_click
2024-04-08 12:02:54,MetroBoomin
2024-04-08 12:02:54,safe
2024-04-08 12:02:54,MezoNetwork
2024-04-08 12:02:54,VSmJpgnuEV
2024-04-08 12:02:54,TNB8wS4dX5
2024-04-08 12:02:54,ethereum
2024-04-08 12:02:54,rrrMOqHrDt
2024-04-08 12:02:54,ether_fi
2024-04-08 12:02:54,search?q=%24COIN&src=cashtag_click
2024-04-08 12:02:54,karpatkey
2024-04-08 12:02:54,Second_Lane
2024-04-08 12:02:54,BananaGunBot
2024-04-08 12:02:54,safegovernance
2024-04-08 12:02:54,PropyInc
2024-04-08 12:02:54,ritualnet
2024-04-08 12:02:54,PrivacyScaling
2024-04-08 12:02:54,SolanaFndn
2024-04-08 12:02:54,lmQAStvqsc
2024-04-08 12:02:54,GDiah6MkSW
2024-04-08 12:02:54,pendle_fi
2024-04-08 12:02:54,alpha_pls
2024-04-08 12:02:54,flow_blockchain
2024-04-08 12:02:54,bidclubio
2024-04-08 12:02:54,PineAnalytics
2024-04-08 12:02:54,pythianism
2024-04-08 12:02:54,EnterTheMythos
2024-04-08 12:02:54,im_manderson
2024-04-08 12:02:54,Lekker_Cap
2024-04-08 12:02:54,Sommfinance
2024-04-08 12:02:54,redstone_defi
2024-04-08 12:02:54,kOENakvsCL
2024-04-08 12:02:54,ebeCPTkeNx
2024-04-08 12:02:54,danftz
2024-04-08 12:02:54,jcvzkqi7RK
2024-04-08 12:02:54,exa_bits
2024-04-08 12:02:54,q5mHPJDobs
2024-04-08 12:02:54,NFL
2024-04-08 12:02:54,orangebook_
2024-04-08 12:02:54,zkp2p
2024-04-08 12:02:54,Solana
2024-04-08 12:02:54,STFX_IO
2024-04-08 12:02:54,MorphoLabs
2024-04-08 12:02:54,VenusProtocol
2024-04-08 12:02:54,thedefivillain
2024-04-08 12:02:54,OptimismGov
2024-04-08 12:02:54,BVMnetwork
2024-04-08 12:02:54,1kxnetwork
2024-04-17 13:29:24,ColosseumOrg
2024-04-17 13:29:24,q5mHPJDobs
2024-04-17 13:29:24,Livepeer
2024-04-17 13:29:24,eNMF405eEJ
2024-04-17 13:29:24,AresLabs_xyz
2024-04-17 13:29:24,aevoxyz
2024-04-17 13:29:24,GCRClassic
2024-04-17 13:29:24,mezonetwork
2024-04-17 13:29:24,Qy87VuaizA
2024-04-17 13:29:24,CC2Ventures
2024-04-17 13:29:24,DBHbIt16va
2024-04-17 13:29:24,etcherBTC
2024-04-17 13:29:24,PineAnalytics
2024-04-17 13:29:24,Mclader
2024-04-17 13:29:24,fold_app
2024-04-17 13:29:24,GnosisDAO
2024-04-17 13:29:24,eoracle_network
2024-04-17 13:29:24,2cPqL2xpuh
2024-04-17 13:29:24,gnosischain
2024-04-17 13:29:24,lightning
2024-04-17 13:29:24,bidclubio
2024-04-17 13:29:24,KingJames
2024-04-17 13:29:24,merkly_com
2024-04-17 13:29:24,orangebook_
2024-04-17 13:29:24,16sVCzCgcd
2024-04-17 13:29:24,lightning_help
2024-04-17 13:29:24,HPgaNnpxcJ
2024-04-17 13:29:24,Ug9m92VjGe
2024-04-17 13:29:24,ethglobal
2024-04-17 13:29:24,hubermanlab
2024-04-17 13:29:24,k0zKRqpdx7
2024-04-17 13:29:24,emWX3ZRBOg
2024-04-17 13:29:24,eigenlayer
2024-04-17 13:29:24,eG0CZL5IXH
2024-04-17 13:29:24,token2049
2024-04-17 13:29:24,1kxnetwork
2024-04-17 13:29:24,betbase_xyz
2024-04-17 13:29:24,paradigm
2024-04-17 13:29:24,thesis_co
2024-04-17 13:29:24,coinbasetraders
2024-04-17 13:29:24,MonkeyTiltPlay
2024-04-17 13:29:24,uniswap
2024-04-17 13:29:24,dragonfly_xyz
2024-04-17 13:29:24,HaunVentures
2024-04-17 13:29:24,OreSupply
2024-04-17 13:29:24,liamihorne
2024-04-17 13:29:24,YjFH1veO4A
2024-04-17 13:29:24,helio_pay
2024-04-17 13:29:24,coinbase
2024-04-17 13:29:24,intotheblock
2024-04-17 13:29:24,Solana
2024-04-17 13:29:24,tbtc_project
2024-04-17 13:29:24,rodarmor
2024-04-17 13:29:24,based16z
2024-04-17 13:29:24,Lekker_Cap
2024-04-17 13:29:24,R2AfIbzH8s
2024-04-17 13:29:24,anza_xyz
2024-04-17 13:29:24,azuroprotocol
2024-04-17 13:29:24,afrectz
2024-04-17 13:29:24,1l9ekCAT6z
2024-04-17 13:29:24,JColeNC
2024-04-17 13:29:24,embody_space
2024-04-17 13:29:24,qthomp
2024-04-17 13:29:24,FitFounder
2024-04-17 13:29:24,ethereum
2024-04-17 13:29:24,4MdA62CeUh
2024-04-17 13:29:24,HillaryAdler
2024-04-17 13:29:24,carlosdomingo
2024-04-17 13:29:24,optimism
2024-04-17 13:29:24,taho_xyz
2024-04-17 13:29:24,TrZZrgzy8V
2024-05-03 16:54:33,ritualnet
2024-05-03 16:54:33,LZey0AcSFc
2024-05-03 16:54:33,NorthmanTrader
2024-05-03 16:54:33,ee4PKrhHt7
2024-05-03 16:54:33,CryptoFightWeek
2024-05-03 16:54:33,fV00Mcs7af
2024-05-03 16:54:33,jupiterexchange
2024-05-03 16:54:33,WeatherXM
2024-05-03 16:54:33,belizardd
2024-05-03 16:54:33,MartinShkreli
2024-05-03 16:54:33,oMIiyJcIzk
2024-05-03 16:54:33,BlooperBraves
2024-05-03 16:54:33,arndxt_xo
2024-05-03 16:54:33,gensynai
2024-05-03 16:54:33,Delphi_Ventures
2024-05-03 16:54:33,DuU6MMqcgQ
2024-05-03 16:54:33,FortuneCrypto
2024-05-03 16:54:33,0xitliquidity
2024-05-03 16:54:33,messaricrypto
2024-05-03 16:54:33,urbitfoundation
2024-05-03 16:54:33,capitalxyz
2024-05-03 16:54:33,UofIllinois
2024-05-03 16:54:33,Chiliz
2024-05-03 16:54:33,saharalabsai
2024-05-03 16:54:33,plumenetwork
2024-05-03 16:54:33,0xallyzach
2024-05-03 16:54:33,AMAZlNGNATURE
2024-05-03 16:54:33,Securitize
2024-05-03 16:54:33,YZ7cwYVDVM
2024-05-03 16:54:33,panteracapital
2024-05-03 16:54:33,DylanAbruscato
2024-05-03 16:54:33,postmates
2024-05-03 16:54:33,Kevin_Kelly_II
2024-05-03 16:54:33,search?q=%24CHZ&src=cashtag_click
2024-05-03 16:54:33,FortuneMagazine
2024-05-03 16:54:33,partyround
2024-05-03 16:54:33,oylwallet
2024-05-03 16:54:33,leptokurtic_
2024-05-03 16:54:33,farcaster_xyz
2024-05-03 16:54:33,cryptothegame_
2024-05-03 16:54:33,Tim_4444
2024-05-03 16:54:33,rmRFFvMRaH
2024-05-03 16:54:33,LNstats
2024-05-03 16:54:33,ethena_labs
2024-05-03 16:54:33,gLhqjfxcEu
2024-05-03 16:54:33,ai
2024-05-03 16:54:33,TheO2
2024-05-03 16:54:33,lzin5ByH0t
2024-05-03 16:54:33,VivekGRamaswamy
2024-05-03 16:54:33,hqtrivia
2024-05-03 16:54:33,rovnys
2024-05-03 16:54:33,Delphi_Digital
2024-05-08 17:04:52,muasIr0PuD
2024-05-08 17:04:52,L1Fxyz
2024-05-08 17:04:52,0xSins
2024-05-08 17:04:52,GUy99qMi2O
2024-05-08 17:04:52,ian4eltj8Q
2024-05-08 17:04:52,galileoprotocol
2024-05-08 17:04:52,BAXUSco
2024-05-08 17:04:52,domodata
2024-05-08 17:04:52,BinanceLabs
2024-05-08 17:04:52,wormholeFDN
2024-05-08 19:33:14,0xBalloonLover
2024-05-15 13:38:20,TheRoaringKitty
2024-05-15 13:38:20,Strike
2024-05-15 13:38:20,theblockupdates
2024-05-15 13:38:20,eigen_da
2024-05-15 13:38:20,0xMonarc
2024-05-15 13:38:20,MDdYeJMTLl
2024-05-15 13:38:20,infinex_app
2024-05-20 19:48:10,Uniswap
2024-05-20 19:48:10,Cambridge_Uni
2024-05-20 19:48:10,MetaWealth
2024-05-20 19:48:10,WallSt_Gossip
2024-05-20 19:48:10,DSCVR1
2024-05-20 19:48:10,Humanityprot
2024-05-20 19:48:10,tIDuBxkO6Q
2024-05-20 19:48:10,Kalshi
2024-05-20 19:48:10,lwkzyUqMq5
2024-05-20 19:48:10,OstiumLabs
2024-05-20 19:48:10,dYdX
2024-05-20 19:48:10,W6cV3xHdcX
2024-05-20 19:48:10,88V3HYOcWw
2024-05-20 19:48:10,A8sQv1LrVv
2024-05-20 19:48:10,Iua9RYKrwJ
2024-05-20 19:48:10,ZpCLFfPsEt
2024-05-20 19:48:10,Ripple
2024-05-20 19:48:10,stix_co
2024-05-20 19:48:10,Mnhl1pGHNO
2024-05-20 19:48:10,galaxyhq
2024-05-20 19:48:10,HighYieldHarry
2024-05-20 19:48:10,0xLitquidity
2024-05-20 19:48:10,mikadontlouz
2024-05-20 19:48:10,Taran_ss
2024-05-20 19:48:10,hiroto_btc
2024-05-20 19:48:10,rugradio
2024-05-20 19:48:10,mansourtarek_
2024-05-20 19:48:10,rI0EDu1Qhj
2024-05-20 19:48:10,JupiterExchange
2024-05-20 19:48:10,camblockchains
2024-05-20 19:48:10,EclipseFND
2024-05-20 19:48:10,tZf8r79bee
2024-05-20 19:48:10,odlabs
2024-05-20 19:48:10,Shoalresearch
