2024-04-05 22:24:58,ricardo_fen
2024-04-05 22:24:58,YaleSOM
2024-04-05 22:24:58,SpellcraftAI
2024-04-05 22:24:58,jumptrading
2024-04-05 22:24:58,0xvanbeethoven
2024-04-05 22:24:58,0xkydo
2024-04-05 22:24:58,sreeramkannan
2024-04-05 22:24:58,oWuqLcC1c0
2024-04-05 22:24:58,saucepoint
2024-04-05 22:24:58,specialmech
2024-04-05 22:24:58,_yangyou
2024-04-05 22:24:58,election2033
2024-04-05 22:24:58,tigerhillDC
2024-04-05 22:24:58,the_DTCC
2024-04-05 22:24:58,protocollabs
2024-04-05 22:24:58,syndicateio
2024-04-05 22:24:58,katiebiber
2024-04-05 22:24:58,ks_kulk
2024-04-05 22:24:58,MF_FOOM
2024-04-05 22:24:58,CK_2049
2024-04-05 22:24:58,malleshpai
2024-04-05 22:24:58,gauntlet_xyz
2024-04-05 22:24:58,privy_io
2024-04-05 22:24:58,colgateuniv
2024-04-05 22:24:58,willpote
2024-04-05 22:24:58,0xOrli
2024-04-05 22:24:58,msolomon44
2024-04-05 22:24:58,AlexanderGrieve
2024-04-05 22:24:58,jump_
2024-04-05 22:24:58,dforcenet
2024-04-05 22:24:58,JSEllenberg
2024-04-05 22:24:58,carnegiemellon
2024-04-05 22:24:58,GwartyGwart
2024-04-05 22:24:58,federicocarrone
2024-04-05 22:24:58,wonnie_mbm
2024-04-05 22:24:58,alignedlayer
2024-04-05 22:24:58,odysseus0z
2024-04-05 22:24:58,MITEcon
2024-04-05 22:24:58,1zdDJOCiaXLnvjG
2024-04-05 22:24:58,openai
2024-04-05 22:24:58,gmEthereum
2024-04-05 22:24:58,Blast_L2
2024-04-05 22:24:58,0xBalloonLover
2024-04-05 22:24:58,NousResearch
2024-04-05 22:24:58,ScopeLift
2024-04-05 22:24:58,OwnersAlliance
2024-04-05 22:24:58,Columbia_Biz
2024-04-05 22:24:58,arbitrum
2024-04-05 22:24:58,willdepue
2024-04-05 22:24:58,Wikipedia
2024-04-05 22:24:58,theemozilla
2024-04-05 22:24:58,friendtech
2024-04-05 22:24:58,SpearbitDAO
2024-04-05 22:24:58,offchainlabs
2024-04-05 22:24:58,agarwal
2024-04-05 22:24:58,Uchicago
2024-04-05 22:24:58,jason_of_cs
2024-04-05 22:24:58,ilyasut
2024-04-05 22:24:58,YouTube
2024-04-05 22:24:58,Walmart
2024-04-05 22:24:58,Paralanlife
2024-04-05 22:24:58,real_philogy
2024-04-05 22:24:58,fede_intern
2024-04-05 22:24:58,UmbraCash
2024-04-05 22:24:58,georainbolt
2024-04-05 22:24:58,eigenlayer
2024-04-05 22:24:58,OPLabsPBC
2024-04-05 22:24:58,class_lambda
2024-04-05 22:24:58,UniswapFND
2024-04-05 22:24:58,RiceEcon
2024-04-05 22:24:58,rithvikra0
2024-04-05 22:24:58,MBMweb3
2024-04-05 22:24:58,Uniswap
2024-04-05 22:24:58,mindaoyang
2024-04-05 22:24:58,illigmid
2024-04-05 22:24:58,spreekaway
2024-04-05 22:24:58,ncABsb3Dmh
2024-04-05 22:24:58,RiceUniversity
2024-04-05 22:24:58,ctjlewis
2024-04-05 22:24:58,berkeley_eecs
2024-04-05 22:24:58,Coursera
2024-04-05 22:24:58,umichMath
2024-04-05 22:24:58,SheaKetsdever
2024-04-05 22:24:58,CmkYXzg3Ol
2024-04-05 22:24:58,seiyantoken9000
2024-04-05 22:24:58,nativelabs_
2024-04-05 22:24:58,JOYrLy0dLe
2024-04-05 22:24:58,paradigm
2024-04-05 22:24:58,Sorellalabs
2024-04-05 22:24:58,vectordao
2024-04-05 22:24:58,McDonalds
2024-04-05 22:24:58,SpeakerBoehner
2024-04-05 22:24:58,MaxResnick1
2024-04-05 22:24:58,atiselsts_eth
2024-04-05 22:24:58,consensys
2024-04-05 22:24:58,GrowSF
2024-04-05 22:24:58,anchorage
2024-04-05 22:24:58,henri_stern
2024-04-05 22:24:58,SorellaLabs
2024-04-05 22:24:58,ciamac
2024-04-05 22:24:58,eigen_labs
2024-04-08 16:44:33,real_philogy
2024-04-08 16:44:33,openai
2024-04-08 16:44:33,odysseus0z
2024-04-08 16:44:33,CK_2049
2024-04-08 16:44:33,colgateuniv
2024-04-08 16:44:33,0xkydo
2024-04-08 16:44:33,eawosikaa
2024-04-08 16:44:33,RiceEcon
2024-04-08 16:44:33,federicocarrone
2024-04-08 16:44:33,umichMath
2024-04-08 16:44:33,offchainlabs
2024-04-08 16:44:33,dforcenet
2024-04-08 16:44:33,sreeramkannan
2024-04-08 16:44:33,spreekaway
2024-04-08 16:44:33,MBMweb3
2024-04-08 16:44:33,katiebiber
2024-04-08 16:44:33,friendtech
2024-04-08 16:44:33,Uchicago
2024-04-08 16:44:33,henri_stern
2024-04-08 16:44:33,Paralanlife
2024-04-08 16:44:33,jason_of_cs
2024-04-08 16:44:33,georainbolt
2024-04-08 16:44:33,carnegiemellon
2024-04-08 16:44:33,0xvanbeethoven
2024-04-08 16:44:33,jumptrading
2024-04-08 16:44:33,MaxResnick1
2024-04-08 16:44:33,rithvikra0
2024-04-08 16:44:33,wonnie_mbm
2024-04-08 16:44:33,OwnersAlliance
2024-04-08 16:44:33,oWuqLcC1c0
2024-04-08 16:44:33,CmkYXzg3Ol
2024-04-08 16:44:33,0xBalloonLover
2024-04-08 16:44:33,ilyasut
2024-04-08 16:44:33,NousResearch
2024-04-08 16:44:33,illigmid
2024-04-08 16:44:33,tigerhillDC
2024-04-08 16:44:33,Ethereum2077
2024-04-08 16:44:33,nativelabs_
2024-04-08 16:44:33,theemozilla
2024-04-08 16:44:33,Uniswap
2024-04-08 16:44:33,UmbraCash
2024-04-08 16:44:33,syndicateio
2024-04-08 16:44:33,protocollabs
2024-04-08 16:44:33,MF_FOOM
2024-04-08 16:44:33,YaleSOM
2024-04-08 16:44:33,Blast_L2
2024-04-08 16:44:33,gauntlet_xyz
2024-04-08 16:44:33,SpeakerBoehner
2024-04-08 16:44:33,seiyantoken9000
2024-04-08 16:44:33,Columbia_Biz
2024-04-08 16:44:33,Sorellalabs
2024-04-08 16:44:33,SorellaLabs
2024-04-08 16:44:33,the_DTCC
2024-04-08 16:44:33,SpearbitDAO
2024-04-08 16:44:33,GwartyGwart
2024-04-08 16:44:33,eigenlayer
2024-04-08 16:44:33,GrowSF
2024-04-08 16:44:33,privy_io
2024-04-08 16:44:33,0xOrli
2024-04-08 16:44:33,alignedlayer
2024-04-08 16:44:33,atiselsts_eth
2024-04-08 16:44:33,RiceUniversity
2024-04-08 16:44:33,willdepue
2024-04-08 16:44:33,malleshpai
2024-04-08 16:44:33,gmEthereum
2024-04-08 16:44:33,fede_intern
2024-04-08 16:44:33,arbitrum
2024-04-08 16:44:33,SheaKetsdever
2024-04-08 16:44:33,saucepoint
2024-04-08 16:44:33,jump_
2024-04-08 16:44:33,OPLabsPBC
2024-04-08 16:44:33,class_lambda
2024-04-08 16:44:33,_yangyou
2024-04-08 16:44:33,paradigm
2024-04-08 16:44:33,eigen_labs
2024-04-08 16:44:33,ncABsb3Dmh
2024-04-08 16:44:33,consensys
2024-04-08 16:44:33,ks_kulk
2024-04-08 16:44:33,JSEllenberg
2024-04-08 16:44:33,msolomon44
2024-04-08 16:44:33,UniswapFND
2024-04-08 16:44:33,1zdDJOCiaXLnvjG
2024-04-08 16:44:33,MITEcon
2024-04-08 16:44:33,ricardo_fen
2024-04-08 16:44:33,vectordao
2024-04-08 16:44:33,ciamac
2024-04-08 16:44:33,willpote
2024-04-08 16:44:33,election2033
2024-04-08 16:44:33,specialmech
2024-04-08 16:44:33,AlexanderGrieve
2024-04-08 16:44:33,JOYrLy0dLe
2024-04-08 16:44:33,anchorage
2024-04-08 16:44:33,agarwal
2024-04-08 16:44:33,ScopeLift
2024-04-08 16:44:33,berkeley_eecs
2024-04-08 16:44:33,mindaoyang
2024-04-08 12:20:32,YaleSOM
2024-04-08 12:20:32,wonnie_mbm
2024-04-08 12:20:32,Ethereum2077
2024-04-08 12:20:32,atiselsts_eth
2024-04-08 12:20:32,SheaKetsdever
2024-04-08 12:20:32,the_DTCC
2024-04-08 12:20:32,spreekaway
2024-04-08 12:20:32,oWuqLcC1c0
2024-04-08 12:20:32,tigerhillDC
2024-04-08 12:20:32,AlexanderGrieve
2024-04-08 12:20:32,JOYrLy0dLe
2024-04-08 12:20:32,NousResearch
2024-04-08 12:20:32,1zdDJOCiaXLnvjG
2024-04-08 12:20:32,colgateuniv
2024-04-08 12:20:32,CK_2049
2024-04-08 12:20:32,SpeakerBoehner
2024-04-08 12:20:32,ncABsb3Dmh
2024-04-08 12:20:32,Uchicago
2024-04-08 12:20:32,saucepoint
2024-04-08 12:20:32,0xvanbeethoven
2024-04-08 12:20:32,MBMweb3
2024-04-08 12:20:32,Blast_L2
2024-04-08 12:20:32,eawosikaa
2024-04-08 12:20:32,Sorellalabs
2024-04-08 12:20:32,theemozilla
2024-04-08 12:20:32,0xBalloonLover
2024-04-08 12:20:32,UniswapFND
2024-04-08 12:20:32,paradigm
2024-04-17 13:51:40,RiceUniversity
2024-04-17 13:51:40,ricardo_fen
2024-04-17 13:51:40,eigen_labs
2024-04-17 13:51:40,protocollabs
2024-04-17 13:51:40,alignedlayer
2024-04-17 13:51:40,carnegiemellon
2024-04-17 13:51:40,0xvanbeethoven
2024-04-17 13:51:40,friendtech
2024-04-17 13:51:40,colgateuniv
2024-04-17 13:51:40,JSEllenberg
2024-04-17 13:51:40,real_philogy
2024-04-17 13:51:40,vectordao
2024-04-17 13:51:40,msolomon44
2024-04-17 13:51:40,SpellcraftAI
2024-04-17 13:51:40,privy_io
2024-04-17 13:51:40,NousResearch
2024-04-17 13:51:40,sreeramkannan
2024-04-17 13:51:40,0xkydo
2024-04-17 13:51:40,offchainlabs
2024-04-17 13:51:40,Uniswap
2024-04-17 13:51:40,eawosikaa
2024-04-17 13:51:40,willpote
2024-04-17 13:51:40,tigerhillDC
2024-04-17 13:51:40,RiceEcon
2024-04-17 13:51:40,arbitrum
2024-04-17 13:51:40,illigmid
2024-04-17 13:51:40,axiom_xyz
2024-04-17 13:51:40,election2033
2024-04-17 13:51:40,oWuqLcC1c0
2024-04-17 13:51:40,mrpRyqbiAs
2024-04-17 13:51:40,theemozilla
2024-04-17 13:51:40,AlexanderGrieve
2024-04-17 13:51:40,syndicateio
2024-04-17 13:51:40,SpeakerBoehner
2024-04-17 13:51:40,MF_FOOM
2024-04-17 13:51:40,SheaKetsdever
2024-04-17 13:51:40,ctjlewis
2024-04-17 13:51:40,MITEcon
2024-04-17 13:51:40,agarwal
2024-04-17 13:51:40,the_DTCC
2024-04-17 13:51:40,Ethereum2077
2024-04-17 13:51:40,YouTube
2024-04-17 13:51:40,MaxResnick1
2024-04-17 13:51:40,gauntlet_xyz
2024-04-17 13:51:40,CmkYXzg3Ol
2024-04-17 13:51:40,MBMweb3
2024-04-17 13:51:40,jump_
2024-04-17 13:51:40,Sorellalabs
2024-04-17 13:51:40,0xBalloonLover
2024-04-17 13:51:40,wonnie_mbm
2024-04-17 13:51:40,willdepue
2024-04-17 13:51:40,_yangyou
2024-04-17 13:51:40,playsomo
2024-04-17 13:51:40,nativelabs_
2024-04-17 13:51:40,federicocarrone
2024-04-17 13:51:40,malleshpai
2024-04-17 13:51:40,ilyasut
2024-04-17 13:51:40,jason_of_cs
2024-04-17 13:51:40,eigenlayer
2024-04-17 13:51:40,McDonalds
2024-04-17 13:51:40,0x94305
2024-04-17 13:51:40,dforcenet
2024-04-17 13:51:40,ncABsb3Dmh
2024-04-17 13:51:40,YaleSOM
2024-04-17 13:51:40,odysseus0z
2024-04-17 13:51:40,seiyantoken9000
2024-04-17 13:51:40,spreekaway
2024-04-17 13:51:40,rithvikra0
2024-04-17 13:51:40,search?q=%24SOMO&src=cashtag_click
2024-04-17 13:51:40,openai
2024-04-17 13:51:40,mindaoyang
2024-04-17 13:51:40,saucepoint
2024-04-17 13:51:40,OPLabsPBC
2024-04-17 13:51:40,paradigm
2024-04-17 13:51:40,SpearbitDAO
2024-04-17 13:51:40,fede_intern
2024-04-17 13:51:40,henri_stern
2024-04-17 13:51:40,Blast_L2
2024-04-17 13:51:40,df8R3n3Xeu
2024-04-17 13:51:40,consensys
2024-04-17 13:51:40,UmbraCash
2024-04-17 13:51:40,Columbia_Biz
2024-04-17 13:51:40,1zdDJOCiaXLnvjG
2024-04-17 13:51:40,Uchicago
2024-04-17 13:51:40,specialmech
2024-04-17 13:51:40,anchorage
2024-04-17 13:51:40,class_lambda
2024-04-17 13:51:40,deepfates
2024-04-17 13:51:40,CK_2049
2024-04-17 13:51:40,georainbolt
2024-04-17 13:51:40,Coursera
2024-04-17 13:51:40,Paralanlife
2024-04-17 13:51:40,gmEthereum
2024-04-17 13:51:40,littmath
2024-04-17 13:51:40,0xOrli
2024-04-17 13:51:40,ciamac
2024-04-17 13:51:40,GrowSF
2024-04-17 13:51:40,berkeley_eecs
2024-04-17 13:51:40,JOYrLy0dLe
2024-04-17 13:51:40,katiebiber
2024-04-17 13:51:40,SorellaLabs
2024-04-17 13:51:40,UniswapFND
2024-04-17 13:51:40,Wikipedia
2024-04-17 13:51:40,umichMath
2024-04-17 13:51:40,OwnersAlliance
2024-04-17 13:51:40,jumptrading
2024-04-17 13:51:40,ScopeLift
2024-04-17 13:51:40,ks_kulk
2024-04-17 13:51:40,atiselsts_eth
2024-04-17 13:51:40,GwartyGwart
2024-04-17 13:51:40,Walmart
2024-05-03 17:04:39,al0x_w
2024-05-03 17:04:39,fenbushi
2024-05-03 17:04:39,vnP5HjkedY
2024-05-03 17:04:39,ethresearchbot
2024-05-03 17:04:39,IrreducibleHW
2024-05-03 17:04:39,QsC083kkke
2024-05-03 17:04:39,ballsyalchemist
2024-05-03 17:04:39,0xmebius
2024-05-03 17:04:39,sorellalabs
2024-05-03 17:04:39,hFuuUYzy5v
2024-05-03 17:04:39,fzvNeq5N3W
2024-05-08 17:14:35,cppinvestments
2024-05-08 17:14:35,_MinTeo
2024-05-08 17:14:35,EtherealVC
2024-05-15 13:45:33,DistributedMarz
2024-05-20 19:55:37,lobstermindset
2024-05-20 19:55:37,meta
2024-05-20 19:55:37,astriaorg
2024-05-20 19:55:37,thelatestindefi
