2024-04-05 21:49:07,BullpenFi
2024-04-05 21:49:07,KyjIEidFvQ
2024-04-05 21:49:07,wqDDYSm6M7
2024-04-05 21:49:07,tmLMwCKKjg
2024-04-05 21:49:07,sreeramkannan
2024-04-05 21:49:07,qthomp
2024-04-05 21:49:07,aevoxyz
2024-04-05 21:49:07,a99U3uAroy
2024-04-05 21:49:07,ApeironNFT
2024-04-05 21:49:07,LemonCap
2024-04-05 21:49:07,jpmorgan
2024-04-05 21:49:07,ZuGIJs4VNq
2024-04-05 21:49:07,sershokunin
2024-04-05 21:49:07,azuki
2024-04-05 21:49:07,CoinbaseSupport
2024-04-05 21:49:07,BounceBitClub
2024-04-05 21:49:07,whatslukedoing
2024-04-05 21:49:07,animecoin
2024-04-05 21:49:07,r92cZmoKDO
2024-04-05 21:49:07,bounce_bit
2024-04-05 21:49:07,l3rGJmoE8y
2024-04-05 21:49:07,EV3Ventures
2024-04-05 21:49:07,wenwencoin
2024-04-05 21:49:07,CoinbaseAssets
2024-04-05 21:49:07,dragonisnear
2024-04-05 21:49:07,TyrogueD
2024-04-05 21:49:07,gS6b9XUHVt
2024-04-05 21:49:07,0xallyzach
2024-04-05 21:49:07,coinbase
2024-04-05 21:49:07,MeridioRE
2024-04-05 21:49:07,veritaslimited
2024-04-05 21:49:07,TsZT6HBmmw
2024-04-05 21:49:07,arbitrum
2024-04-05 21:49:07,Ixi0mWiE4Z
2024-04-05 21:49:07,Darkfarms1
2024-04-05 21:49:07,chronear
2024-04-05 21:49:07,search?q=%24SHFL&src=cashtag_click
2024-04-05 21:49:07,shufflecom
2024-04-05 21:49:07,YqAc9e4Zt4
2024-04-05 21:49:07,MAGAMemecoin
2024-04-05 21:49:07,hsBUlryJiw
2024-04-05 21:49:07,Columbia_biz
2024-04-05 21:49:07,BCG
2024-04-05 21:49:07,IvyIvyx0
2024-04-05 21:49:07,LexproofHQ
2024-04-05 21:49:07,Ronin_Network
2024-04-05 21:49:07,pixels_online
2024-04-05 21:49:07,BlackRock
2024-04-05 21:49:07,Lekker_Cap
2024-04-05 21:49:07,eigenlayer
2024-04-05 21:49:07,glxyresearch
2024-04-05 21:49:07,NEARProtocol
2024-04-05 21:49:07,dragonbot_xyz
2024-04-05 21:49:07,Orlando_btc
2024-04-05 21:49:07,echodotxyz
2024-04-05 21:49:07,a16zcrypto
2024-04-05 21:49:07,milesjennings
2024-04-05 21:49:07,messaricrypto
2024-04-05 21:49:07,Meta
2024-04-05 21:49:07,AlexSkidanov
2024-04-05 21:49:07,CampbellJAustin
2024-04-05 21:49:07,dragonfly_xyz
2024-04-05 21:49:07,HHs2dV2yN3
2024-04-05 21:49:07,Conflux_Network
2024-04-05 21:49:07,NearProtocol
2024-04-05 21:49:07,dunstonlol
2024-04-05 21:49:07,DePINNinja
2024-04-05 21:49:07,citi
2024-04-05 21:49:07,blockchaincap
2024-04-05 21:49:07,aptoslabs
2024-04-05 21:49:07,BreyerCap
2024-04-05 21:49:07,moshaikhs
2024-04-05 21:49:07,Lathamwatkins
2024-04-05 21:49:07,DAnconia_Crypto
2024-04-05 21:49:07,paradigm
2024-04-05 21:49:07,asterixlabs
2024-04-05 21:49:07,BowenWang18
2024-04-05 21:49:07,CoinbaseDuck
2024-04-05 21:49:07,orPJHp5x2a
2024-04-05 21:49:07,paxos
2024-04-05 21:49:07,Second_Lane
2024-04-05 21:49:07,ConsenSys
2024-04-08 16:25:51,dunstonlol
2024-04-08 16:25:51,gS6b9XUHVt
2024-04-08 16:25:51,coinbase
2024-04-08 16:25:51,a99U3uAroy
2024-04-08 16:25:51,EV3Ventures
2024-04-08 16:25:51,pixels_online
2024-04-08 16:25:51,r92cZmoKDO
2024-04-08 16:25:51,BlackRock
2024-04-08 16:25:51,NearProtocol
2024-04-08 16:25:51,ApeironNFT
2024-04-08 16:25:51,LemonCap
2024-04-08 16:25:51,veritaslimited
2024-04-08 16:25:51,sreeramkannan
2024-04-08 16:25:51,CoinbaseSupport
2024-04-08 16:25:51,echodotxyz
2024-04-08 16:25:51,CoinbaseDuck
2024-04-08 16:25:51,shufflecom
2024-04-08 16:25:51,asterixlabs
2024-04-08 16:25:51,chronear
2024-04-08 16:25:51,search?q=%24SHFL&src=cashtag_click
2024-04-08 16:25:51,glxyresearch
2024-04-08 16:25:51,whatslukedoing
2024-04-08 16:25:51,Conflux_Network
2024-04-08 16:25:51,0xallyzach
2024-04-08 16:25:51,citi
2024-04-08 16:25:51,messaricrypto
2024-04-08 16:25:51,ZuGIJs4VNq
2024-04-08 16:25:51,dragon_tech_bot
2024-04-08 16:25:51,Ronin_Network
2024-04-08 16:25:51,Darkfarms1
2024-04-08 16:25:51,BowenWang18
2024-04-08 16:25:51,wenwencoin
2024-04-08 16:25:51,CoinbaseAssets
2024-04-08 16:25:51,BCG
2024-04-08 16:25:51,Second_Lane
2024-04-08 16:25:51,moshaikhs
2024-04-08 16:25:51,aevoxyz
2024-04-08 16:25:51,HHs2dV2yN3
2024-04-08 16:25:51,dragonisnear
2024-04-08 16:25:51,sershokunin
2024-04-08 16:25:51,Lathamwatkins
2024-04-08 16:25:51,qthomp
2024-04-08 16:25:51,BounceBitClub
2024-04-08 16:25:51,milesjennings
2024-04-08 16:25:51,IvyIvyx0
2024-04-08 16:25:51,MAGAMemecoin
2024-04-08 16:25:51,eigenlayer
2024-04-08 16:25:51,TyrogueD
2024-04-08 16:25:51,hsBUlryJiw
2024-04-08 16:25:51,DAnconia_Crypto
2024-04-08 16:25:51,a16zcrypto
2024-04-08 16:25:51,NEARProtocol
2024-04-08 16:25:51,BreyerCap
2024-04-08 16:25:51,YqAc9e4Zt4
2024-04-08 16:25:51,aptoslabs
2024-04-08 16:25:51,arbitrum
2024-04-08 16:25:51,Lekker_Cap
2024-04-08 16:25:51,AlexSkidanov
2024-04-08 16:25:51,jpmorgan
2024-04-08 16:25:51,blockchaincap
2024-04-08 16:25:51,LexproofHQ
2024-04-08 16:25:51,paradigm
2024-04-08 16:25:51,BullpenFi
2024-04-08 16:25:51,DePINNinja
2024-04-08 16:25:51,Orlando_btc
2024-04-08 16:25:51,animecoin
2024-04-08 16:25:51,Meta
2024-04-08 16:25:51,MeridioRE
2024-04-08 16:25:51,Ixi0mWiE4Z
2024-04-08 16:25:51,l3rGJmoE8y
2024-04-08 16:25:51,KyjIEidFvQ
2024-04-08 16:25:51,orPJHp5x2a
2024-04-08 16:25:51,bounce_bit
2024-04-08 16:25:51,ConsenSys
2024-04-08 16:25:51,dragonbot_xyz
2024-04-08 16:25:51,wqDDYSm6M7
2024-04-08 16:25:51,tmLMwCKKjg
2024-04-08 16:25:51,paxos
2024-04-08 16:25:51,CampbellJAustin
2024-04-08 16:25:51,azuki
2024-04-08 16:25:51,Columbia_biz
2024-04-08 16:25:51,dragonfly_xyz
2024-04-08 12:06:47,BullpenFi
2024-04-08 12:06:47,Lathamwatkins
2024-04-08 12:06:47,dragonfly_xyz
2024-04-08 12:06:47,glxyresearch
2024-04-08 12:06:47,qthomp
2024-04-08 12:06:47,sershokunin
2024-04-08 12:06:47,wqDDYSm6M7
2024-04-08 12:06:47,CoinbaseSupport
2024-04-08 12:06:47,eigenlayer
2024-04-08 12:06:47,BowenWang18
2024-04-08 12:06:47,YqAc9e4Zt4
2024-04-08 12:06:47,a16zcrypto
2024-04-08 12:06:47,citadel
2024-04-08 12:06:47,blockchaincap
2024-04-08 12:06:47,coinbase
2024-04-08 12:06:47,r92cZmoKDO
2024-04-08 12:06:47,ConsenSys
2024-04-08 12:06:47,EV3Ventures
2024-04-08 12:06:47,whatslukedoing
2024-04-08 12:06:47,BlackRock
2024-04-08 12:06:47,KyjIEidFvQ
2024-04-08 12:06:47,NearProtocol
2024-04-08 12:06:47,Ronin_Network
2024-04-08 12:06:47,gS6b9XUHVt
2024-04-08 12:06:47,ZuGIJs4VNq
2024-04-08 12:06:47,pixels_online
2024-04-08 12:06:47,jpmorgan
2024-04-08 12:06:47,CampbellJAustin
2024-04-08 12:06:47,bidclubio
2024-04-08 12:06:47,0xallyzach
2024-04-08 12:06:47,Lekker_Cap
2024-04-08 12:06:47,milesjennings
2024-04-08 12:06:47,Orlando_btc
2024-04-08 12:06:47,dunstonlol
2024-04-08 12:06:47,citi
2024-04-08 12:06:47,CoinbaseDuck
2024-04-08 12:06:47,Meta
2024-04-08 12:06:47,TyrogueD
2024-04-08 12:06:47,q5mHPJDobs
2024-04-08 12:06:47,shufflecom
2024-04-08 12:06:47,AlexSkidanov
2024-04-08 12:06:47,animecoin
2024-04-08 12:06:47,veritaslimited
2024-04-08 12:06:47,DePINNinja
2024-04-08 12:06:47,IvyIvyx0
2024-04-08 12:06:47,Punk9277
2024-04-08 12:06:47,paradigm
2024-04-08 12:06:47,dragon_tech_bot
2024-04-08 12:06:47,MAGAMemecoin
2024-04-08 12:06:47,BreyerCap
2024-04-08 12:06:47,l3rGJmoE8y
2024-04-08 12:06:47,CoinbaseAssets
2024-04-08 12:06:47,ApeironNFT
2024-04-08 12:06:47,paxos
2024-04-08 12:06:47,dragonisnear
2024-04-08 12:06:47,bounce_bit
2024-04-08 12:06:47,messaricrypto
2024-04-08 12:06:47,aptoslabs
2024-04-08 12:06:47,asterixlabs
2024-04-08 12:06:47,aevoxyz
2024-04-08 12:06:47,a99U3uAroy
2024-04-08 12:06:47,Ixi0mWiE4Z
2024-04-08 12:06:47,Second_Lane
2024-04-08 12:06:47,NEARProtocol
2024-04-08 12:06:47,BCG
2024-04-08 12:06:47,arbitrum
2024-04-08 12:06:47,orPJHp5x2a
2024-04-08 12:06:47,LexproofHQ
2024-04-08 12:06:47,_kaitoai
2024-04-08 12:06:47,Darkfarms1
2024-04-08 12:06:47,Columbia_biz
2024-04-08 12:06:47,moshaikhs
2024-04-08 12:06:47,BounceBitClub
2024-04-08 12:06:47,LemonCap
2024-04-08 12:06:47,echodotxyz
2024-04-08 12:06:47,dragonbot_xyz
2024-04-08 12:06:47,degentradingLSD
2024-04-08 12:06:47,john_ng_p
2024-04-08 12:06:47,DAnconia_Crypto
2024-04-08 12:06:47,Conflux_Network
2024-04-08 12:06:47,hsBUlryJiw
2024-04-08 12:06:47,chronear
2024-04-08 12:06:47,tmLMwCKKjg
2024-04-08 12:06:47,sreeramkannan
2024-04-08 12:06:47,signum_capital
2024-04-08 12:06:47,HHs2dV2yN3
2024-04-08 12:06:47,search?q=%24SHFL&src=cashtag_click
2024-04-08 12:06:47,MeridioRE
2024-04-08 12:06:47,wenwencoin
2024-04-08 12:06:47,azuki
2024-04-17 13:33:32,hsBUlryJiw
2024-04-17 13:33:32,q5mHPJDobs
2024-04-17 13:33:32,DAnconia_Crypto
2024-04-17 13:33:32,BounceBitClub
2024-04-17 13:33:32,BullpenFi
2024-04-17 13:33:32,aptoslabs
2024-04-17 13:33:32,citi
2024-04-17 13:33:32,aevoxyz
2024-04-17 13:33:32,sreeramkannan
2024-04-17 13:33:32,arbitrum
2024-04-17 13:33:32,whatslukedoing
2024-04-17 13:33:32,dragonbot_xyz
2024-04-17 13:33:32,orPJHp5x2a
2024-04-17 13:33:32,IvyIvyx0
2024-04-17 13:33:32,Darkfarms1
2024-04-17 13:33:32,Second_Lane
2024-04-17 13:33:32,a99U3uAroy
2024-04-17 13:33:32,MerlinLayer2
2024-04-17 13:33:32,DePINNinja
2024-04-17 13:33:32,BreyerCap
2024-04-17 13:33:32,shufflecom
2024-04-17 13:33:32,dragon_tech_bot
2024-04-17 13:33:32,tlXxXlrOtd
2024-04-17 13:33:32,SEAKingARGM
2024-04-17 13:33:32,bidclubio
2024-04-17 13:33:32,blockchaincap
2024-04-17 13:33:32,momir_amidzic
2024-04-17 13:33:32,Orlando_btc
2024-04-17 13:33:32,moshaikhs
2024-04-17 13:33:32,NVHS
2024-04-17 13:33:32,BCG
2024-04-17 13:33:32,search?q=%24SHFL&src=cashtag_click
2024-04-17 13:33:32,NEARProtocol
2024-04-17 13:33:32,NearProtocol
2024-04-17 13:33:32,AlexSkidanov
2024-04-17 13:33:32,HHs2dV2yN3
2024-04-17 13:33:32,l3rGJmoE8y
2024-04-17 13:33:32,Conflux_Network
2024-04-17 13:33:32,ZytF2jZnsa
2024-04-17 13:33:32,0xallyzach
2024-04-17 13:33:32,7eTxErvAs7
2024-04-17 13:33:32,signum_capital
2024-04-17 13:33:32,eigenlayer
2024-04-17 13:33:32,rune_coin
2024-04-17 13:33:32,eigen_da
2024-04-17 13:33:32,wqDDYSm6M7
2024-04-17 13:33:32,ConsenSys
2024-04-17 13:33:32,MAGAMemecoin
2024-04-17 13:33:32,echodotxyz
2024-04-17 13:33:32,paradigm
2024-04-17 13:33:32,Ixi0mWiE4Z
2024-04-17 13:33:32,wenwencoin
2024-04-17 13:33:32,john_ng_p
2024-04-17 13:33:32,gS6b9XUHVt
2024-04-17 13:33:32,r92cZmoKDO
2024-04-17 13:33:32,TyrogueD
2024-04-17 13:33:32,muneeb
2024-04-17 13:33:32,Stacks
2024-04-17 13:33:32,dragonfly_xyz
2024-04-17 13:33:32,CampbellJAustin
2024-04-17 13:33:32,Columbia_biz
2024-04-17 13:33:32,azuki
2024-04-17 13:33:32,tmLMwCKKjg
2024-04-17 13:33:32,bounce_bit
2024-04-17 13:33:32,MeridioRE
2024-04-17 13:33:32,glxyresearch
2024-04-17 13:33:32,coinbase
2024-04-17 13:33:32,ApeironNFT
2024-04-17 13:33:32,LexproofHQ
2024-04-17 13:33:32,Ronin_Network
2024-04-17 13:33:32,Lekker_Cap
2024-04-17 13:33:32,messaricrypto
2024-04-17 13:33:32,ZuGIJs4VNq
2024-04-17 13:33:32,degentradingLSD
2024-04-17 13:33:32,paxos
2024-04-17 13:33:32,jpmorgan
2024-04-17 13:33:32,a16zcrypto
2024-04-17 13:33:32,BowenWang18
2024-04-17 13:33:32,KyjIEidFvQ
2024-04-17 13:33:32,CoinbaseDuck
2024-04-17 13:33:32,CoinbaseAssets
2024-04-17 13:33:32,asterixlabs
2024-04-17 13:33:32,pixels_online
2024-04-17 13:33:32,Meta
2024-04-17 13:33:32,V4CR_official
2024-04-17 13:33:32,qthomp
2024-04-17 13:33:32,EV3Ventures
2024-04-17 13:33:32,BitmapTech
2024-04-17 13:33:32,dunstonlol
2024-04-17 13:33:32,milesjennings
2024-04-17 13:33:32,sershokunin
2024-04-17 13:33:32,Lathamwatkins
2024-04-17 13:33:32,chronear
2024-04-17 13:33:32,TrustMachinesco
2024-04-17 13:33:32,CoinbaseSupport
2024-04-17 13:33:32,BlackRock
2024-04-17 13:33:32,IOSGVC
2024-04-17 13:33:32,veritaslimited
2024-04-17 13:33:32,3pJHKYWuQ9
2024-04-17 13:33:32,animecoin
2024-04-17 13:33:32,dragonisnear
2024-05-03 16:56:04,BA82mT7Ahq
2024-05-03 16:56:04,DPUEs8v00e
2024-05-03 16:56:04,miaferrariii
2024-05-03 16:56:04,hFTrhGYUyQ
2024-05-03 16:56:04,HydraVentures_
2024-05-03 16:56:04,0xPrismatic
2024-05-03 16:56:04,karak_network
2024-05-03 16:56:04,fabric_vc
2024-05-03 16:56:04,trustmachinesco
2024-05-03 16:56:04,calvinelcheng
2024-05-03 16:56:04,colinchoo
2024-05-03 16:56:04,keyahayek
2024-05-03 16:56:04,ZestProtocol
2024-05-03 16:56:04,avalon
2024-05-03 16:56:04,rabbitx_io
2024-05-03 16:56:04,holmusk
2024-05-03 16:56:04,helium
2024-05-03 16:56:04,BITKRAFTVC
2024-05-03 16:56:04,LeonWMarshall
2024-05-03 16:56:04,MUXProtocol
2024-05-03 16:56:04,virtuals_io
2024-05-03 16:56:04,CBVentures
2024-05-03 16:56:04,rawrmaan
2024-05-03 16:56:04,fantasy_top_
2024-05-03 16:56:04,nothingnyc
2024-05-03 16:56:04,fairspothelium
2024-05-03 16:56:04,VictorCheng7
2024-05-03 16:56:04,arcthecommunity
2024-05-03 16:56:04,Blast_L2
2024-05-03 16:56:04,TychoOnnasch
2024-05-03 16:56:04,MessariCrypto
2024-05-03 16:56:04,WalkinEvents
2024-05-03 16:56:04,HeliumFndn
2024-05-03 16:56:04,GetCohosts
2024-05-03 16:56:04,nametagtweets
2024-05-03 16:56:04,Hashed_Official
2024-05-03 16:56:04,ton_blockchain
2024-05-03 16:56:04,kunalgoel
2024-05-03 16:56:04,StackingDAO
2024-05-03 16:56:04,NEARFoundation
2024-05-03 16:56:04,Delphi_Digital
2024-05-08 17:06:26,cmsholdings
2024-05-08 17:06:26,FeederRotation
2024-05-08 17:06:26,GnqSDkEWla
2024-05-08 17:06:26,pumpdotfun
2024-05-08 17:06:26,5I8qHw5GNN
2024-05-10 16:09:26,VCBrags
2024-05-10 16:09:26,neoclassiccap
2024-05-10 16:09:26,DoveyWanCN
2024-05-10 16:09:26,TeraWulfInc
2024-05-10 16:09:26,DoveyWan
2024-05-10 16:09:26,MikeBucella
2024-05-10 16:09:26,GoldmanSachs
2024-05-15 13:39:50,0xBalloonLover
2024-05-15 13:39:50,thousandbtc
2024-05-15 13:39:50,buildoneigen
2024-05-15 13:39:50,pendle_fi
2024-05-15 13:39:50,PendleIntern
2024-05-20 19:49:39,rugradio
2024-05-20 19:49:39,xdefi_wallet
2024-05-20 19:49:39,burrow_finance
2024-05-20 19:49:39,goitbykojiro
2024-05-20 19:49:39,odlabs
2024-05-20 19:49:39,YukiRuan99
2024-05-20 19:49:39,mikadontlouz
