2024-04-05 23:29:28,apriori0x
2024-04-05 23:29:28,jason_c_ma
2024-04-05 23:29:28,crypt0glitter
2024-04-05 23:29:28,PrincetonCS
2024-04-05 23:29:28,elliptic
2024-04-05 23:29:28,heliaxdev
2024-04-05 23:29:28,eiger_co
2024-04-05 23:29:28,gauntlet_xyz
2024-04-05 23:29:28,Stanford
2024-04-05 23:29:28,alysiatech
2024-04-05 23:29:28,brxckinridge
2024-04-05 23:29:28,AxelarFDN
2024-04-05 23:29:28,hyperlane_xyz
2024-04-05 23:29:28,vaneckpk
2024-04-05 23:29:28,initc3org
2024-04-05 23:29:28,equilibrium_co
2024-04-05 23:29:28,CeloOrg
2024-04-05 23:29:28,fun
2024-04-05 23:29:28,aaveaave
2024-04-05 23:29:28,ETHGlobal
2024-04-05 23:29:28,adrianbrink
2024-04-05 23:29:28,coinbase
2024-04-05 23:29:28,Blockworks_
2024-04-05 23:29:28,Columbia_Biz
2024-04-05 23:29:28,CIAN_protocol
2024-04-05 23:29:28,MIT
2024-04-05 23:29:28,adamliptak
2024-04-05 23:29:28,defillama
2024-04-05 23:29:28,MrBeast
2024-04-05 23:29:28,bgdlabs
2024-04-05 23:29:28,Token_Logic
2024-04-05 23:29:28,q2HJBveKnf
2024-04-05 23:29:28,aaronxkong
2024-04-05 23:29:28,thecowfund
2024-04-05 23:29:28,wintermute_t
2024-04-05 23:29:28,gajeshnaik
2024-04-05 23:29:28,weremeow
2024-04-05 23:29:28,developerdao
2024-04-05 23:29:28,ecodao_
2024-04-05 23:29:28,ethereum
2024-04-05 23:29:28,amandacassatt
2024-04-05 23:29:28,EvanTheFeng
2024-04-05 23:29:28,eVbg0NEdmw
2024-04-05 23:29:28,chainbound_
2024-04-05 23:29:28,TheSpartanGroup
2024-04-05 23:29:28,axelarnetwork
2024-04-05 23:29:28,jokerace_io
2024-04-05 23:29:28,IBM
2024-04-05 23:29:28,nambrot
2024-04-05 23:29:28,0xMert_
2024-04-05 23:29:28,haunventures
2024-04-05 23:29:28,superseedclub
2024-04-05 23:29:28,sgoldfed
2024-04-05 23:29:28,Travis_Kling
2024-04-05 23:29:28,OffchainLabs
2024-04-05 23:29:28,silvermohawk
2024-04-05 23:29:28,aave
2024-04-05 23:29:28,phoenixlabsdev
2024-04-05 23:29:28,ciamac
2024-04-05 23:29:28,SxoZmGADyy
2024-04-05 23:29:28,andy_koz
2024-04-05 23:29:28,eigen_labs
2024-04-05 23:29:28,NqCgU3ZbK9
2024-04-05 23:29:28,ballsyalchemist
2024-04-05 23:29:28,fenbushi
2024-04-05 23:29:28,YoannTurpin1
2024-04-05 23:29:28,eboadom
2024-04-05 23:29:28,neuman1001
2024-04-05 23:29:28,Oidnn5eMHQ
2024-04-05 23:29:28,euroemoney
2024-04-05 23:29:28,PaulFrambot
2024-04-05 23:29:28,Matthew_Graham_
2024-04-05 23:29:28,primev_xyz
2024-04-05 23:29:28,EspressoSys
2024-04-05 23:29:28,family
2024-04-05 23:29:28,megaeth_labs
2024-04-05 23:29:28,MorphoLabs
2024-04-05 23:29:28,peter_szilagyi
2024-04-05 23:29:28,the_eqg
2024-04-05 23:29:28,permissionless
2024-04-05 23:29:28,uwaterloo
2024-04-05 23:29:28,JohnEDeaton1
2024-04-05 23:29:28,uniswap
2024-04-05 23:29:28,aerafinance
2024-04-05 23:29:28,avara
2024-04-05 23:29:28,arbitrum
2024-04-05 23:29:28,staderlabs
2024-04-05 23:29:28,lightspeedpodhq
2024-04-05 23:29:28,namada
2024-04-05 23:29:28,rivatez
2024-04-05 23:29:28,inkymaze
2024-04-05 23:29:28,coinfund_io
2024-04-05 23:29:28,blocknative
2024-04-05 23:29:28,serotonin_hq
2024-04-05 23:29:28,stakewise_io
2024-04-05 23:29:28,EQkhSdbM9a
2024-04-05 23:29:28,search?q=%24ETH&src=cashtag_click
2024-04-05 23:29:28,cornell_tech
2024-04-05 23:29:28,BarryLemonade
2024-04-05 23:29:28,ParaSwap
2024-04-05 23:29:28,anoma
2024-04-05 23:29:28,hexonaut
2024-04-05 23:29:28,dlnewsinfo
2024-04-05 23:29:28,dingalingts
2024-04-05 23:29:28,MuratLite
2024-04-05 23:29:28,Ripple
2024-04-05 23:29:28,AlexKFine
2024-04-05 23:29:28,Portikus_
2024-04-05 23:29:28,eigenlayer
2024-04-05 23:29:28,divine_economy
2024-04-05 23:29:28,summa_one
2024-04-05 23:29:28,sorellalabs
2024-04-05 23:29:28,osmosiszone
2024-04-05 23:29:28,EQJUOM3tkb
2024-04-05 23:29:28,heliuslabs
2024-04-05 23:29:28,Wellframe
2024-04-05 23:29:28,blockworksDAS
2024-04-05 23:29:28,sergey_nog
2024-04-05 23:29:28,hotpot_dao
2024-04-05 23:29:28,CasperJohansen
2024-04-05 23:29:28,levelk_io
2024-04-05 23:29:28,algorand
2024-04-05 23:29:28,harvardhbs
2024-04-05 23:29:28,mempirate
2024-04-05 23:29:28,JohnIppolito11
2024-04-05 23:29:28,warcraft
2024-04-05 23:29:28,paradigm
2024-04-05 23:29:28,PmOpVza9hh
2024-04-05 23:29:28,lensprotocol
2024-04-05 23:29:28,TimInCrypto
2024-04-05 23:29:28,jupiterexchange
2024-04-05 23:29:28,blockworksres
2024-04-08 17:20:39,lightspeedpodhq
2024-04-08 17:20:39,Token_Logic
2024-04-08 17:20:39,summa_one
2024-04-08 17:20:39,uniswap
2024-04-08 17:20:39,aaveaave
2024-04-08 17:20:39,lensprotocol
2024-04-08 17:20:39,search?q=%24ETH&src=cashtag_click
2024-04-08 17:20:39,jupiterexchange
2024-04-08 17:20:39,the_eqg
2024-04-08 17:20:39,EQJUOM3tkb
2024-04-08 17:20:39,phoenixlabsdev
2024-04-08 17:20:39,bgdlabs
2024-04-08 17:20:39,sorellalabs
2024-04-08 17:20:39,defillama
2024-04-08 17:20:39,fun
2024-04-08 17:20:39,chainbound_
2024-04-08 17:20:39,0xMert_
2024-04-08 17:20:39,adrianbrink
2024-04-08 17:20:39,heliaxdev
2024-04-08 17:20:39,heliuslabs
2024-04-08 17:20:39,YoannTurpin1
2024-04-08 17:20:39,apriori0x
2024-04-08 17:20:39,wintermute_t
2024-04-08 17:20:39,MrBeast
2024-04-08 17:20:39,Oidnn5eMHQ
2024-04-08 17:20:39,ParaSwap
2024-04-08 17:20:39,CIAN_protocol
2024-04-08 17:20:39,algorand
2024-04-08 17:20:39,harvardhbs
2024-04-08 17:20:39,gauntlet_xyz
2024-04-08 17:20:39,rivatez
2024-04-08 17:20:39,axelarnetwork
2024-04-08 17:20:39,Columbia_Biz
2024-04-08 17:20:39,weremeow
2024-04-08 17:20:39,EQkhSdbM9a
2024-04-08 17:20:39,superseedclub
2024-04-08 17:20:39,gajeshnaik
2024-04-08 17:20:39,neuman1001
2024-04-08 17:20:39,eigenlayer
2024-04-08 17:20:39,NqCgU3ZbK9
2024-04-08 17:20:39,TheSpartanGroup
2024-04-08 17:20:39,vaneckpk
2024-04-08 17:20:39,Blockworks_
2024-04-08 17:20:39,CasperJohansen
2024-04-08 17:20:39,megaeth_labs
2024-04-08 17:20:39,amandacassatt
2024-04-08 17:20:39,brxckinridge
2024-04-08 17:20:39,hyperlane_xyz
2024-04-08 17:20:39,eiger_co
2024-04-08 17:20:39,crypt0glitter
2024-04-08 17:20:39,levelk_io
2024-04-08 17:20:39,haunventures
2024-04-08 17:20:39,inkymaze
2024-04-08 17:20:39,Consensys
2024-04-08 17:20:39,adamliptak
2024-04-08 17:20:39,Travis_Kling
2024-04-08 17:20:39,uwaterloo
2024-04-08 17:20:39,eVbg0NEdmw
2024-04-08 17:20:39,permissionless
2024-04-08 17:20:39,family
2024-04-08 17:20:39,aerafinance
2024-04-08 17:20:39,ecodao_
2024-04-08 17:20:39,aaronxkong
2024-04-08 17:20:39,sergey_nog
2024-04-08 17:20:39,elliptic
2024-04-08 17:20:39,EvanTheFeng
2024-04-08 17:20:39,anoma
2024-04-08 17:20:39,MuratLite
2024-04-08 17:20:39,osmosiszone
2024-04-08 17:20:39,serotonin_hq
2024-04-08 17:20:39,andy_koz
2024-04-08 17:20:39,silvermohawk
2024-04-08 17:20:39,dlnewsinfo
2024-04-08 17:20:39,Matthew_Graham_
2024-04-08 17:20:39,MIT
2024-04-08 17:20:39,AlexKFine
2024-04-08 17:20:39,hotpot_dao
2024-04-08 17:20:39,BarryLemonade
2024-04-08 17:20:39,blockworksDAS
2024-04-08 17:20:39,Ripple
2024-04-08 17:20:39,PmOpVza9hh
2024-04-08 17:20:39,divine_economy
2024-04-08 17:20:39,namada
2024-04-08 17:20:39,equilibrium_co
2024-04-08 17:20:39,Portikus_
2024-04-08 17:20:39,q2HJBveKnf
2024-04-08 17:20:39,MorphoLabs
2024-04-08 17:20:39,mempirate
2024-04-08 17:20:39,TimInCrypto
2024-04-08 17:20:39,primev_xyz
2024-04-08 17:20:39,EspressoSys
2024-04-08 17:20:39,hexonaut
2024-04-08 17:20:39,sgoldfed
2024-04-08 17:20:39,staderlabs
2024-04-08 17:20:39,alysiatech
2024-04-08 17:20:39,thecowfund
2024-04-08 17:20:39,coinfund_io
2024-04-08 17:20:39,aave
2024-04-08 17:20:39,eboadom
2024-04-08 17:20:39,Wellframe
2024-04-08 17:20:39,nambrot
2024-04-08 17:20:39,initc3org
2024-04-08 17:20:39,peter_szilagyi
2024-04-08 17:20:39,ballsyalchemist
2024-04-08 17:20:39,JohnIppolito11
2024-04-08 17:20:39,SxoZmGADyy
2024-04-08 17:20:39,ethereum
2024-04-08 17:20:39,arbitrum
2024-04-08 17:20:39,Stanford
2024-04-08 17:20:39,warcraft
2024-04-08 17:20:39,AxelarFDN
2024-04-08 17:20:39,ETHGlobal
2024-04-08 17:20:39,PaulFrambot
2024-04-08 17:20:39,CeloOrg
2024-04-08 17:20:39,PrincetonCS
2024-04-08 17:20:39,paradigm
2024-04-08 17:20:39,fenbushi
2024-04-08 17:20:39,jason_c_ma
2024-04-08 17:20:39,eigen_labs
2024-04-08 17:20:39,OffchainLabs
2024-04-08 17:20:39,developerdao
2024-04-08 17:20:39,cornell_tech
2024-04-08 17:20:39,euroemoney
2024-04-08 17:20:39,ciamac
2024-04-08 17:20:39,stakewise_io
2024-04-08 17:20:39,JohnEDeaton1
2024-04-08 17:20:39,IBM
2024-04-08 17:20:39,blocknative
2024-04-08 17:20:39,jokerace_io
2024-04-08 17:20:39,dingalingts
2024-04-08 17:20:39,blockworksres
2024-04-08 17:20:39,avara
2024-04-17 14:29:13,harvardhbs
2024-04-17 14:29:13,eigen_labs
2024-04-17 14:29:13,CasperJohansen
2024-04-17 14:29:13,developerdao
2024-04-17 14:29:13,aaronxkong
2024-04-17 14:29:13,fenbushi
2024-04-17 14:29:13,YoannTurpin1
2024-04-17 14:29:13,elicalebon
2024-04-17 14:29:13,bgdlabs
2024-04-17 14:29:13,chainbound_
2024-04-17 14:29:13,adrianbrink
2024-04-17 14:29:13,IBM
2024-04-17 14:29:13,BarryLemonade
2024-04-17 14:29:13,heliuslabs
2024-04-17 14:29:13,gajeshnaik
2024-04-17 14:29:13,algorand
2024-04-17 14:29:13,arbitrum
2024-04-17 14:29:13,MorphoLabs
2024-04-17 14:29:13,lightspeedpodhq
2024-04-17 14:29:13,mempirate
2024-04-17 14:29:13,0xMert_
2024-04-17 14:29:13,osmosiszone
2024-04-17 14:29:13,Wellframe
2024-04-17 14:29:13,crypt0glitter
2024-04-17 14:29:13,aave
2024-04-17 14:29:13,initc3org
2024-04-17 14:29:13,avara
2024-04-17 14:29:13,SxoZmGADyy
2024-04-17 14:29:13,megaeth_labs
2024-04-17 14:29:13,EQJUOM3tkb
2024-04-17 14:29:13,lensprotocol
2024-04-17 14:29:13,EvanTheFeng
2024-04-17 14:29:13,Ripple
2024-04-17 14:29:13,chefjeffsf
2024-04-17 14:29:13,blockworksDAS
2024-04-17 14:29:13,dingalingts
2024-04-17 14:29:13,eigenlayer
2024-04-17 14:29:13,staderlabs
2024-04-17 14:29:13,athensresearch
2024-04-17 14:29:13,cornell_tech
2024-04-17 14:29:13,namada
2024-04-17 14:29:13,family
2024-04-17 14:29:13,JohnEDeaton1
2024-04-17 14:29:13,OffchainLabs
2024-04-17 14:29:13,AxelarFDN
2024-04-17 14:29:13,hotpot_dao
2024-04-17 14:29:13,Columbia_Biz
2024-04-17 14:29:13,MrBeast
2024-04-17 14:29:13,ETHGlobal
2024-04-17 14:29:13,TheSpartanGroup
2024-04-17 14:29:13,primev_xyz
2024-04-17 14:29:13,thecowfund
2024-04-17 14:29:13,Blockworks_
2024-04-17 14:29:13,search?q=%24ETH&src=cashtag_click
2024-04-17 14:29:13,fun
2024-04-17 14:29:13,jokerace_io
2024-04-17 14:29:13,Oidnn5eeSi
2024-04-17 14:29:13,equilibrium_co
2024-04-17 14:29:13,ParaSwap
2024-04-17 14:29:13,PaulFrambot
2024-04-17 14:29:13,jason_c_ma
2024-04-17 14:29:13,eVbg0NEdmw
2024-04-17 14:29:13,PrincetonCS
2024-04-17 14:29:13,aerafinance
2024-04-17 14:29:13,Matthew_Graham_
2024-04-17 14:29:13,summa_one
2024-04-17 14:29:13,MuratLite
2024-04-17 14:29:13,q2HJBveKnf
2024-04-17 14:29:13,PmOpVza9hh
2024-04-17 14:29:13,uwaterloo
2024-04-17 14:29:13,permissionless
2024-04-17 14:29:13,Travis_Kling
2024-04-17 14:29:13,anoma
2024-04-17 14:29:13,CeloOrg
2024-04-17 14:29:13,euroemoney
2024-04-17 14:29:13,andy_koz
2024-04-17 14:29:13,snowmaker
2024-04-17 14:29:13,nambrot
2024-04-17 14:29:13,inkymaze
2024-04-17 14:29:13,silvermohawk
2024-04-17 14:29:13,adamliptak
2024-04-17 14:29:13,wintermute_t
2024-04-17 14:29:13,stakewise_io
2024-04-17 14:29:13,gajcapital
2024-04-17 14:29:13,sorellalabs
2024-04-17 14:29:13,EspressoSys
2024-04-17 14:29:13,serotonin_hq
2024-04-17 14:29:13,phoenixlabsdev
2024-04-17 14:29:13,AlexKFine
2024-04-17 14:29:13,levelk_io
2024-04-17 14:29:13,haunventures
2024-04-17 14:29:13,vaneckpk
2024-04-17 14:29:13,NqCgU3ZbK9
2024-04-17 14:29:13,gauntlet_xyz
2024-04-17 14:29:13,Consensys
2024-04-17 14:29:13,brxckinridge
2024-04-17 14:29:13,apriori0x
2024-04-17 14:29:13,ballsyalchemist
2024-04-17 14:29:13,blockworksres
2024-04-17 14:29:13,ecodao_
2024-04-17 14:29:13,sergey_nog
2024-04-17 14:29:13,divine_economy
2024-04-17 14:29:13,the_eqg
2024-04-17 14:29:13,hexonaut
2024-04-17 14:29:13,paradigm
2024-04-17 14:29:13,superseedclub
2024-04-17 14:29:13,heliaxdev
2024-04-17 14:29:13,uniswap
2024-04-17 14:29:13,MIT
2024-04-17 14:29:13,alysiatech
2024-04-17 14:29:13,warcraft
2024-04-17 14:29:13,amandacassatt
2024-04-17 14:29:13,hyperlane_xyz
2024-04-17 14:29:13,ycombinator
2024-04-17 14:29:13,sgoldfed
2024-04-17 14:29:13,eiger_co
2024-04-17 14:29:13,coinfund_io
2024-04-17 14:29:13,axelarnetwork
2024-04-17 14:29:13,Portikus_
2024-04-17 14:29:13,Global_Mil_Info
2024-04-17 14:29:13,JohnIppolito11
2024-04-17 14:29:13,EQkhSdbM9a
2024-04-17 14:29:13,Stanford
2024-04-17 14:29:13,rivatez
2024-04-17 14:29:13,CIAN_protocol
2024-04-17 14:29:13,elliptic
2024-04-17 14:29:13,neuman1001
2024-04-17 14:29:13,blocknative
2024-04-17 14:29:13,ciamac
2024-04-17 14:29:13,Token_Logic
2024-05-03 17:18:56,DeatonforSenate
2024-05-03 17:18:56,hero_glyphs
2024-05-03 17:18:56,sentdefender
2024-05-03 17:18:56,MerlinEgalite
2024-05-03 17:18:56,welikethecorn
2024-05-03 17:18:56,ethereum
2024-05-03 17:18:56,0xPolygon
2024-05-03 17:18:56,dkhB6oWZ08
2024-05-03 17:18:56,anuragarjun
2024-05-03 17:18:56,ethereumJoseph
2024-05-03 17:18:56,ConsensysMesh
2024-05-03 17:18:56,MattCorva
2024-05-03 17:18:56,leptokurtic_
2024-05-03 17:18:56,PcUbewvWPr
2024-05-03 17:18:56,ethena_labs
2024-05-03 17:18:56,celestiaorg
2024-05-03 17:18:56,ConsenSys
2024-05-03 17:18:56,ekrahm
2024-05-03 17:18:56,AvailProject
2024-05-03 17:18:56,GabeRabello
2024-05-08 17:27:54,acumen
2024-05-08 17:27:54,livepeer
2024-05-08 17:27:54,messaricrypto
2024-05-08 17:27:54,UMAprotocol
2024-05-08 17:27:54,genesistrading
2024-05-08 17:27:54,thelatestindefi
2024-05-08 17:27:54,AcrossProtocol
2024-05-08 17:27:54,bankofamerica
2024-05-08 17:27:54,BullpenFi
2024-05-08 17:27:54,roshunpatel
2024-05-08 17:27:54,RagdollzNFT
2024-05-08 17:27:54,RaffiSapire
2024-05-08 17:27:54,blknoiz06
2024-05-08 17:27:54,Daytime_X
2024-05-08 17:27:54,hack_vc
2024-05-08 17:27:54,WeAreDivizion
2024-05-08 17:27:54,eigen_da
2024-05-08 17:27:54,kelxyz_
2024-05-08 17:27:54,uniswapfnd
2024-05-08 17:27:54,daytimebenni
2024-05-08 17:27:54,BenniDaytime
2024-05-10 16:27:04,FrontierDotTech
2024-05-10 16:27:04,racarac
2024-05-15 13:58:25,AmericanExpress
2024-05-15 13:58:25,PwC
2024-05-15 13:58:25,0xAishwary
2024-05-15 13:58:25,KERNEL0x
2024-05-20 20:07:59,keoneHD
2024-05-20 20:07:59,use_corn
2024-05-20 20:07:59,nebrazkp
2024-05-20 20:07:59,hashcloak
2024-05-20 20:07:59,monad_xyz
2024-05-20 20:07:59,mantanetwork
2024-05-20 20:07:59,blkswanresearch
2024-05-20 20:07:59,uwcse
2024-05-20 20:07:59,MesonSafe
2024-05-20 20:07:59,shumochu
2024-05-20 20:07:59,MesonMixnet
2024-05-20 20:07:59,StoffelFinance
2024-05-20 20:07:59,0xMether
2024-05-20 20:07:59,ucsbcs
2024-05-20 20:07:59,seriouscryptob
2024-05-20 20:07:59,badcryptobitch
2024-05-20 20:07:59,nounsdao
