2024-04-05 22:57:59,opensea
2024-04-05 22:57:59,YaleSOM
2024-04-05 22:57:59,0xProject
2024-04-05 22:57:59,0xvanbeethoven
2024-04-05 22:57:59,alongsidefi
2024-04-05 22:57:59,PessimistsArc
2024-04-05 22:57:59,pumatheuma
2024-04-05 22:57:59,oWuqLcC1c0
2024-04-05 22:57:59,0xRMT
2024-04-05 22:57:59,s5n2gkwveT
2024-04-05 22:57:59,louisanslow
2024-04-05 22:57:59,the_DTCC
2024-04-05 22:57:59,tigerhillDC
2024-04-05 22:57:59,protocollabs
2024-04-05 22:57:59,parisreview
2024-04-05 22:57:59,MF_FOOM
2024-04-05 22:57:59,0xryankim
2024-04-05 22:57:59,mattsse_
2024-04-05 22:57:59,compoundfinance
2024-04-05 22:57:59,r_krasiuk
2024-04-05 22:57:59,midjourney
2024-04-05 22:57:59,privy_io
2024-04-05 22:57:59,CgaoMfhUHd
2024-04-05 22:57:59,colgateuniv
2024-04-05 22:57:59,Post_Market
2024-04-05 22:57:59,DavidSHolz
2024-04-05 22:57:59,AlexanderGrieve
2024-04-05 22:57:59,onbjerg
2024-04-05 22:57:59,faelpontopt
2024-04-05 22:57:59,Di02aEsuzL
2024-04-05 22:57:59,aiDotengineer
2024-04-05 22:57:59,jordanmmck
2024-04-05 22:57:59,GwartyGwart
2024-04-05 22:57:59,BLAST_L2
2024-04-05 22:57:59,BLUR_io
2024-04-05 22:57:59,0xgaut
2024-04-05 22:57:59,goth600
2024-04-05 22:57:59,ellipsis_labs
2024-04-05 22:57:59,panteracapital
2024-04-05 22:57:59,Blast_L2
2024-04-05 22:57:59,SophieHaigney
2024-04-05 22:57:59,0xBalloonLover
2024-04-05 22:57:59,concodanomics
2024-04-05 22:57:59,jarxiao
2024-04-05 22:57:59,wPsUFST31g
2024-04-05 22:57:59,sxysun1
2024-04-05 22:57:59,rakitadragan
2024-04-05 22:57:59,willdepue
2024-04-05 22:57:59,PacmanBlur
2024-04-05 22:57:59,MIT
2024-04-05 22:57:59,FoundersPodcast
2024-04-05 22:57:59,latentspacepod
2024-04-05 22:57:59,thelatestindefi
2024-04-05 22:57:59,z0age
2024-04-05 22:57:59,txsequencer
2024-04-05 22:57:59,hashed_official
2024-04-05 22:57:59,Uchicago
2024-04-05 22:57:59,nickmartitsch
2024-04-05 22:57:59,0x94305
2024-04-05 22:57:59,YCombinator
2024-04-05 22:57:59,lindsay_slocum
2024-04-05 22:57:59,UCC2_xyz
2024-04-05 22:57:59,Plinz
2024-04-05 22:57:59,keoneHD
2024-04-05 22:57:59,jon_charb
2024-04-05 22:57:59,_MouseDev
2024-04-05 22:57:59,swyx
2024-04-05 22:57:59,post_polar_
2024-04-05 22:57:59,sui414
2024-04-05 22:57:59,ThielFellowship
2024-04-05 22:57:59,PatrickMcHenry
2024-04-05 22:57:59,wagieeacc
2024-04-05 22:57:59,linaeons
2024-04-05 22:57:59,dba_crypto
2024-04-05 22:57:59,GaussianProcess
2024-04-05 22:57:59,succinctlabs
2024-04-05 22:57:59,coding_career
2024-04-05 22:57:59,SheaKetsdever
2024-04-05 22:57:59,rFUNzdYXuK
2024-04-05 22:57:59,brendanpmalone
2024-04-05 22:57:59,Sorellalabs
2024-04-05 22:57:59,smolmodels
2024-04-05 22:57:59,paradigm
2024-04-05 22:57:59,financialcmte
2024-04-05 22:57:59,Shopify
2024-04-05 22:57:59,FVn3NRNrLe
2024-04-05 22:57:59,SpeakerBoehner
2024-04-05 22:57:59,alexeyguzey
2024-04-05 22:57:59,monad_xyz
2024-04-05 22:57:59,sourdzl
2024-04-05 22:57:59,Treasure_DAO
2024-04-05 22:57:59,MD9jXsNW0X
2024-04-05 22:57:59,mevtiger
2024-04-05 22:57:59,indexed_pod
2024-04-05 22:57:59,AnonymiceNFT
2024-04-05 22:57:59,solana
2024-04-05 22:57:59,henri_stern
2024-04-05 22:57:59,tobi
2024-04-05 22:57:59,ConsenSys
2024-04-08 17:01:52,wagieeacc
2024-04-08 17:01:52,0xProject
2024-04-08 17:01:52,aiDotengineer
2024-04-08 17:01:52,jon_charb
2024-04-08 17:01:52,financialcmte
2024-04-08 17:01:52,alexeyguzey
2024-04-08 17:01:52,colgateuniv
2024-04-08 17:01:52,0xRMT
2024-04-08 17:01:52,thelatestindefi
2024-04-08 17:01:52,nickmartitsch
2024-04-08 17:01:52,PatrickMcHenry
2024-04-08 17:01:52,alongsidefi
2024-04-08 17:01:52,succinctlabs
2024-04-08 17:01:52,linaeons
2024-04-08 17:01:52,midjourney
2024-04-08 17:01:52,Shopify
2024-04-08 17:01:52,rFUNzdYXuK
2024-04-08 17:01:52,Uchicago
2024-04-08 17:01:52,smolmodels
2024-04-08 17:01:52,FVn3NRNrLe
2024-04-08 17:01:52,henri_stern
2024-04-08 17:01:52,MIT
2024-04-08 17:01:52,0xvanbeethoven
2024-04-08 17:01:52,faelpontopt
2024-04-08 17:01:52,txsequencer
2024-04-08 17:01:52,PacmanBlur
2024-04-08 17:01:52,SophieHaigney
2024-04-08 17:01:52,oWuqLcC1c0
2024-04-08 17:01:52,pumatheuma
2024-04-08 17:01:52,0xBalloonLover
2024-04-08 17:01:52,solana
2024-04-08 17:01:52,_MouseDev
2024-04-08 17:01:52,YCombinator
2024-04-08 17:01:52,tigerhillDC
2024-04-08 17:01:52,rakitadragan
2024-04-08 17:01:52,indexed_pod
2024-04-08 17:01:52,lzin5ByH0t
2024-04-08 17:01:52,sxysun1
2024-04-08 17:01:52,protocollabs
2024-04-08 17:01:52,MF_FOOM
2024-04-08 17:01:52,YaleSOM
2024-04-08 17:01:52,0xgaut
2024-04-08 17:01:52,lindsay_slocum
2024-04-08 17:01:52,Blast_L2
2024-04-08 17:01:52,MD9jXsNW0X
2024-04-08 17:01:52,DuU6MMqcgQ
2024-04-08 17:01:52,GaussianProcess
2024-04-08 17:01:52,SpeakerBoehner
2024-04-08 17:01:52,z0age
2024-04-08 17:01:52,mattsse_
2024-04-08 17:01:52,onbjerg
2024-04-08 17:01:52,0x94305
2024-04-08 17:01:52,Sorellalabs
2024-04-08 17:01:52,the_DTCC
2024-04-08 17:01:52,0xryankim
2024-04-08 17:01:52,GwartyGwart
2024-04-08 17:01:52,goth600
2024-04-08 17:01:52,UCC2_xyz
2024-04-08 17:01:52,privy_io
2024-04-08 17:01:52,Plinz
2024-04-08 17:01:52,s5n2gkwveT
2024-04-08 17:01:52,latentspacepod
2024-04-08 17:01:52,sourdzl
2024-04-08 17:01:52,keoneHD
2024-04-08 17:01:52,ellipsis_labs
2024-04-08 17:01:52,CgaoMfhUHd
2024-04-08 17:01:52,willdepue
2024-04-08 17:01:52,parisreview
2024-04-08 17:01:52,BLAST_L2
2024-04-08 17:01:52,monad_xyz
2024-04-08 17:01:52,PessimistsArc
2024-04-08 17:01:52,Treasure_DAO
2024-04-08 17:01:52,SheaKetsdever
2024-04-08 17:01:52,post_polar_
2024-04-08 17:01:52,dba_crypto
2024-04-08 17:01:52,jarxiao
2024-04-08 17:01:52,wPsUFST31g
2024-04-08 17:01:52,sui414
2024-04-08 17:01:52,paradigm
2024-04-08 17:01:52,compoundfinance
2024-04-08 17:01:52,tobi
2024-04-08 17:01:52,ThielFellowship
2024-04-08 17:01:52,hashed_official
2024-04-08 17:01:52,oMIiyJcIzk
2024-04-08 17:01:52,r_krasiuk
2024-04-08 17:01:52,jordanmmck
2024-04-08 17:01:52,MartinShkreli
2024-04-08 17:01:52,brendanpmalone
2024-04-08 17:01:52,swyx
2024-04-08 17:01:52,BLUR_io
2024-04-08 17:01:52,AnonymiceNFT
2024-04-08 17:01:52,FoundersPodcast
2024-04-08 17:01:52,concodanomics
2024-04-08 17:01:52,coding_career
2024-04-08 17:01:52,Di02aEsuzL
2024-04-08 17:01:52,AlexanderGrieve
2024-04-08 17:01:52,ConsenSys
2024-04-08 17:01:52,opensea
2024-04-08 17:01:52,DavidSHolz
2024-04-08 17:01:52,panteracapital
2024-04-08 17:01:52,louisanslow
2024-04-08 17:01:52,Post_Market
2024-04-08 12:26:09,MD9jXsNW0X
2024-04-08 12:26:09,louisanslow
2024-04-08 12:26:09,wPsUFST31g
2024-04-08 12:26:09,solana
2024-04-08 12:26:09,succinctlabs
2024-04-08 12:26:09,keoneHD
2024-04-08 12:26:09,PessimistsArc
2024-04-08 12:26:09,linaeons
2024-04-08 12:26:09,oWuqLcC1c0
2024-04-08 12:26:09,jordanmmck
2024-04-08 12:26:09,jarxiao
2024-04-08 12:26:09,faelpontopt
2024-04-08 12:26:09,pumatheuma
2024-04-08 12:26:09,monad_xyz
2024-04-08 12:26:09,Uchicago
2024-04-08 12:26:09,ellipsis_labs
2024-04-08 12:26:09,0xvanbeethoven
2024-04-08 12:26:09,alexeyguzey
2024-04-08 12:26:09,sourdzl
2024-04-08 12:26:09,Blast_L2
2024-04-08 12:26:09,Sorellalabs
2024-04-08 12:26:09,0xBalloonLover
2024-04-08 12:26:09,post_polar_
2024-04-17 14:08:21,protocollabs
2024-04-17 14:08:21,0xvanbeethoven
2024-04-17 14:08:21,colgateuniv
2024-04-17 14:08:21,wagieeacc
2024-04-17 14:08:21,privy_io
2024-04-17 14:08:21,Plinz
2024-04-17 14:08:21,mattsse_
2024-04-17 14:08:21,onbjerg
2024-04-17 14:08:21,tigerhillDC
2024-04-17 14:08:21,GaussianProcess
2024-04-17 14:08:21,oWuqLcC1c0
2024-04-17 14:08:21,rakitadragan
2024-04-17 14:08:21,AlexanderGrieve
2024-04-17 14:08:21,faelpontopt
2024-04-17 14:08:21,FVn3NRNrLe
2024-04-17 14:08:21,z0age
2024-04-17 14:08:21,SpeakerBoehner
2024-04-17 14:08:21,linaeons
2024-04-17 14:08:21,louisanslow
2024-04-17 14:08:21,MF_FOOM
2024-04-17 14:08:21,thelatestindefi
2024-04-17 14:08:21,jarxiao
2024-04-17 14:08:21,the_DTCC
2024-04-17 14:08:21,r_krasiuk
2024-04-17 14:08:21,PessimistsArc
2024-04-17 14:08:21,0xBalloonLover
2024-04-17 14:08:21,Sorellalabs
2024-04-17 14:08:21,opensea
2024-04-17 14:08:21,nickmartitsch
2024-04-17 14:08:21,sui414
2024-04-17 14:08:21,lindsay_slocum
2024-04-17 14:08:21,tobi
2024-04-17 14:08:21,Shopify
2024-04-17 14:08:21,DuU6MMqcgQ
2024-04-17 14:08:21,monad_xyz
2024-04-17 14:08:21,keoneHD
2024-04-17 14:08:21,compoundfinance
2024-04-17 14:08:21,jon_charb
2024-04-17 14:08:21,hashed_official
2024-04-17 14:08:21,solana
2024-04-17 14:08:21,0x94305
2024-04-17 14:08:21,YaleSOM
2024-04-17 14:08:21,apatheticwhale
2024-04-17 14:08:21,ConsenSys
2024-04-17 14:08:21,txsequencer
2024-04-17 14:08:21,paradigm
2024-04-17 14:08:21,rFUNzdYXuK
2024-04-17 14:08:21,panteracapital
2024-04-17 14:08:21,henri_stern
2024-04-17 14:08:21,Blast_L2
2024-04-17 14:08:21,wPsUFST31g
2024-04-17 14:08:21,CgaoMfhUHd
2024-04-17 14:08:21,Uchicago
2024-04-17 14:08:21,alexeyguzey
2024-04-17 14:08:21,sourdzl
2024-04-17 14:08:21,succinctlabs
2024-04-17 14:08:21,0xryankim
2024-04-17 14:08:21,dba_crypto
2024-04-17 14:08:21,0xRMT
2024-04-17 14:08:21,lzin5ByH0t
2024-04-17 14:08:21,ellipsis_labs
2024-04-17 14:08:21,oMIiyJcIzk
2024-04-17 14:08:21,0xProject
2024-04-17 14:08:21,FoundersPodcast
2024-04-17 14:08:21,pumatheuma
2024-04-17 14:08:21,jordanmmck
2024-04-17 14:08:21,MartinShkreli
2024-04-17 14:08:21,GwartyGwart
2024-04-17 14:08:21,indexed_pod
2024-04-17 14:08:21,UCC2_xyz
2024-04-17 14:08:21,MD9jXsNW0X
2024-04-17 14:08:21,post_polar_
2024-05-03 17:12:14,jaredkushner
2024-05-03 17:12:14,ShaneBarratt
2024-05-08 17:21:33,muasIr0PuD
2024-05-08 17:21:33,GUy99qMi2O
