2024-04-05 21:57:00,search?q=%24KPOP&src=cashtag_click
2024-04-05 21:57:00,Tree_of_Alpha
2024-04-05 21:57:00,tIDuBxkO6Q
2024-04-05 21:57:00,ZircuitL2
2024-04-05 21:57:00,degenapeacademy
2024-04-05 21:57:00,search?q=%24TREE&src=cashtag_click
2024-04-05 21:57:00,base
2024-04-05 21:57:00,search?q=%24MOUTAI&src=cashtag_click
2024-04-05 21:57:00,search?q=%24WIF&src=cashtag_click
2024-04-05 21:57:00,SynopticCom
2024-04-05 21:57:00,ionet
2024-04-05 21:57:00,azuki
2024-04-05 21:57:00,DegenCorporate
2024-04-05 21:57:00,zama_fhe
2024-04-05 21:57:00,animecoin
2024-04-05 21:57:00,ec__2017
2024-04-05 21:57:00,BLAST_L2
2024-04-05 21:57:00,TensorplexLabs
2024-04-05 21:57:00,TheGoldJordan
2024-04-05 21:57:00,Chimera_avax
2024-04-05 21:57:00,astralmatrix
2024-04-05 21:57:00,alphawifhat
2024-04-05 21:57:00,HouseMedici
2024-04-05 21:57:00,StabilityAI
2024-04-05 21:57:00,BLUR_io
2024-04-05 21:57:00,lmrankhan
2024-04-05 21:57:00,tofushit888
2024-04-05 21:57:00,thenetrunna
2024-04-05 21:57:00,MoutaiFund
2024-04-05 21:57:00,k0NBfNT5t3
2024-04-05 21:57:00,search?q=%24CHONKY&src=cashtag_click
2024-04-05 21:57:00,Slerfsol
2024-04-05 21:57:00,getbasedai
2024-04-05 21:57:00,xzb2vNtahh
2024-04-05 21:57:00,SummersThings
2024-04-05 21:57:00,i5q51NxgXC
2024-04-05 21:57:00,search?q=%24DEGEN&src=cashtag_click
2024-04-05 21:57:00,neso
2024-04-05 21:57:00,luigidemeo
2024-04-05 21:57:00,DegenApeAcademy
2024-04-05 21:57:00,xbtgab
2024-04-05 21:57:00,Rd6T1qdPLj
2024-04-05 21:57:00,HarambeApes
2024-04-05 21:57:00,PacmanBlur
2024-04-05 21:57:00,shog_AGI
2024-04-05 21:57:00,MIT
2024-04-05 21:57:00,friendtech
2024-04-05 21:57:00,0xcity3
2024-04-05 21:57:00,search?q=%24happi&src=cashtag_click
2024-04-05 21:57:00,Darkfarms1
2024-04-05 21:57:00,Citi
2024-04-05 21:57:00,search?q=%24RING&src=cashtag_click
2024-04-05 21:57:00,search?q=%24CULT&src=cashtag_click
2024-04-05 21:57:00,HAPPIcatOnSOL
2024-04-05 21:57:00,search?q=%24MEW&src=cashtag_click
2024-04-05 21:57:00,alliancedao
2024-04-05 21:57:00,cokezero
2024-04-05 21:57:00,chirulabs
2024-04-05 21:57:00,YCombinator
2024-04-05 21:57:00,ethdotethdoteth
2024-04-05 21:57:00,r5t8blnkMN
2024-04-05 21:57:00,locationtba
2024-04-05 21:57:00,Stonetoday
2024-04-05 21:57:00,AvaLabs
2024-04-05 21:57:00,GiggleAcademy
2024-04-05 21:57:00,_munchables_
2024-04-05 21:57:00,7Sent_
2024-04-05 21:57:00,youlovegrumpy
2024-04-05 21:57:00,dogeofficialceo
2024-04-05 21:57:00,blep_hehe
2024-04-05 21:57:00,weremeow
2024-04-05 21:57:00,oakcurrency
2024-04-05 21:57:00,MorpheusAIs
2024-04-05 21:57:00,Exponents_Fi
2024-04-05 21:57:00,LarpVonTrier
2024-04-05 21:57:00,ThielFellowship
2024-04-05 21:57:00,search?q=%24TECH&src=cashtag_click
2024-04-05 21:57:00,degentokenbase
2024-04-05 21:57:00,CU6oSLExw2
2024-04-05 21:57:00,TheSpartanGroup
2024-04-05 21:57:00,jessepollak
2024-04-05 21:57:00,dragonfly_xyz
2024-04-05 21:57:00,MewsWorld
2024-04-05 21:57:00,TECHimproving
2024-04-05 21:57:00,bullbot_ai
2024-04-05 21:57:00,The__Solstice
2024-04-05 21:57:00,EMostaque
2024-04-05 21:57:00,kNBW0ZrTG7
2024-04-05 21:57:00,ksicrypto
2024-04-05 21:57:00,chonkycom
2024-04-05 21:57:00,TreeTokenEth
2024-04-05 21:57:00,ryanology045
2024-04-05 21:57:00,DaaDirtyDozen
2024-04-05 21:57:00,search?q=%24SLERF&src=cashtag_click
2024-04-05 21:57:00,PanteraCapital
2024-04-05 21:57:00,SavingGorillas
2024-04-05 21:57:00,JupiterExchange
2024-04-05 21:57:00,Moutai_Sol
2024-04-05 21:57:00,goodgamepodxyz
2024-04-05 21:57:00,voltcapital
2024-04-05 21:57:00,TryRingAI
2024-04-05 21:57:00,1JhctOJYye
2024-04-05 21:57:00,T8mbqqfXar
2024-04-05 21:57:00,solana
2024-04-05 21:57:00,PwgYCwfWIx
2024-04-05 21:57:00,jupiterexchange
2024-04-08 16:27:59,lightspeedpodhq
2024-04-08 16:27:59,search?q=%24MEW&src=cashtag_click
2024-04-08 16:27:59,xbtgab
2024-04-08 16:27:59,search?q=%24happi&src=cashtag_click
2024-04-08 16:27:59,jito_sol
2024-04-08 16:27:59,CU6oSLExw2
2024-04-08 16:27:59,jupiterexchange
2024-04-08 16:27:59,ethdotethdoteth
2024-04-08 16:27:59,search?q=%24RING&src=cashtag_click
2024-04-08 16:27:59,0xMert_
2024-04-08 16:27:59,locationtba
2024-04-08 16:27:59,jessepollak
2024-04-08 16:27:59,TreeTokenEth
2024-04-08 16:27:59,MoutaiWhale
2024-04-08 16:27:59,friendtech
2024-04-08 16:27:59,HAPPIcatOnSOL
2024-04-08 16:27:59,cokezero
2024-04-08 16:27:59,TensorplexLabs
2024-04-08 16:27:59,MIT
2024-04-08 16:27:59,Exponents_Fi
2024-04-08 16:27:59,heliuslabs
2024-04-08 16:27:59,PacmanBlur
2024-04-08 16:27:59,thenetrunna
2024-04-08 16:27:59,Brave
2024-04-08 16:27:59,search?q=%24WIF&src=cashtag_click
2024-04-08 16:27:59,search?q=%24MOUTAI&src=cashtag_click
2024-04-08 16:27:59,convinced_bro
2024-04-08 16:27:59,pKH3tdiZe6
2024-04-08 16:27:59,YCombinator
2024-04-08 16:27:59,The__Solstice
2024-04-08 16:27:59,T8mbqqfXar
2024-04-08 16:27:59,ZircuitL2
2024-04-08 16:27:59,bullbot_ai
2024-04-08 16:27:59,MorpheusAIs
2024-04-08 16:27:59,Moutai_Sol
2024-04-08 16:27:59,Chimera_avax
2024-04-08 16:27:59,SynopticCom
2024-04-08 16:27:59,DegenCorporate
2024-04-08 16:27:59,7Sent_
2024-04-08 16:27:59,HouseMedici
2024-04-08 16:27:59,MewsWorld
2024-04-08 16:27:59,astralmatrix
2024-04-08 16:27:59,search?q=%24boden&src=cashtag_click
2024-04-08 16:27:59,oakcurrency
2024-04-08 16:27:59,PanteraCapital
2024-04-08 16:27:59,search?q=%24TREE&src=cashtag_click
2024-04-08 16:27:59,TryRingAI
2024-04-08 16:27:59,weremeow
2024-04-08 16:27:59,degentokenbase
2024-04-08 16:27:59,0xcity3
2024-04-08 16:27:59,TheGoldJordan
2024-04-08 16:27:59,search?q=%24BAT&src=cashtag_click
2024-04-08 16:27:59,GiggleAcademy
2024-04-08 16:27:59,TheSpartanGroup
2024-04-08 16:27:59,DaaDirtyDozen
2024-04-08 16:27:59,search?q=%24POPCAT&src=cashtag_click
2024-04-08 16:27:59,search?q=%24CULT&src=cashtag_click
2024-04-08 16:27:59,BLAST_L2
2024-04-08 16:27:59,ryanology045
2024-04-08 16:27:59,lilpotates
2024-04-08 16:27:59,search?q=%24CHONKY&src=cashtag_click
2024-04-08 16:27:59,OpanyRichard
2024-04-08 16:27:59,PwgYCwfWIx
2024-04-08 16:27:59,base
2024-04-08 16:27:59,tofushit888
2024-04-08 16:27:59,kNBW0ZrTG7
2024-04-08 16:27:59,k0NBfNT5t3
2024-04-08 16:27:59,DegenApeAcademy
2024-04-08 16:27:59,search?q=%24DEGEN&src=cashtag_click
2024-04-08 16:27:59,degenapeacademy
2024-04-08 16:27:59,chonkycom
2024-04-08 16:27:59,SummersThings
2024-04-08 16:27:59,PointMarket_NOW
2024-04-08 16:27:59,1JhctOJYye
2024-04-08 16:27:59,EMostaque
2024-04-08 16:27:59,shog_AGI
2024-04-08 16:27:59,ThielFellowship
2024-04-08 16:27:59,animecoin
2024-04-08 16:27:59,search?q=%24KPOP&src=cashtag_click
2024-04-08 16:27:59,boden4pres
2024-04-08 16:27:59,StabilityAI
2024-04-08 16:27:59,berachain
2024-04-08 16:27:59,BLUR_io
2024-04-08 16:27:59,alphawifhat
2024-04-08 16:27:59,chirulabs
2024-04-08 16:27:59,AttentionToken
2024-04-08 16:27:59,LarpVonTrier
2024-04-08 16:27:59,MoutaiFund
2024-04-08 16:27:59,ec__2017
2024-04-08 16:27:59,MaestromDefi
2024-04-08 16:27:59,azuki
2024-04-08 16:27:59,Tree_of_Alpha
2024-04-08 16:27:59,lukemulks
2024-04-08 16:27:59,ksicrypto
2024-04-08 16:27:59,dragonfly_xyz
2024-04-08 12:08:29,dragonfly_xyz
2024-04-08 12:08:29,friendtech
2024-04-08 12:08:29,search?q=%24MOUTAI&src=cashtag_click
2024-04-08 12:08:29,search?q=%24CHONKY&src=cashtag_click
2024-04-08 12:08:29,degenapeacademy
2024-04-08 12:08:29,MorpheusAIs
2024-04-08 12:08:29,locationtba
2024-04-08 12:08:29,search?q=%24DEGEN&src=cashtag_click
2024-04-08 12:08:29,search?q=%24WIF&src=cashtag_click
2024-04-08 12:08:29,PointMarket_NOW
2024-04-08 12:08:29,CU6oSLExw2
2024-04-08 12:08:29,search?q=%24POPCAT&src=cashtag_click
2024-04-08 12:08:29,BLAST_L2
2024-04-08 12:08:29,The__Solstice
2024-04-08 12:08:29,OpanyRichard
2024-04-08 12:08:29,ethdotethdoteth
2024-04-08 12:08:29,TheSpartanGroup
2024-04-08 12:08:29,DegenCorporate
2024-04-08 12:08:29,thenetrunna
2024-04-08 12:08:29,DaaDirtyDozen
2024-04-08 12:08:29,oakcurrency
2024-04-08 12:08:29,Chimera_avax
2024-04-08 12:08:29,jessepollak
2024-04-08 12:08:29,search?q=%24CULT&src=cashtag_click
2024-04-08 12:08:29,MIT
2024-04-08 12:08:29,Moutai_Sol
2024-04-08 12:08:29,HouseMedici
2024-04-08 12:08:29,heliuslabs
2024-04-08 12:08:29,DegenApeAcademy
2024-04-08 12:08:29,search?q=%24happi&src=cashtag_click
2024-04-08 12:08:29,search?q=%24boden&src=cashtag_click
2024-04-08 12:08:29,chirulabs
2024-04-08 12:08:29,animecoin
2024-04-08 12:08:29,boden4pres
2024-04-08 12:08:29,PacmanBlur
2024-04-08 12:08:29,k0NBfNT5t3
2024-04-08 12:08:29,TensorplexLabs
2024-04-08 12:08:29,BLUR_io
2024-04-08 12:08:29,MoutaiFund
2024-04-08 12:08:29,lilpotates
2024-04-08 12:08:29,base
2024-04-08 12:08:29,ec__2017
2024-04-08 12:08:29,cokezero
2024-04-08 12:08:29,convinced_bro
2024-04-08 12:08:29,MaestromDefi
2024-04-08 12:08:29,shog_AGI
2024-04-08 12:08:29,0xcity3
2024-04-08 12:08:29,xbtgab
2024-04-08 12:08:29,alphawifhat
2024-04-08 12:08:29,AttentionToken
2024-04-08 12:08:29,ThielFellowship
2024-04-08 12:08:29,ZircuitL2
2024-04-08 12:08:29,Brave
2024-04-08 12:08:29,chonkycom
2024-04-08 12:08:29,PanteraCapital
2024-04-08 12:08:29,lukemulks
2024-04-08 12:08:29,search?q=%24BAT&src=cashtag_click
2024-04-08 12:08:29,berachain
2024-04-08 12:08:29,MewsWorld
2024-04-08 12:08:29,Exponents_Fi
2024-04-08 12:08:29,bullbot_ai
2024-04-08 12:08:29,astralmatrix
2024-04-08 12:08:29,YCombinator
2024-04-08 12:08:29,jito_sol
2024-04-08 12:08:29,tofushit888
2024-04-08 12:08:29,pKH3tdiZe6
2024-04-08 12:08:29,EMostaque
2024-04-08 12:08:29,lightspeedpodhq
2024-04-08 12:08:29,PwgYCwfWIx
2024-04-08 12:08:29,1JhctOJYye
2024-04-08 12:08:29,0xMert_
2024-04-08 12:08:29,StabilityAI
2024-04-08 12:08:29,LarpVonTrier
2024-04-08 12:08:29,MoutaiWhale
2024-04-08 12:08:29,TheGoldJordan
2024-04-08 12:08:29,HAPPIcatOnSOL
2024-04-08 12:08:29,T8mbqqfXar
2024-04-08 12:08:29,degentokenbase
2024-04-08 12:08:29,search?q=%24MEW&src=cashtag_click
2024-04-08 12:08:29,azuki
2024-04-17 13:35:51,Bybit_Official
2024-04-17 13:35:51,astralmatrix
2024-04-17 13:35:51,Maelstromfund
2024-04-17 13:35:51,dXpNrmCx5I
2024-04-17 13:35:51,intr3pico
2024-04-17 13:35:51,GunnisonCap
2024-04-17 13:35:51,search?q=%24POPCAT&src=cashtag_click
2024-04-17 13:35:51,CreatorBid
2024-04-17 13:35:51,xbtgab
2024-04-17 13:35:51,MemeGlobal_
2024-04-17 13:35:51,Exponents_Fi
2024-04-17 13:35:51,d6AGwLIs5x
2024-04-17 13:35:51,heliuslabs
2024-04-17 13:35:51,PanteraCapital
2024-04-17 13:35:51,BainCapital
2024-04-17 13:35:51,ChintaiNetwork
2024-04-17 13:35:51,BainCapVC
2024-04-17 13:35:51,build_on_bob
2024-04-17 13:35:51,lightspeedpodhq
2024-04-17 13:35:51,sophon
2024-04-17 13:35:51,0xMert_
2024-04-17 13:35:51,lukemulks
2024-04-17 13:35:51,MoutaiWhale
2024-04-17 13:35:51,jLsVR21zpU
2024-04-17 13:35:51,GnqSDkEWla
2024-04-17 13:35:51,PointMarket_NOW
2024-04-17 13:35:51,search?q=%24WIF&src=cashtag_click
2024-04-17 13:35:51,thenetrunna
2024-04-17 13:35:51,QkCog6MLEK
2024-04-17 13:35:51,PlumeNetwork
2024-04-17 13:35:51,hiFramework
2024-04-17 13:35:51,oakcurrency
2024-04-17 13:35:51,search?q=%24KRAV&src=cashtag_click
2024-04-17 13:35:51,0xcity3
2024-04-17 13:35:51,shog_AGI
2024-04-17 13:35:51,earngather
2024-04-17 13:35:51,KookCapitalLLC
2024-04-17 13:35:51,MaestromDefi
2024-04-17 13:35:51,bowtiedbull
2024-04-17 13:35:51,inference_labs
2024-04-17 13:35:51,Coinbase
2024-04-17 13:35:51,NEARProtocol
2024-04-17 13:35:51,ilblackdragon
2024-04-17 13:35:51,base
2024-04-17 13:35:51,LightspeedVP
2024-04-17 13:35:51,monad_xyz
2024-04-17 13:35:51,keoneHD
2024-04-17 13:35:51,menciusxbt
2024-04-17 13:35:51,OpanyRichard
2024-04-17 13:35:51,Brave
2024-04-17 13:35:51,PupsToken
2024-04-17 13:35:51,0xAnteater
2024-04-17 13:35:51,search?q=%24PUPS&src=cashtag_click
2024-04-17 13:35:51,pKH3tdiZe6
2024-04-17 13:35:51,search?q=%24CHEX&src=cashtag_click
2024-04-17 13:35:51,apatheticwhale
2024-04-17 13:35:51,xai
2024-04-17 13:35:51,glass_markets
2024-04-17 13:35:51,BowTiedNightOwl
2024-04-17 13:35:51,HouseMedici
2024-04-17 13:35:51,itscherryliu
2024-04-17 13:35:51,Fibonacci_666
2024-04-17 13:35:51,Mubadala
2024-04-17 13:35:51,kravtrade
2024-04-17 13:35:51,search?q=%24BAT&src=cashtag_click
2024-04-17 13:35:51,search?q=%24BTC&src=cashtag_click
2024-04-17 13:35:51,pumpdotfun
2024-04-17 13:35:51,a1lon9
2024-04-17 13:35:51,bodenonsolana
2024-04-17 13:35:51,Ethereum
2024-04-17 13:35:51,TheSpartanGroup
2024-04-17 13:35:51,berachain
2024-04-17 13:35:51,MattyIceCO
2024-04-17 13:35:51,AttentionToken
2024-04-17 13:35:51,MrStevenSteele
2024-04-17 13:35:51,bonk_inu
2024-04-17 13:35:51,free_electron0
2024-04-17 13:35:51,Karak_Network
2024-04-17 13:35:51,ethdotethdoteth
2024-04-17 13:35:51,alphawifhat
2024-04-17 13:35:51,DCGCo
2024-04-17 13:35:51,lilpotates
2024-04-17 13:35:51,jessepollak
2024-04-17 13:35:51,boden4pres
2024-04-17 13:35:51,DCGco
2024-04-17 13:35:51,MemecoinMonitor
2024-04-17 13:35:51,MorpheusAIs
2024-04-17 13:35:51,convinced_bro
2024-04-17 13:35:51,JGDWLWABFY
2024-04-17 13:35:51,search?q=%24boden&src=cashtag_click
2024-04-17 13:35:51,jito_sol
2024-04-17 13:35:51,5I8qHw5GNN
2024-04-17 13:35:51,AndalusiaLabs
2024-05-03 16:56:58,search?q=%24LEASH&src=cashtag_click
2024-05-03 16:56:58,FarmerJoe0x
2024-05-03 16:56:58,M6iNuH76x7
2024-05-03 16:56:58,aoTheComputer
2024-05-03 16:56:58,75pG4PAg5a
2024-05-03 16:56:58,6e1FBfCche
2024-05-03 16:56:58,LineaBuild
2024-05-03 16:56:58,Kc1uJ1QjCx
2024-05-03 16:56:58,pivfund2100
2024-05-03 16:56:58,hero_glyphs
2024-05-03 16:56:58,MartinShkreli
2024-05-03 16:56:58,EarnWithBM
2024-05-03 16:56:58,DavidFBailey
2024-05-03 16:56:58,search?q=%24TREAT&src=cashtag_click
2024-05-03 16:56:58,Tesla_Optimus
2024-05-03 16:56:58,KaminoFinance
2024-05-03 16:56:58,UTXOmgmt
2024-05-03 16:56:58,oMIiyJcIzk
2024-05-03 16:56:58,jamesfickel
2024-05-03 16:56:58,MINHxDYNASTY
2024-05-03 16:56:58,MogCoinEth
2024-05-03 16:56:58,adriannewman21
2024-05-03 16:56:58,Saint_Pump
2024-05-03 16:56:58,Consensys
2024-05-03 16:56:58,avalon
2024-05-03 16:56:58,agilityrobotics
2024-05-03 16:56:58,bitcoinmagazine
2024-05-03 16:56:58,BITKRAFTVC
2024-05-03 16:56:58,DuU6MMqcgQ
2024-05-03 16:56:58,elixir
2024-05-03 16:56:58,newmancapitalvc
2024-05-03 16:56:58,Newmangrp
2024-05-03 16:56:58,search?q=%24ELON&src=cashtag_click
2024-05-03 16:56:58,ZBOQb0dUqP
2024-05-03 16:56:58,CBVentures
2024-05-03 16:56:58,safe
2024-05-03 16:56:58,shibaeternity
2024-05-03 16:56:58,JamesWynnReal
2024-05-03 16:56:58,LucieSHIB
2024-05-03 16:56:58,Q8DvTv41A2
2024-05-03 16:56:58,dkhB6oWZ08
2024-05-03 16:56:58,treatsforShib
2024-05-03 16:56:58,7TK4jmeC9h
2024-05-03 16:56:58,CointelegraphMT
2024-05-03 16:56:58,imperialcollege
2024-05-03 16:56:58,ApusCoin
2024-05-03 16:56:58,TheBitcoinConf
2024-05-03 16:56:58,FourierRobots
2024-05-03 16:56:58,Inv3st3r1
2024-05-03 16:56:58,search?q=%24SHEB&src=cashtag_click
2024-05-03 16:56:58,search?q=%24PEPE&src=cashtag_click
2024-05-03 16:56:58,wLzSu3jJr7
2024-05-03 16:56:58,bcamp810
2024-05-03 16:56:58,moutaifund
2024-05-03 16:56:58,search?q=%24DAMN&src=cashtag_click
2024-05-03 16:56:58,glebble
2024-05-03 16:56:58,search?q=%24APU&src=cashtag_click
2024-05-03 16:56:58,ChadGoldd
2024-05-03 16:56:58,FoxyLinea
2024-05-03 16:56:58,skyquake_1
2024-05-03 16:56:58,JoinOnly1
2024-05-03 16:56:58,search?q=%24REDO&src=cashtag_click
2024-05-03 16:56:58,NT9hlFAoVz
2024-05-03 16:56:58,UnitreeRobotics
2024-05-03 16:56:58,Cointelegraph
2024-05-03 16:56:58,KaminoFdn
2024-05-03 16:56:58,Hashed_Official
2024-05-03 16:56:58,leon_only1
2024-05-03 16:56:58,2qHSWkjzgo
2024-05-03 16:56:58,GhostfaceKillah
2024-05-03 16:56:58,lzin5ByH0t
2024-05-03 16:56:58,8JFrUKXeyG
2024-05-03 16:56:58,RennickPalley
2024-05-03 16:56:58,lukebelmar
2024-05-03 16:56:58,Asymmetry_Fi
2024-05-08 17:07:11,100xgemfinder
2024-05-08 17:07:11,search?q=%24MAGA&src=cashtag_click
2024-05-08 17:07:11,1aboc
2024-05-08 17:07:11,search?q=%24Hammy&src=cashtag_click
2024-05-08 17:07:11,tSOY44b9Sw
2024-05-08 17:07:11,laurentzeimes
2024-05-08 17:07:11,HammyCommunity
2024-05-08 17:07:11,g6SKSynXO2
2024-05-08 17:07:11,veFZ5erf9a
2024-05-08 17:07:11,HGR0THWo6z
2024-05-08 17:07:11,8ZFrZ6lhGB
2024-05-08 17:07:11,cognition_labs
2024-05-08 17:07:11,gemfindercoin
2024-05-08 17:07:11,xbtDLN
2024-05-08 17:07:11,swellnetworkio
2024-05-08 17:07:11,muasIr0PuD
2024-05-08 17:07:11,dchaCfOowP
2024-05-08 17:07:11,GUy99qMi2O
2024-05-08 17:07:11,hyooktrades
2024-05-08 17:07:11,search?q=%24MOG&src=cashtag_click
2024-05-08 17:07:11,tpfZwEwGiq
2024-05-08 17:07:11,6xWrKqYfpi
2024-05-08 17:07:11,chainml_
2024-05-09 17:03:38,Citi
2024-05-09 17:03:38,search?q=%24TBILL&src=cashtag_click
2024-05-09 17:03:38,search?q=%24TRUMP&src=cashtag_click
2024-05-09 17:03:38,DWFLabs
2024-05-09 17:03:38,Barclays
2024-05-09 17:03:38,DeutscheBank
2024-05-09 17:03:38,Gemini
2024-05-09 17:03:38,Eug_Ng
2024-05-09 17:03:38,OpenEden_Labs
2024-05-15 13:40:37,assetdash
2024-05-15 13:40:37,boltplus
2024-05-15 13:40:37,HolderScan
2024-05-15 13:40:37,fartconthird
2024-05-15 13:40:37,search?q=%24speed&src=cashtag_click
2024-05-15 13:40:37,ladyxtel
2024-05-15 13:40:37,TeClaims
2024-05-15 13:40:37,TeTheGamer
2024-05-15 13:40:37,6sUI51Jvpp
2024-05-15 13:40:37,thenotcoin
2024-05-15 13:40:37,TheoriqAI
2024-05-15 13:40:37,pendle_fi
2024-05-15 13:40:37,PelosiTracker_
2024-05-15 13:40:37,LHSummers
2024-05-15 13:40:37,joinautopilot_
2024-05-15 13:40:37,PendleIntern
2024-05-15 13:40:37,speedcto
2024-05-15 13:40:37,boltchain
2024-05-15 13:40:37,George_L_C
2024-05-15 13:40:37,FindMeOnSolana
2024-05-15 13:40:37,BZwnKIUY24
2024-05-15 13:40:37,dawgypicks
2024-05-15 13:40:37,UniOfOxford
2024-05-15 13:40:37,infinex_app
2024-05-20 19:50:29,coinbasebro
2024-05-20 19:50:29,worldpvpco
2024-05-20 19:50:29,MrZackMorris
2024-05-20 19:50:29,6sUI51K3eX
2024-05-20 19:50:29,JZDd4Vik4P
