2024-04-05 22:59:24,getTeamflow
2024-04-05 22:59:24,DivLend
2024-04-05 22:59:24,PB_USA
2024-04-05 22:59:24,BitwiseInvest
2024-04-05 22:59:24,loom
2024-04-05 22:59:24,MemelandSG
2024-04-05 22:59:24,serenaventures
2024-04-05 22:59:24,figma
2024-04-05 22:59:24,CitizenConflict
2024-04-05 22:59:24,b2c2group
2024-04-05 22:59:24,Altimor
2024-04-05 22:59:24,Tether_to
2024-04-05 22:59:24,richardpasqua
2024-04-05 22:59:24,yzthakker
2024-04-05 22:59:24,GayatriPC_
2024-04-05 22:59:24,3NWxhHDRNF
2024-04-05 22:59:24,zee_yzinfinity
2024-04-05 22:59:24,ChaunceyHutter3
2024-04-05 22:59:24,bigballsbulla
2024-04-05 22:59:24,TyrogueD
2024-04-05 22:59:24,NoLackingCap
2024-04-05 22:59:24,Crypto_Texan
2024-04-05 22:59:24,Kaijukingz
2024-04-05 22:59:24,screentimes
2024-04-05 22:59:24,pudgyrider
2024-04-05 22:59:24,Nittyb_xyz
2024-04-05 22:59:24,benfryc
2024-04-05 22:59:24,uber
2024-04-05 22:59:24,veritaslimited
2024-04-05 22:59:24,uniswap
2024-04-05 22:59:24,Phemex_official
2024-04-05 22:59:24,CornucopiasGame
2024-04-05 22:59:24,getlindy
2024-04-05 22:59:24,maxboonen
2024-04-05 22:59:24,0xPolygon
2024-04-05 22:59:24,Pudgyasia
2024-04-05 22:59:24,CryptoNuevo
2024-04-05 22:59:24,iseekalpha
2024-04-05 22:59:24,MVMT_MEDIA
2024-04-05 22:59:24,gnosisPM
2024-04-05 22:59:24,Ryt7KcknRC
2024-04-05 22:59:24,orderaheadapp
2024-04-05 22:59:24,uniofoxford
2024-04-05 22:59:24,facebook
2024-04-05 22:59:24,google
2024-04-05 22:59:24,blaack_mambaa
2024-04-05 22:59:24,Founcysolutions
2024-04-05 22:59:24,keoneHD
2024-04-05 22:59:24,cpgclub
2024-04-05 22:59:24,sindrewino
2024-04-05 22:59:24,frogmonkee
2024-04-05 22:59:24,fleupold_
2024-04-05 22:59:24,echodotxyz
2024-04-05 22:59:24,nirvanalabsai
2024-04-05 22:59:24,Pixelmon
2024-04-05 22:59:24,HPI_DE
2024-04-05 22:59:24,cecilia_hsueh
2024-04-05 22:59:24,dymension
2024-04-05 22:59:24,mirafoundation_
2024-04-05 22:59:24,nim_network
2024-04-05 22:59:24,pavansethi_
2024-04-05 22:59:24,q5mHPJDobs
2024-04-05 22:59:24,zksync
2024-04-05 22:59:24,EMostaque
2024-04-05 22:59:24,wealthsimple
2024-04-05 22:59:24,theKasagi
2024-04-05 22:59:24,myria
2024-04-05 22:59:24,work_louder
2024-04-05 22:59:24,Molson_Hart
2024-04-05 22:59:24,goldmansachs
2024-04-05 22:59:24,MorphL2
2024-04-05 22:59:24,nVzqIekDZQ
2024-04-05 22:59:24,lfgoldi
2024-04-05 22:59:24,Azuki
2024-04-05 22:59:24,nayibbukele
2024-04-05 22:59:24,opera
2024-04-05 22:59:24,trading_axe
2024-04-05 22:59:24,FrostBank
2024-04-05 22:59:24,maxbranzburg
2024-04-05 22:59:24,IndexCoop
2024-04-05 22:59:24,cent
2024-04-05 22:59:24,growing_daniel
2024-04-05 22:59:24,monad_xyz
2024-04-05 22:59:24,Bitcoinfrogs
2024-04-05 22:59:24,pv01_markets
2024-04-05 22:59:24,arcthecommunity
2024-04-05 22:59:24,bidclubio
2024-04-05 22:59:24,CoWSwap
2024-04-05 22:59:24,BBRCofficial
2024-04-08 17:03:49,uniofoxford
2024-04-08 17:03:49,Phemex_official
2024-04-08 17:03:49,CoWSwap
2024-04-08 17:03:49,work_louder
2024-04-08 17:03:49,uniswap
2024-04-08 17:03:49,samura0x
2024-04-08 17:03:49,Pudgyasia
2024-04-08 17:03:49,Tether_to
2024-04-08 17:03:49,MemelandSG
2024-04-08 17:03:49,LHQmrFKLDK
2024-04-08 17:03:49,bigballsbulla
2024-04-08 17:03:49,pavansethi_
2024-04-08 17:03:49,richardpasqua
2024-04-08 17:03:49,pudgypenguins
2024-04-08 17:03:49,loom
2024-04-08 17:03:49,opera
2024-04-08 17:03:49,veritaslimited
2024-04-08 17:03:49,IGh8qKESFP
2024-04-08 17:03:49,TomDwan
2024-04-08 17:03:49,DivLend
2024-04-08 17:03:49,PudgySG
2024-04-08 17:03:49,Founcysolutions
2024-04-08 17:03:49,Azuki
2024-04-08 17:03:49,MorphL2
2024-04-08 17:03:49,echodotxyz
2024-04-08 17:03:49,TuckerCarlson
2024-04-08 17:03:49,maxbranzburg
2024-04-08 17:03:49,GayatriPC_
2024-04-08 17:03:49,TheAndrewForte
2024-04-08 17:03:49,sindrewino
2024-04-08 17:03:49,figma
2024-04-08 17:03:49,CryptoEdgar_
2024-04-08 17:03:49,dymension
2024-04-08 17:03:49,0xPolygon
2024-04-08 17:03:49,BBRCofficial
2024-04-08 17:03:49,ChaunceyHutter3
2024-04-08 17:03:49,Caddi_Finance
2024-04-08 17:03:49,Kaijukingz
2024-04-08 17:03:49,trading_axe
2024-04-08 17:03:49,fleupold_
2024-04-08 17:03:49,myria
2024-04-08 17:03:49,lfgoldi
2024-04-08 17:03:49,zksync
2024-04-08 17:03:49,Molson_Hart
2024-04-08 17:03:49,benfryc
2024-04-08 17:03:49,zee_yzinfinity
2024-04-08 17:03:49,blaack_mambaa
2024-04-08 17:03:49,IndexCoop
2024-04-08 17:03:49,NoLackingCap
2024-04-08 17:03:49,FrostBank
2024-04-08 17:03:49,ggdotzip
2024-04-08 17:03:49,gnosisPM
2024-04-08 17:03:49,Crypto_Texan
2024-04-08 17:03:49,CitizenConflict
2024-04-08 17:03:49,theKasagi
2024-04-08 17:03:49,frogmonkee
2024-04-08 17:03:49,CryptoNuevo
2024-04-08 17:03:49,uber
2024-04-08 17:03:49,keoneHD
2024-04-08 17:03:49,arcthecommunity
2024-04-08 17:03:49,facebook
2024-04-08 17:03:49,pv01_markets
2024-04-08 17:03:49,Bitcoinfrogs
2024-04-08 17:03:49,goldmansachs
2024-04-08 17:03:49,pudgyrider
2024-04-08 17:03:49,nirvanalabsai
2024-04-08 17:03:49,serenaventures
2024-04-08 17:03:49,PB_USA
2024-04-08 17:03:49,monad_xyz
2024-04-08 17:03:49,nayibbukele
2024-04-08 17:03:49,walletconnect
2024-04-08 17:03:49,cpgclub
2024-04-08 17:03:49,b2c2group
2024-04-08 17:03:49,q5mHPJDobs
2024-04-08 17:03:49,nim_network
2024-04-08 17:03:49,3NWxhHDRNF
2024-04-08 17:03:49,Pixelmon
2024-04-08 17:03:49,cent
2024-04-08 17:03:49,getTeamflow
2024-04-08 17:03:49,wealthsimple
2024-04-08 17:03:49,JoeSquawk
2024-04-08 17:03:49,iseekalpha
2024-04-08 17:03:49,EMostaque
2024-04-08 17:03:49,Ryt7KcknRC
2024-04-08 17:03:49,cecilia_hsueh
2024-04-08 17:03:49,google
2024-04-08 17:03:49,nVzqIekDZQ
2024-04-08 17:03:49,screentimes
2024-04-08 17:03:49,jesshoulgrave
2024-04-08 17:03:49,orderaheadapp
2024-04-08 17:03:49,maxboonen
2024-04-08 17:03:49,yzthakker
2024-04-08 17:03:49,ctX1s14vV4
2024-04-08 17:03:49,bidclubio
2024-04-08 17:03:49,HPI_DE
2024-04-08 17:03:49,MVMT_MEDIA
2024-04-08 17:03:49,KevinWSHPod
2024-04-08 17:03:49,getlindy
2024-04-08 17:03:49,mirafoundation_
2024-04-08 17:03:49,Altimor
2024-04-08 17:03:49,BitwiseInvest
2024-04-08 17:03:49,CornucopiasGame
2024-04-08 17:03:49,TyrogueD
2024-04-08 17:03:49,growing_daniel
2024-04-08 17:03:49,Nittyb_xyz
2024-04-08 12:26:30,arcthecommunity
2024-04-08 12:26:30,nVzqIekDZQ
2024-04-08 12:26:30,sindrewino
2024-04-08 12:26:30,cpgclub
2024-04-08 12:26:30,figma
2024-04-08 12:26:30,theKasagi
2024-04-08 12:26:30,TomDwan
2024-04-08 12:26:30,fleupold_
2024-04-08 12:26:30,CoWSwap
2024-04-08 12:26:30,BBRCofficial
2024-04-08 12:26:30,benfryc
2024-04-08 12:26:30,loom
2024-04-08 12:26:30,Azuki
2024-04-08 12:26:30,google
2024-04-08 12:26:30,zksync
2024-04-08 12:26:30,wealthsimple
2024-04-08 12:26:30,HPI_DE
2024-04-08 12:26:30,facebook
2024-04-08 12:26:30,3NWxhHDRNF
2024-04-08 12:26:30,EMostaque
2024-04-08 12:26:30,gnosisPM
2024-04-08 12:26:30,echodotxyz
2024-04-08 12:26:30,Ryt7KcknRC
2024-04-08 12:26:30,work_louder
2024-04-08 12:26:30,pudgyrider
2024-04-08 12:26:30,maxbranzburg
2024-04-08 12:26:30,screentimes
2024-04-08 12:26:30,growing_daniel
2024-04-08 12:26:30,Kaijukingz
2024-04-08 12:26:30,opera
2024-04-08 12:26:30,Pudgyasia
2024-04-08 12:26:30,Pixelmon
2024-04-08 12:26:30,Bitcoinfrogs
2024-04-08 12:26:30,MemelandSG
2024-04-08 12:26:30,lfgoldi
2024-04-08 12:26:30,Molson_Hart
2024-04-17 14:10:57,3NWxhHDRNF
2024-04-17 14:10:57,Kaijukingz
2024-04-17 14:10:57,q5mHPJDobs
2024-04-17 14:10:57,pudgypenguins
2024-04-17 14:10:57,nim_network
2024-04-17 14:10:57,HPI_DE
2024-04-17 14:10:57,cpgclub
2024-04-17 14:10:57,Phemex_official
2024-04-17 14:10:57,opera
2024-04-17 14:10:57,nirvanalabsai
2024-04-17 14:10:57,uber
2024-04-17 14:10:57,GayatriPC_
2024-04-17 14:10:57,NoLackingCap
2024-04-17 14:10:57,tallyxyz
2024-04-17 14:10:57,growing_daniel
2024-04-17 14:10:57,CornucopiasGame
2024-04-17 14:10:57,orderaheadapp
2024-04-17 14:10:57,MorphL2
2024-04-17 14:10:57,work_louder
2024-04-17 14:10:57,pavansethi_
2024-04-17 14:10:57,Mclader
2024-04-17 14:10:57,IGh8qKESFP
2024-04-17 14:10:57,fleupold_
2024-04-17 14:10:57,CryptoEdgar_
2024-04-17 14:10:57,Crypto_Texan
2024-04-17 14:10:57,Azuki
2024-04-17 14:10:57,bidclubio
2024-04-17 14:10:57,ChaunceyHutter3
2024-04-17 14:10:57,BitwiseInvest
2024-04-17 14:10:57,PudgySG
2024-04-17 14:10:57,b2c2group
2024-04-17 14:10:57,FrostBank
2024-04-17 14:10:57,walletconnect
2024-04-17 14:10:57,Pudgyasia
2024-04-17 14:10:57,hlv_xyz
2024-04-17 14:10:57,Pixelmon
2024-04-17 14:10:57,Altimor
2024-04-17 14:10:57,Bitcoinfrogs
2024-04-17 14:10:57,Tether_to
2024-04-17 14:10:57,Nittyb_xyz
2024-04-17 14:10:57,theKasagi
2024-04-17 14:10:57,MaxPertsovskiy
2024-04-17 14:10:57,goldmansachs
2024-04-17 14:10:57,blaack_mambaa
2024-04-17 14:10:57,monad_xyz
2024-04-17 14:10:57,keoneHD
2024-04-17 14:10:57,nVzqIekDZQ
2024-04-17 14:10:57,TomDwan
2024-04-17 14:10:57,trading_axe
2024-04-17 14:10:57,cent
2024-04-17 14:10:57,0xPolygon
2024-04-17 14:10:57,google
2024-04-17 14:10:57,cecilia_hsueh
2024-04-17 14:10:57,uniofoxford
2024-04-17 14:10:57,MemelandSG
2024-04-17 14:10:57,Founcysolutions
2024-04-17 14:10:57,echodotxyz
2024-04-17 14:10:57,yzthakker
2024-04-17 14:10:57,TheAndrewForte
2024-04-17 14:10:57,figma
2024-04-17 14:10:57,uniswap
2024-04-17 14:10:57,TyrogueD
2024-04-17 14:10:57,CitizenConflict
2024-04-17 14:10:57,wealthsimple
2024-04-17 14:10:57,mirafoundation_
2024-04-17 14:10:57,getTeamflow
2024-04-17 14:10:57,screentimes
2024-04-17 14:10:57,ctX1s14vV4
2024-04-17 14:10:57,ggdotzip
2024-04-17 14:10:57,myria
2024-04-17 14:10:57,PB_USA
2024-04-17 14:10:57,frogmonkee
2024-04-17 14:10:57,arcthecommunity
2024-04-17 14:10:57,loom
2024-04-17 14:10:57,pv01_markets
2024-04-17 14:10:57,CoWSwap
2024-04-17 14:10:57,dymension
2024-04-17 14:10:57,richardpasqua
2024-04-17 14:10:57,facebook
2024-04-17 14:10:57,IndexCoop
2024-04-17 14:10:57,pudgyrider
2024-04-17 14:10:57,sindrewino
2024-04-17 14:10:57,iseekalpha
2024-04-17 14:10:57,jesshoulgrave
2024-04-17 14:10:57,serenaventures
2024-04-17 14:10:57,zksync
2024-04-17 14:10:57,DivLend
2024-04-17 14:10:57,BBRCofficial
2024-04-17 14:10:57,maxbranzburg
2024-04-17 14:10:57,bigballsbulla
2024-04-17 14:10:57,gnosisPM
2024-04-17 14:10:57,lfgoldi
2024-04-17 14:10:57,zee_yzinfinity
2024-04-17 14:10:57,maxboonen
2024-04-17 14:10:57,LHQmrFKLDK
2024-04-17 14:10:57,Ryt7KcknRC
2024-04-17 14:10:57,KevinWSHPod
2024-04-17 14:10:57,JoeSquawk
2024-04-17 14:10:57,CryptoNuevo
2024-04-17 14:10:57,nayibbukele
2024-04-17 14:10:57,genentech
2024-04-17 14:10:57,EMostaque
2024-04-17 14:10:57,TuckerCarlson
2024-04-17 14:10:57,veritaslimited
2024-04-17 14:10:57,Molson_Hart
2024-04-17 14:10:57,benfryc
2024-04-17 14:10:57,MVMT_MEDIA
2024-04-17 14:10:57,getlindy
2024-05-03 17:12:39,durov
2024-05-03 17:12:39,walletlabels
2024-05-03 17:12:39,BastionPlatform
2024-05-03 17:12:39,miaferrariii
2024-05-03 17:12:39,OutSystems
2024-05-03 17:12:39,nassyweazy
2024-05-03 17:12:39,fabric_vc
2024-05-03 17:12:39,vkontakte
2024-05-03 17:12:39,mckinsey
2024-05-03 17:12:39,zkSync
2024-05-03 17:12:39,FarsideUK
2024-05-03 17:12:39,dVo7mPL3qf
2024-05-03 17:12:39,swissknifexyz
2024-05-03 17:12:39,Facebook
2024-05-03 17:12:39,andersmagnus4u
2024-05-03 17:12:39,fkemgod
2024-05-03 17:12:39,Apple
2024-05-03 17:12:39,the_matter_labs
2024-05-03 17:12:39,Signum_Capital
2024-05-03 17:12:39,SuperDigitalV
2024-05-03 17:12:39,Ozhar
2024-05-03 17:12:39,marouen19
2024-05-03 17:12:39,aiden0x4
2024-05-03 17:12:39,WtKQILerDf
2024-05-03 17:12:39,crestalnetwork
2024-05-03 17:12:39,zapper_fi
2024-05-03 17:12:39,UniswapFND
2024-05-03 17:12:39,nothingnyc
2024-05-03 17:12:39,NFTX_
2024-05-03 17:12:39,telegram
2024-05-03 17:12:39,BjarteBakke
2024-05-03 17:12:39,microsoft
2024-05-03 17:12:39,0xPolygonLabs
2024-05-03 17:12:39,apoorvlathey
2024-05-03 17:12:39,WalkinEvents
2024-05-03 17:12:39,Docker
2024-05-03 17:12:39,Anchorage
2024-05-03 17:12:39,oLCJ1ue2Ie
2024-05-03 17:12:39,GetCohosts
2024-05-03 17:12:39,open_labels
2024-05-03 17:12:39,ConsenSys
2024-05-03 17:12:39,a16z
2024-05-08 17:21:54,Monad_xyz
2024-05-08 17:21:54,ID_AA_Carmack
2024-05-08 17:21:54,Arbitrum
2024-05-08 17:21:54,FeederRotation
2024-05-08 17:21:54,Kast_official
2024-05-08 17:21:54,Zksync
2024-05-08 17:21:54,optimism
2024-05-08 17:21:54,Shamim066
2024-05-08 17:21:54,Asvanevik
2024-05-15 13:51:58,ZruvkNIdR3
2024-05-15 13:51:58,BullpenFi
2024-05-15 13:51:58,BNBChain
2024-05-15 13:51:58,wormhole
2024-05-15 13:51:58,friedberg
2024-05-15 13:51:58,0xDesigner
2024-05-15 13:51:58,q2Qoey80Gx
2024-05-15 13:51:58,Binance
2024-05-15 13:51:58,KNOWER_music
2024-05-15 13:51:58,_akhaliq
2024-05-15 13:51:58,wormholefdn
2024-05-15 13:51:58,0xLZ3
2024-05-15 13:51:58,Gradio
2024-05-15 13:51:58,worldpvpco
2024-05-15 13:51:58,blknoiz06
2024-05-15 13:51:58,base
2024-05-15 13:51:58,RobinsonBurkey
2024-05-15 13:51:58,hLhFZa2DsC
2024-05-15 13:51:58,HuggingFace
2024-05-20 20:02:08,metricsdao
2024-05-20 20:02:08,nansen_ai
2024-05-20 20:02:08,boriana_gjura
2024-05-20 20:02:08,GJFlannery19
2024-05-20 20:02:08,blockscoutcom
2024-05-20 20:02:08,flipsidecrypto
2024-05-20 20:02:08,0TaNkknFrg
2024-05-20 20:02:08,meta
2024-05-20 20:02:08,omeragoldberg
2024-05-20 20:02:08,juliagalef
2024-05-20 20:02:08,TechnionLive
2024-05-20 20:02:08,instagram
2024-05-20 20:02:08,chaos_labs
