2024-04-05 21:39:51,Topj33t
2024-04-05 21:39:51,hansolar21
2024-04-05 21:39:51,RepublicCrypto
2024-04-05 21:39:51,VeloData
2024-04-05 21:39:51,qX5sVtdkFD
2024-04-05 21:39:51,PropyInc
2024-04-05 21:39:51,CryptoKoryo
2024-04-05 21:39:51,hmalviya9
2024-04-05 21:39:51,ParticleNtwrk
2024-04-05 21:39:51,emilyjnicolle
2024-04-05 21:39:51,launchhouse
2024-04-05 21:39:51,WitnessCo_
2024-04-05 21:39:51,POKTnetwork
2024-04-05 21:39:51,lumidawealth
2024-04-05 21:39:51,Stanford
2024-04-05 21:39:51,BHDigitalAssets
2024-04-05 21:39:51,WhzDgLkOCA
2024-04-05 21:39:51,hyblockcapital
2024-04-05 21:39:51,MHreWu6AV9
2024-04-05 21:39:51,avax
2024-04-05 21:39:51,arndxt_xo
2024-04-05 21:39:51,LZey0AcSFc
2024-04-05 21:39:51,Castle__Cap
2024-04-05 21:39:51,KrakenPro
2024-04-05 21:39:51,archwayHQ
2024-04-05 21:39:51,Mozaic_Fi
2024-04-05 21:39:51,outttoforderrr
2024-04-05 21:39:51,thatguybg
2024-04-05 21:39:51,matttpotts
2024-04-05 21:39:51,iX1dpZ3MZY
2024-04-05 21:39:51,FTI_DA
2024-04-05 21:39:51,AvaLabsOfficial
2024-04-05 21:39:51,DrewVdW
2024-04-05 21:39:51,buildwithgrove
2024-04-05 21:39:51,Citi
2024-04-05 21:39:51,RokoMijic
2024-04-05 21:39:51,coinfund_io
2024-04-05 21:39:51,compoundvc
2024-04-05 21:39:51,0x_gremlin
2024-04-05 21:39:51,parallaxfin
2024-04-05 21:39:51,citrea_xyz
2024-04-05 21:39:51,yvXOjS8ZRI
2024-04-05 21:39:51,shogunfi
2024-04-05 21:39:51,NodeOps_App
2024-04-05 21:39:51,TeamPOSA
2024-04-05 21:39:51,vertex_protocol
2024-04-05 21:39:51,Aevoxyz
2024-04-05 21:39:51,asadkkhaliq
2024-04-05 21:39:51,CarpeNoctom
2024-04-05 21:39:51,OPLabsPBC
2024-04-05 21:39:51,chainway_xyz
2024-04-05 21:39:51,NataliePropy
2024-04-05 21:39:51,search?q=%24PRO&src=cashtag_click
2024-04-05 21:39:51,InitCapital_
2024-04-05 21:39:51,PwC
2024-04-05 21:39:51,business
2024-04-05 21:39:51,MSilb7
2024-04-05 21:39:51,avalabs
2024-04-05 21:39:51,Coincall_global
2024-04-05 21:39:51,GearboxProtocol
2024-04-05 21:39:51,MorganKrupetsky
2024-04-05 21:39:51,ojcP129At6
2024-04-05 21:39:51,Coinbase
2024-04-05 21:39:51,labsGFX
2024-04-05 21:39:51,acrewcapital
2024-04-05 21:39:51,Optimism
2024-04-05 21:39:51,PeckShieldAlert
2024-04-05 21:39:51,sjerniganIV
2024-04-05 21:39:51,interndao
2024-04-05 21:39:51,ImperiumPaper
2024-04-05 21:39:51,_patrickogrady
2024-04-05 21:39:51,nodies_infra
2024-04-05 21:39:51,qz3hNJLtVH
2024-04-05 21:39:51,search?q=%24COIN&src=cashtag_click
2024-04-05 21:39:51,crypto
2024-04-05 21:39:51,knowerofmarkets
2024-04-05 21:39:51,ByzGeneral
2024-04-05 21:39:51,macrowizards
2024-04-05 21:39:51,0x_Osprey
2024-04-05 21:39:51,yuxiao_deng
2024-04-05 21:39:51,SevenXVentures
2024-04-05 21:39:51,Goldmansachs
2024-04-05 21:39:51,ramahluwalia
2024-04-05 21:39:51,dyorcryptoapp
2024-04-05 21:39:51,0xsmac
2024-04-05 21:39:51,hiFramework
2024-04-05 21:39:51,bjeter11
2024-04-08 16:19:16,WhzDgLkOCA
2024-04-08 16:19:16,chainway_xyz
2024-04-08 16:19:16,qz3hNJLtVH
2024-04-08 16:19:16,yuxiao_deng
2024-04-08 16:19:16,ramahluwalia
2024-04-08 16:19:16,MHreWu6AV9
2024-04-08 16:19:16,VeloData
2024-04-08 16:19:16,CryptoKoryo
2024-04-08 16:19:16,MSilb7
2024-04-08 16:19:16,FTI_DA
2024-04-08 16:19:16,UMAprotocol
2024-04-08 16:19:16,MorganKrupetsky
2024-04-08 16:19:16,0xsmac
2024-04-08 16:19:16,dyorcryptoapp
2024-04-08 16:19:16,InitCapital_
2024-04-08 16:19:16,ojcP129At6
2024-04-08 16:19:16,labsGFX
2024-04-08 16:19:16,PeckShieldAlert
2024-04-08 16:19:16,arndxt_xo
2024-04-08 16:19:16,PwC
2024-04-08 16:19:16,asadkkhaliq
2024-04-08 16:19:16,yvXOjS8ZRI
2024-04-08 16:19:16,thatguybg
2024-04-08 16:19:16,acrewcapital
2024-04-08 16:19:16,NodeOps_App
2024-04-08 16:19:16,hiFramework
2024-04-08 16:19:16,_patrickogrady
2024-04-08 16:19:16,ParticleNtwrk
2024-04-08 16:19:16,Mozaic_Fi
2024-04-08 16:19:16,RokoMijic
2024-04-08 16:19:16,hyblockcapital
2024-04-08 16:19:16,NataliePropy
2024-04-08 16:19:16,ImperiumPaper
2024-04-08 16:19:16,citrea_xyz
2024-04-08 16:19:16,vertex_protocol
2024-04-08 16:19:16,crypto
2024-04-08 16:19:16,launchhouse
2024-04-08 16:19:16,outttoforderrr
2024-04-08 16:19:16,avalabs
2024-04-08 16:19:16,DrewVdW
2024-04-08 16:19:16,archwayHQ
2024-04-08 16:19:16,AvaLabsOfficial
2024-04-08 16:19:16,sjerniganIV
2024-04-08 16:19:16,emilyjnicolle
2024-04-08 16:19:16,qvlWGYHo3o
2024-04-08 16:19:16,Topj33t
2024-04-08 16:19:16,coinfund_io
2024-04-08 16:19:16,LZey0AcSFc
2024-04-08 16:19:16,hmalviya9
2024-04-08 16:19:16,business
2024-04-08 16:19:16,AcrossProtocol
2024-04-08 16:19:16,search?q=%24ACX&src=cashtag_click
2024-04-08 16:19:16,0x_Osprey
2024-04-08 16:19:16,ByzGeneral
2024-04-08 16:19:16,Stanford
2024-04-08 16:19:16,KrakenPro
2024-04-08 16:19:16,GearboxProtocol
2024-04-08 16:19:16,Optimism
2024-04-08 16:19:16,OPLabsPBC
2024-04-08 16:19:16,macrowizards
2024-04-08 16:19:16,compoundvc
2024-04-08 16:19:16,search?q=%24COIN&src=cashtag_click
2024-04-08 16:19:16,search?q=%24PRO&src=cashtag_click
2024-04-08 16:19:16,SevenXVentures
2024-04-08 16:19:16,matttpotts
2024-04-08 16:19:16,avax
2024-04-08 16:19:16,Citi
2024-04-08 16:19:16,plumenetwork
2024-04-08 16:19:16,lumidawealth
2024-04-08 16:19:16,WitnessCo_
2024-04-08 16:19:16,0x_gremlin
2024-04-08 16:19:16,bjeter11
2024-04-08 16:19:16,RepublicCrypto
2024-04-08 16:19:16,Coinbase
2024-04-08 16:19:16,Goldmansachs
2024-04-08 16:19:16,PropyInc
2024-04-08 16:19:16,BHDigitalAssets
2024-04-08 16:19:16,nillionnetwork
2024-04-08 16:19:16,knowerofmarkets
2024-04-08 16:19:16,iX1dpZ3MZY
2024-04-08 16:19:16,gross_bit
2024-04-08 16:19:16,shogunfi
2024-04-08 16:19:16,qX5sVtdkFD
2024-04-08 16:19:16,CarpeNoctom
2024-04-08 12:00:38,qz3hNJLtVH
2024-04-08 12:00:38,arndxt_xo
2024-04-08 12:00:38,FTI_DA
2024-04-08 12:00:38,PeckShieldAlert
2024-04-08 12:00:38,CarpeNoctom
2024-04-08 12:00:38,avalabs
2024-04-08 12:00:38,hiFramework
2024-04-08 12:00:38,0xsmac
2024-04-08 12:00:38,search?q=%24PRO&src=cashtag_click
2024-04-08 12:00:38,0x_gremlin
2024-04-08 12:00:38,qvlWGYHo3o
2024-04-08 12:00:38,OPLabsPBC
2024-04-08 12:00:38,asadkkhaliq
2024-04-08 12:00:38,citrea_xyz
2024-04-08 12:00:38,DrewVdW
2024-04-08 12:00:38,compoundvc
2024-04-08 12:00:38,search?q=%24ACX&src=cashtag_click
2024-04-08 12:00:38,ramahluwalia
2024-04-08 12:00:38,search?q=%24COIN&src=cashtag_click
2024-04-08 12:00:38,BHDigitalAssets
2024-04-08 12:00:38,bjeter11
2024-04-08 12:00:38,outttoforderrr
2024-04-08 12:00:38,PropyInc
2024-04-08 12:00:38,ByzGeneral
2024-04-08 12:00:38,NataliePropy
2024-04-08 12:00:38,AcrossProtocol
2024-04-08 12:00:38,business
2024-04-08 12:00:38,qX5sVtdkFD
2024-04-08 12:00:38,MSilb7
2024-04-08 12:00:38,vertex_protocol
2024-04-08 12:00:38,0x_Osprey
2024-04-08 12:00:38,yvXOjS8ZRI
2024-04-08 12:00:38,iX1dpZ3MZY
2024-04-08 12:00:38,chainway_xyz
2024-04-08 12:00:38,UMAprotocol
2024-04-08 12:00:38,macrowizards
2024-04-08 12:00:38,gross_bit
2024-04-08 12:00:38,MHreWu6AV9
2024-04-08 12:00:38,emilyjnicolle
2024-04-08 12:00:38,Goldmansachs
2024-04-08 12:00:38,yuxiao_deng
2024-04-08 12:00:38,VeloData
2024-04-08 12:00:38,RokoMijic
2024-04-08 12:00:38,plumenetwork
2024-04-08 12:00:38,coinfund_io
2024-04-08 12:00:38,knowerofmarkets
2024-04-08 12:00:38,Citi
2024-04-08 12:00:38,KrakenPro
2024-04-08 12:00:38,MorganKrupetsky
2024-04-08 12:00:38,Optimism
2024-04-08 12:00:38,matttpotts
2024-04-08 12:00:38,SevenXVentures
2024-04-08 12:00:38,acrewcapital
2024-04-08 12:00:38,thatguybg
2024-04-08 12:00:38,LZey0AcSFc
2024-04-08 12:00:38,crypto
2024-04-08 12:00:38,ImperiumPaper
2024-04-08 12:00:38,avax
2024-04-08 12:00:38,lumidawealth
2024-04-08 12:00:38,hyblockcapital
2024-04-08 12:00:38,launchhouse
2024-04-08 12:00:38,WitnessCo_
2024-04-08 12:00:38,labsGFX
2024-04-17 13:28:06,plumenetwork
2024-04-17 13:28:06,0x_gremlin
2024-04-17 13:28:06,qz3hNJLtVH
2024-04-17 13:28:06,PropyInc
2024-04-17 13:28:06,PcUbewvWPr
2024-04-17 13:28:06,macrowizards
2024-04-17 13:28:06,BlurCrypto
2024-04-17 13:28:06,jSTlkp5ILe
2024-04-17 13:28:06,compoundvc
2024-04-17 13:28:06,MorganKrupetsky
2024-04-17 13:28:06,acrewcapital
2024-04-17 13:28:06,MSilb7
2024-04-17 13:28:06,Safaryclub
2024-04-17 13:28:06,UMAprotocol
2024-04-17 13:28:06,RebeccaSin_SK
2024-04-17 13:28:06,MorphoLabs
2024-04-17 13:28:06,ImperiumPaper
2024-04-17 13:28:06,kOENakvsCL
2024-04-17 13:28:06,lumidawealth
2024-04-17 13:28:06,qX5sVtdkFD
2024-04-17 13:28:06,avalabs
2024-04-17 13:28:06,labsGFX
2024-04-17 13:28:06,vertex_protocol
2024-04-17 13:28:06,ByzGeneral
2024-04-17 13:28:06,WitnessCo_
2024-04-17 13:28:06,sentdefender
2024-04-17 13:28:06,AcrossProtocol
2024-04-17 13:28:06,qvlWGYHo3o
2024-04-17 13:28:06,citrea_xyz
2024-04-17 13:28:06,hiFramework
2024-04-17 13:28:06,search?q=%24PRO&src=cashtag_click
2024-04-17 13:28:06,launchhouse
2024-04-17 13:28:06,bjeter11
2024-04-17 13:28:06,warp_contracts
2024-04-17 13:28:06,crypto
2024-04-17 13:28:06,gross_bit
2024-04-17 13:28:06,iX1dpZ3MZY
2024-04-17 13:28:06,chainway_xyz
2024-04-17 13:28:06,thatguybg
2024-04-17 13:28:06,Marcin_Kaz13
2024-04-17 13:28:06,0xsmac
2024-04-17 13:28:06,NataliePropy
2024-04-17 13:28:06,yvXOjS8ZRI
2024-04-17 13:28:06,redstone_defi
2024-04-17 13:28:06,Bloomberg
2024-04-17 13:28:06,0x_Osprey
2024-04-17 13:28:06,knowerofmarkets
2024-04-17 13:28:06,ETHWarsaw
2024-04-17 13:28:06,OPLabsPBC
2024-04-17 13:28:06,VeloData
2024-04-17 13:28:06,KrakenPro
2024-04-17 13:28:06,RokoMijic
2024-04-17 13:28:06,Patrick_Bush_VE
2024-04-17 13:28:06,emilyjnicolle
2024-04-17 13:28:06,avax
2024-04-17 13:28:06,kernel0x
2024-04-17 13:28:06,SevenXVentures
2024-04-17 13:28:06,boldleonidas
2024-04-17 13:28:06,ether_fi
2024-04-17 13:28:06,ramahluwalia
2024-04-17 13:28:06,CarpeNoctom
2024-04-17 13:28:06,FTI_DA
2024-04-17 13:28:06,FarsideUK
2024-04-17 13:28:06,search?q=%24ACX&src=cashtag_click
2024-04-17 13:28:06,Sommfinance
2024-04-17 13:28:06,coinfund_io
2024-04-17 13:28:06,PeckShieldAlert
2024-04-17 13:28:06,pendle_fi
2024-04-17 13:28:06,hyblockcapital
2024-04-17 13:28:06,_clarktang
2024-04-17 13:28:06,business
2024-04-17 13:28:06,VenusProtocol
2024-04-17 13:28:06,asadkkhaliq
2024-04-17 13:28:06,yuxiao_deng
2024-04-17 13:28:06,uupg_capital
2024-04-17 13:28:06,blockgraze
2024-04-17 13:28:06,MHreWu6AV9
2024-04-17 13:28:06,LZey0AcSFc
2024-04-17 13:28:06,outttoforderrr
2024-04-17 13:28:06,Optimism
2024-04-17 13:28:06,matttpotts
2024-04-17 13:28:06,search?q=%24COIN&src=cashtag_click
2024-04-17 13:28:06,DeltaPrimeDefi
2024-04-17 13:28:06,Citi
2024-04-17 13:28:06,arndxt_xo
2024-05-03 16:52:44,ku3eJLsh3u
2024-05-03 16:52:44,ord_io
2024-05-03 16:52:44,defi_mochi
2024-05-03 16:52:44,AiBreakfast
2024-05-03 16:52:44,jito_labs
2024-05-03 16:52:44,9NGiDhGND2
2024-05-08 17:03:37,bpf7Dytcqj
2024-05-08 17:03:37,GEODNET_
2024-05-08 17:03:37,mantanetwork
2024-05-08 17:03:37,ucsbcs
2024-05-08 17:03:37,SmokeonCars
2024-05-08 17:03:37,uwcse
2024-05-08 17:03:37,nebrazkp
2024-05-08 17:03:37,nounsdao
2024-05-08 17:03:37,67eEVrdLnI
2024-05-08 17:03:37,shumochu
2024-05-08 17:03:37,CoxAutomotive
2024-05-08 17:03:37,heyBarsee
2024-05-09 17:00:41,JWVerret
2024-05-15 13:37:04,TheRRoundup
2024-05-15 13:37:04,4k3Ott7E25
2024-05-15 13:37:04,jackmelnick_
2024-05-15 13:37:04,0xPolygon
2024-05-15 13:37:04,Berachain
2024-05-15 13:37:04,archntwrk
2024-05-15 13:37:04,proofofmud
2024-05-20 19:46:56,0xAtticKnight
2024-05-20 19:46:56,Kairos_Res
2024-05-20 19:46:56,PJFWG45ASw
2024-05-20 19:46:56,Dan_Jeffries1
2024-05-20 19:46:56,echodotxyz
2024-05-20 19:46:56,earlyfans_xyz
2024-05-20 19:46:56,standwithcrypto
2024-05-20 19:46:56,CLZen
2024-05-20 19:46:56,alliancedao
