2024-04-05 22:36:39,mooncitydevs
2024-04-05 22:36:39,LaClusaz
2024-04-05 22:36:39,factionskis
2024-04-05 22:36:39,Drake
2024-04-05 22:36:39,Bfaviero
2024-04-05 22:36:39,bryanbrey
2024-04-05 22:36:39,OptimismGov
2024-04-05 22:36:39,stakeusa
2024-04-05 22:36:39,ARKinvest
2024-04-05 22:36:39,Crypt00ck
2024-04-05 22:36:39,Byzantine_fi
2024-04-05 22:36:39,Hydrogen_Labs
2024-04-05 22:36:39,GetCohosts
2024-04-05 22:36:39,Stake
2024-04-05 22:36:39,buidl_asia
2024-04-05 22:36:39,0xloth
2024-04-05 22:36:39,ethena_labs
2024-04-05 22:36:39,gui_gabb
2024-04-05 22:36:39,kyleTwang
2024-04-05 22:36:39,MorphoLabs
2024-04-05 22:36:39,ericaplanet
2024-04-05 22:36:39,stakecolombia
2024-04-05 22:36:39,safegovernance
2024-04-05 22:36:39,chxRD4oWOd
2024-04-05 22:36:39,alex_borene
2024-04-05 22:36:39,stakeuk
2024-04-05 22:36:39,EigenLayer
2024-04-05 22:36:39,SebVentures
2024-04-05 22:36:39,coinbase
2024-04-05 22:36:39,LassuytChristop
2024-04-05 22:36:39,search?q=%24DYDX&src=cashtag_click
2024-04-05 22:36:39,tapioca_dao
2024-04-05 22:36:39,lightspeedpodhq
2024-04-05 22:36:39,encodeclub
2024-04-05 22:36:39,eomjipark
2024-04-05 22:36:39,zerion
2024-04-05 22:36:39,KolenaIO
2024-04-05 22:36:39,stakewise_io
2024-04-05 22:36:39,abishekinguout
2024-04-05 22:36:39,gitcoin
2024-04-05 22:36:39,vertex_protocol
2024-04-05 22:36:39,3abG7sBwxq
2024-04-05 22:36:39,walkinevents
2024-04-05 22:36:39,BainCapCrypto
2024-04-05 22:36:39,joi_Trading
2024-04-05 22:36:39,InitCapital_
2024-04-05 22:36:39,stakef1team_ks
2024-04-05 22:36:39,magna_digital
2024-04-05 22:36:39,SteakhouseFi
2024-04-05 22:36:39,SwayLang
2024-04-05 22:36:39,eSiLbcv6dp
2024-04-05 22:36:39,requestfinance
2024-04-05 22:36:39,influenceth
2024-04-05 22:36:39,MeirBank
2024-04-05 22:36:39,penn
2024-04-05 22:36:39,PSPiDAr1Tn
2024-04-05 22:36:39,heliuslabs
2024-04-05 22:36:39,4rr15l4cO5
2024-04-05 22:36:39,socialgraphvc
2024-04-05 22:36:39,arundotai
2024-04-05 22:36:39,SyntechCorp
2024-04-05 22:36:39,AnzenProtocol
2024-04-05 22:36:39,CathieDWood
2024-04-05 22:36:39,dYdX
2024-04-05 22:36:39,danftz
2024-04-05 22:36:39,MacroMate8
2024-04-05 22:36:39,PB4srzQOp7
2024-04-05 22:36:39,0xahgigix
2024-04-05 22:36:39,0xMert_
2024-04-05 22:36:39,HydraVentures_
2024-04-05 22:36:39,PalantirTech
2024-04-05 22:36:39,metastreetxyz
2024-04-05 22:36:39,wolframresearch
2024-04-05 22:36:39,Syncus_Fi
2024-04-05 22:36:39,beondeck
2024-04-05 22:36:39,TU_Muenchen
2024-04-05 22:36:39,MinervaUni
2024-04-08 16:50:32,socialgraphvc
2024-04-08 16:50:32,lightspeedpodhq
2024-04-08 16:50:32,SwayLang
2024-04-08 16:50:32,buidl_asia
2024-04-08 16:50:32,0xloth
2024-04-08 16:50:32,TU_Muenchen
2024-04-08 16:50:32,PSPiDAr1Tn
2024-04-08 16:50:32,kyleTwang
2024-04-08 16:50:32,0xMert_
2024-04-08 16:50:32,metastreetxyz
2024-04-08 16:50:32,encodeclub
2024-04-08 16:50:32,MinervaUni
2024-04-08 16:50:32,MacroMate8
2024-04-08 16:50:32,InitCapital_
2024-04-08 16:50:32,LaClusaz
2024-04-08 16:50:32,magna_digital
2024-04-08 16:50:32,3abG7sBwxq
2024-04-08 16:50:32,Syncus_Fi
2024-04-08 16:50:32,heliuslabs
2024-04-08 16:50:32,Crypt00ck
2024-04-08 16:50:32,eSiLbcv6dp
2024-04-08 16:50:32,KolenaIO
2024-04-08 16:50:32,alex_borene
2024-04-08 16:50:32,LassuytChristop
2024-04-08 16:50:32,tapioca_dao
2024-04-08 16:50:32,SyntechCorp
2024-04-08 16:50:32,stakef1team_ks
2024-04-08 16:50:32,arundotai
2024-04-08 16:50:32,dYdX
2024-04-08 16:50:32,vertex_protocol
2024-04-08 16:50:32,AnzenProtocol
2024-04-08 16:50:32,search?q=%24DYDX&src=cashtag_click
2024-04-08 16:50:32,CathieDWood
2024-04-08 16:50:32,stakeusa
2024-04-08 16:50:32,stakecolombia
2024-04-08 16:50:32,wolframresearch
2024-04-08 16:50:32,MorphoLabs
2024-04-08 16:50:32,0xahgigix
2024-04-08 16:50:32,Byzantine_fi
2024-04-08 16:50:32,requestfinance
2024-04-08 16:50:32,Drake
2024-04-08 16:50:32,beondeck
2024-04-08 16:50:32,mooncitydevs
2024-04-08 16:50:32,gui_gabb
2024-04-08 16:50:32,joi_Trading
2024-04-08 16:50:32,GetCohosts
2024-04-08 16:50:32,chxRD4oWOd
2024-04-08 16:50:32,gitcoin
2024-04-08 16:50:32,bryanbrey
2024-04-08 16:50:32,PalantirTech
2024-04-08 16:50:32,ARKinvest
2024-04-08 16:50:32,SebVentures
2024-04-08 16:50:32,stakeuk
2024-04-08 16:50:32,Stake
2024-04-08 16:50:32,abishekinguout
2024-04-08 16:50:32,4rr15l4cO5
2024-04-08 16:50:32,Hydrogen_Labs
2024-04-08 16:50:32,Bfaviero
2024-04-08 16:50:32,EigenLayer
2024-04-08 16:50:32,safegovernance
2024-04-08 16:50:32,ericaplanet
2024-04-08 16:50:32,HydraVentures_
2024-04-08 16:50:32,MeirBank
2024-04-08 16:50:32,PB4srzQOp7
2024-04-08 16:50:32,OptimismGov
2024-04-08 16:50:32,eomjipark
2024-04-08 16:50:32,stakewise_io
2024-04-08 16:50:32,walkinevents
2024-04-08 16:50:32,SteakhouseFi
2024-04-08 16:50:32,BainCapCrypto
2024-04-08 16:50:32,influenceth
2024-04-08 16:50:32,danftz
2024-04-08 16:50:32,ethena_labs
2024-04-08 16:50:32,factionskis
2024-04-08 16:50:32,penn
2024-04-08 16:50:32,zerion
2024-04-08 12:22:38,3abG7sBwxq
2024-04-08 12:22:38,penn
2024-04-08 12:22:38,4rr15l4cO5
2024-04-08 12:22:38,alex_borene
2024-04-08 12:22:38,beondeck
2024-04-08 12:22:38,0xloth
2024-04-08 12:22:38,zerion
2024-04-08 12:22:38,SebVentures
2024-04-08 12:22:38,HydraVentures_
2024-04-08 12:22:38,mooncitydevs
2024-04-08 12:22:38,magna_digital
2024-04-08 12:22:38,kyleTwang
2024-04-08 12:22:38,SwayLang
2024-04-08 12:22:38,0xahgigix
2024-04-08 12:22:38,arundotai
2024-04-08 12:22:38,Bfaviero
2024-04-08 12:22:38,PalantirTech
2024-04-08 12:22:38,Syncus_Fi
2024-04-08 12:22:38,lightspeedpodhq
2024-04-08 12:22:38,PB4srzQOp7
2024-04-08 12:22:38,BainCapCrypto
2024-04-08 12:22:38,socialgraphvc
2024-04-08 12:22:38,heliuslabs
2024-04-08 12:22:38,wolframresearch
2024-04-08 12:22:38,0xMert_
2024-04-08 12:22:38,KolenaIO
2024-04-08 12:22:38,SyntechCorp
2024-04-08 12:22:38,MorphoLabs
2024-04-08 12:22:38,gitcoin
2024-04-08 12:22:38,abishekinguout
2024-04-08 12:22:38,SteakhouseFi
2024-04-08 12:22:38,MinervaUni
2024-04-17 13:55:29,eigen_labs
2024-04-17 13:55:29,chainlink
2024-04-17 13:55:29,alignedlayer
2024-04-17 13:55:29,the_matter_labs
2024-04-17 13:55:29,LedgityYield
2024-04-17 13:55:29,femmeazadi
2024-04-17 13:55:29,9TF9m3AbIc
2024-04-17 13:55:29,Papervc
2024-04-17 13:55:29,0xkydo
2024-04-17 13:55:29,Zyfi_org
2024-04-17 13:55:29,PwC
2024-04-17 13:55:29,2EUBfCfEi6
2024-04-17 13:55:29,BHIND_BTL
2024-04-17 13:55:29,sophon
2024-04-17 13:55:29,Dialectic_Group
2024-04-17 13:55:29,BuildOnBeam
2024-04-17 13:55:29,0xsebastiena
2024-04-17 13:55:29,fRXYNETlph
2024-04-17 13:55:29,anthonykrose
2024-04-17 13:55:29,JafarianMona
2024-04-17 13:55:29,classlambda
2024-04-17 13:55:29,0hi9uYo1jR
2024-04-17 13:55:29,yetanotherco
2024-04-17 13:55:29,okx
2024-04-17 13:55:29,Ozhar
2024-04-17 13:55:29,OKXHelpDesk
2024-04-17 13:55:29,ethena_labs
2024-04-17 13:55:29,Dogami
2024-04-17 13:55:29,IlsCFSnCOi
2024-04-17 13:55:29,bilalelalamy
2024-04-17 13:55:29,HpluRJKcEK
2024-04-17 13:55:29,SpaceX
2024-04-17 13:55:29,meritcircle_io
2024-04-17 13:55:29,r3vl_xyz
2024-04-17 13:55:29,okxweb3
2024-04-17 13:55:29,BinanceLabs
2024-04-17 13:55:29,nativelabs_
2024-04-17 13:55:29,galala_eth
2024-04-17 13:55:29,federicocarrone
2024-04-17 13:55:29,TheTreeverse
2024-04-17 13:55:29,ClementWalter
2024-04-17 13:55:29,s1Cu9qFKWK
2024-04-17 13:55:29,eigenlayer
2024-04-17 13:55:29,eigen_da
2024-04-17 13:55:29,ming0duan
2024-04-17 13:55:29,PyraTzLabs
2024-04-17 13:55:29,CERN
2024-04-17 13:55:29,KakarotZkEvm
2024-04-17 13:55:29,bryan_johnson
2024-04-17 13:55:29,bennyjohnson
2024-04-17 13:55:29,NavalismHQ
2024-04-17 13:55:29,JvxSy9X0Ji
2024-04-17 13:55:29,MarioNawfal
2024-04-17 13:55:29,UW
2024-04-17 13:55:29,MeritCircle_IO
2024-04-17 13:55:29,mGDBatn7Lj
2024-04-17 13:55:29,EndlessCloudsHQ
2024-04-17 13:55:29,EthPrague
2024-04-17 13:55:29,Accenture
2024-04-17 13:55:29,venmo
2024-04-17 13:55:29,Naval
2024-04-17 13:55:29,SevenXVentures
2024-04-17 13:55:29,class_lambda
2024-04-17 13:55:29,equisafe_io
2024-04-17 13:55:29,narendramodi
2024-04-17 13:55:29,JMilei
2024-04-17 13:55:29,leviathan_news
2024-04-17 13:55:29,Smh2pGRNMl
2024-04-17 13:55:29,zksync
2024-04-17 13:55:29,OKX_Ventures
2024-04-17 13:55:29,goatv_bk
2024-04-17 13:55:29,vyas_krishnan
2024-04-17 13:55:29,LezarHouse
2024-04-17 13:55:29,ethereum
2024-04-17 13:55:29,OKX_UK
2024-04-17 13:55:29,leptokurtic_
2024-04-17 13:55:29,zkSync
2024-04-17 13:55:29,Pentosh1
2024-04-17 13:55:29,Ogilvy
2024-04-17 13:55:29,Braintree
2024-04-17 13:55:29,AethirCloud
2024-04-17 13:55:29,Ondefy
2024-04-17 13:55:29,CapsuleHeroes
2024-05-03 17:07:36,NGADfuture
2024-05-03 17:07:36,R55AIVvkPx
2024-05-03 17:07:36,AITProtocol
2024-05-03 17:07:36,0xketh
2024-05-03 17:07:36,sylvechv
2024-05-03 17:07:36,jpsurvival
2024-05-03 17:07:36,Rainbow_Rolls
2024-05-03 17:07:36,banklessvc
2024-05-03 17:07:36,haikoxyz
2024-05-03 17:07:36,celo
2024-05-03 17:07:36,kakarotzkevm
2024-05-03 17:07:36,ERHtEw5TS7
2024-05-03 17:07:36,cypher_capital
2024-05-03 17:07:36,treatsforShib
2024-05-03 17:07:36,ohayo_dojo
2024-05-03 17:07:36,ZBs5IcPAhO
2024-05-03 17:07:36,briqNFT
2024-05-03 17:07:36,GrandAngleMeta
2024-05-03 17:07:36,_lewtun
2024-05-03 17:07:36,BanklessVC
2024-05-03 17:07:36,Ledger
2024-05-03 17:07:36,aave
2024-05-03 17:07:36,infinex_app
2024-05-03 17:07:36,huggingface
2024-05-03 17:07:36,bittensor_
2024-05-03 17:07:36,AzosFinance
2024-05-03 17:07:36,DriftProtocol
2024-05-03 17:07:36,TSUlqSpUlh
2024-05-03 17:07:36,teardowngame
2024-05-03 17:07:36,CryptoFightWeek
2024-05-03 17:07:36,imthatcarlos
2024-05-03 17:07:36,DsEqVAC5Dp
2024-05-03 17:07:36,PublicNouns
2024-05-03 17:07:36,TM8CKG6WUp
2024-05-03 17:07:36,TheHarryET
2024-05-03 17:07:36,WRueckerl
2024-05-03 17:07:36,apple
2024-05-03 17:07:36,TheRugNews
2024-05-03 17:07:36,EntityFinance
2024-05-03 17:07:36,Felicis
2024-05-03 17:07:36,Solana
2024-05-03 17:07:36,MagicEden
2024-05-03 17:07:36,GroqInc
2024-05-03 17:07:36,starknet
2024-05-03 17:07:36,bYjw5nbEfh
2024-05-03 17:07:36,DOPPHQ
2024-05-03 17:07:36,Euclidfi
2024-05-03 17:07:36,iVerseVision
2024-05-03 17:07:36,avara
2024-05-03 17:07:36,0xJoshuaSL
2024-05-03 17:07:36,CrossTheAges
2024-05-03 17:07:36,gitcoin
2024-05-03 17:07:36,SamouraiWallet
2024-05-03 17:07:36,madfiprotocol
2024-05-03 17:07:36,BufficornV
2024-05-03 17:07:36,family
2024-05-03 17:07:36,ferascircle
2024-05-03 17:07:36,apeterminal
2024-05-03 17:07:36,hedgeyfinance
2024-05-03 17:07:36,cartridge_gg
2024-05-03 17:07:36,hyle_org
2024-05-03 17:07:36,ArkhamIntel
2024-05-03 17:07:36,kandi_app
2024-05-03 17:07:36,Redefine_crypto
2024-05-03 17:07:36,PlaySnowRunner
2024-05-03 17:07:36,AZO6TtaqsT
2024-05-03 17:07:36,wwzthegame
2024-05-03 17:07:36,lensprotocol
2024-05-03 17:07:36,TheO2
2024-05-03 17:07:36,rollchains
2024-05-03 17:07:36,Opolis
2024-05-03 17:07:36,G7_DAO
2024-05-03 17:07:36,tamarajtran
2024-05-03 17:07:36,AQuietPlaceGame
2024-05-03 17:07:36,ONYzSaBVFK
2024-05-03 17:07:36,charliekaraboga
2024-05-03 17:07:36,SporkDAO
2024-05-03 17:07:36,arbitrum
2024-05-03 17:07:36,WalletConnect
2024-05-03 17:07:36,YGBBn5y29Q
2024-05-03 17:07:36,dukeU
2024-05-03 17:07:36,Treasure_DAO
2024-05-03 17:07:36,search?q=%24TREAT&src=cashtag_click
2024-05-03 17:07:36,QCutsem
2024-05-03 17:07:36,search?q=%24bonsai&src=cashtag_click
2024-05-03 17:07:36,MultiversX
2024-05-03 17:07:36,SaberGames
2024-05-03 17:07:36,EthereumDenver
2024-05-03 17:07:36,FrankieStyless
2024-05-03 17:07:36,ton_blockchain
2024-05-03 17:07:36,benlakoff
2024-05-08 17:17:19,SuiNetwork
2024-05-08 17:17:19,avec_alan
2024-05-08 17:17:19,0xSkyMine
2024-05-08 17:17:19,Meta_Cartel
2024-05-08 17:17:19,MaxMartelo
2024-05-08 17:17:19,EvanWeb3
2024-05-08 17:17:19,DAOhaus
2024-05-08 17:17:19,gnosischain
2024-05-08 17:17:19,3my1z1Azzk
2024-05-08 17:17:19,alkemics
2024-05-08 17:17:19,DXdao_
2024-05-08 17:17:19,poanetwork
2024-05-08 17:17:19,digiassetfund
2024-05-08 17:17:19,zerion
2024-05-08 17:17:19,HydraVentures_
2024-05-08 17:17:19,tsarnick
2024-05-08 17:17:19,Cyvers_
2024-05-08 17:17:19,blockscoutcom
2024-05-08 17:17:19,8ZFrZ6lhGB
2024-05-08 17:17:19,Al3xanderguy
2024-05-08 17:17:19,ExponentialDeFi
2024-05-08 17:17:19,CyversAlerts
2024-05-08 17:17:19,swellnetworkio
2024-05-08 17:17:19,zama_fhe
2024-05-08 17:17:19,GMWeb3_Podcast
2024-05-08 17:17:19,merkl_xyz
2024-05-08 17:17:19,SiBorgapp
2024-05-08 17:17:19,ufo__club
2024-05-08 17:17:19,louis_tttt
2024-05-08 17:17:19,FozOZ9j5gj
2024-05-08 17:17:19,richwgalvin
2024-05-08 17:17:19,snips
2024-05-08 19:41:06,GRsWjljp2L
2024-05-08 19:41:06,labs_electron
2024-05-10 16:17:01,MetavestCapital
2024-05-10 16:17:01,ed5fBWdinJ
2024-05-10 16:17:01,cedelabs
2024-05-10 16:17:01,3d6AlpVFYG
2024-05-10 16:17:01,eywaprotocol
2024-05-15 13:47:51,readDanwrite
2024-05-15 13:47:51,TheJackForge
2024-05-15 13:47:51,haunventures
2024-05-15 13:47:51,FortuneMagazine
2024-05-15 13:47:51,polychain
2024-05-15 13:47:51,YahooFinance
2024-05-15 13:47:51,OpenAI
2024-05-15 13:47:51,chandan1_
2024-05-15 13:47:51,sjrosenblum
2024-05-15 13:47:51,reflectorbital
2024-05-15 13:47:51,coinbase
2024-05-15 13:47:51,decryptmedia
2024-05-15 13:47:51,M31Capital
2024-05-15 13:47:51,dJGr6LgzPA
2024-05-15 13:47:51,Benjamin918_
2024-05-15 13:47:51,QiDaoProtocol
2024-05-15 13:47:51,variantfund
2024-05-20 19:57:53,6kHtCdvx93
2024-05-20 19:57:53,3cities_xyz
2024-05-20 19:57:53,inter4pod
2024-05-20 19:57:53,Eidon_AI
2024-05-20 19:57:53,janleike
2024-05-20 19:57:53,theSamPadilla
2024-05-20 19:57:53,SmartestBeta
2024-05-20 19:57:53,monerium
2024-05-20 19:57:53,KUr0GCyGwc
2024-05-20 19:57:53,ModdedQuad
2024-05-20 19:57:53,Blackrock
2024-05-20 19:57:53,ryanberckmans
2024-05-20 19:57:53,realScamSniffer
2024-05-20 19:57:53,GoogleCloud
2024-05-20 19:57:53,0xpeternguyen
2024-05-20 19:57:53,ATXDAO
2024-05-20 19:57:53,nayms
2024-05-20 19:57:53,Coinbase
2024-05-20 19:57:53,bhalligan
2024-05-20 19:57:53,merettm
2024-05-20 19:57:53,oYTpJ34DoX
