2024-04-05 23:23:20,ScottHConner
2024-04-05 23:23:20,mixbymatt
2024-04-05 23:23:20,Bloomberg
2024-04-05 23:23:20,MushroomNiagara
2024-04-05 23:23:20,galinaweb3
2024-04-05 23:23:20,NT0xQSv3cm
2024-04-05 23:23:20,cobie
2024-04-05 23:23:20,blockworks_
2024-04-05 23:23:20,ID_AA_Carmack
2024-04-05 23:23:20,lexmartin101
2024-04-05 23:23:20,Ogi9S0FyEs
2024-04-05 23:23:20,realdavidhoffma
2024-04-05 23:23:20,pooltogether_
2024-04-05 23:23:20,msbgu
2024-04-05 23:23:20,TheMarginMan
2024-04-05 23:23:20,0xKimberly
2024-04-05 23:23:20,theempirepod
2024-04-05 23:23:20,coincenter
2024-04-05 23:23:20,stonecoldpat0
2024-04-05 23:23:20,StellaXYZ_
2024-04-05 23:23:20,neerajkafood
2024-04-05 23:23:20,GordonWaltho
2024-04-05 23:23:20,JustDeauIt
2024-04-05 23:23:20,stripe
2024-04-05 23:23:20,david_seroy
2024-04-05 23:23:20,JSeyff
2024-04-05 23:23:20,BanklessVC
2024-04-05 23:23:20,JasonYanowitz
2024-04-05 23:23:20,banklesshq
2024-04-05 23:23:20,getairchat
2024-04-05 23:23:20,DavidFBailey
2024-04-05 23:23:20,afropolitan
2024-04-05 23:23:20,pleasrdao
2024-04-05 23:23:20,garowe89
2024-04-05 23:23:20,arbitrum
2024-04-05 23:23:20,lay2000lbs
2024-04-05 23:23:20,friendtech
2024-04-05 23:23:20,Lemniscap
2024-04-05 23:23:20,ryansadams
2024-04-05 23:23:20,twitter
2024-04-05 23:23:20,d9BYyQrzt2
2024-04-05 23:23:20,BanklessHQ
2024-04-05 23:23:20,EarnWithBM
2024-04-05 23:23:20,bbgintelligence
2024-04-05 23:23:20,krakenfx
2024-04-05 23:23:20,tylercowen
2024-04-05 23:23:20,joinbasedmgmt
2024-04-05 23:23:20,realGeorgeHotz
2024-04-05 23:23:20,bitcoinmagazine
2024-04-05 23:23:20,JWVerret
2024-04-05 23:23:20,__tinygrad__
2024-04-05 23:23:20,pplpleasr1
2024-04-05 23:23:20,TheKaitSmith
2024-04-05 23:23:20,NeerajKA
2024-04-05 23:23:20,robertskmiles
2024-04-05 23:23:20,fredwilson
2024-04-05 23:23:20,InitCapital_
2024-04-05 23:23:20,CollectPods
2024-04-05 23:23:20,TheBitcoinConf
2024-04-05 23:23:20,UTXOmgmt
2024-04-05 23:23:20,zKz8yH5y3r
2024-04-05 23:23:20,comma_ai
2024-04-05 23:23:20,echodotxyz
2024-04-05 23:23:20,MikeIppolito_
2024-04-05 23:23:20,UCBerkeley
2024-04-05 23:23:20,PSPiDAr1Tn
2024-04-05 23:23:20,banklessHQ
2024-04-05 23:23:20,7bU5cUdOBc
2024-04-05 23:23:20,tascha_panpan
2024-04-05 23:23:20,pleasrDAO
2024-04-05 23:23:20,KrakenFX
2024-04-05 23:23:20,patio11
2024-04-05 23:23:20,WutalkWu
2024-04-05 23:23:20,Onchaincity
2024-04-05 23:23:20,marklg
2024-04-05 23:23:20,natekennedymd
2024-04-05 23:23:20,Lou_Frang
2024-04-08 17:15:53,banklessHQ
2024-04-08 17:15:53,realGeorgeHotz
2024-04-08 17:15:53,0xKimberly
2024-04-08 17:15:53,PSPiDAr1Tn
2024-04-08 17:15:53,TheMarginMan
2024-04-08 17:15:53,UTXOmgmt
2024-04-08 17:15:53,__tinygrad__
2024-04-08 17:15:53,galinaweb3
2024-04-08 17:15:53,WutalkWu
2024-04-08 17:15:53,InitCapital_
2024-04-08 17:15:53,Bloomberg
2024-04-08 17:15:53,friendtech
2024-04-08 17:15:53,Ogi9S0FyEs
2024-04-08 17:15:53,marklg
2024-04-08 17:15:53,zKz8yH5y3r
2024-04-08 17:15:53,echodotxyz
2024-04-08 17:15:53,comma_ai
2024-04-08 17:15:53,joinbasedmgmt
2024-04-08 17:15:53,MushroomNiagara
2024-04-08 17:15:53,lay2000lbs
2024-04-08 17:15:53,7bU5cUdOBc
2024-04-08 17:15:53,david_seroy
2024-04-08 17:15:53,d9BYyQrzt2
2024-04-08 17:15:53,Lou_Frang
2024-04-08 17:15:53,NeerajKA
2024-04-08 17:15:53,tylercowen
2024-04-08 17:15:53,JWVerret
2024-04-08 17:15:53,getairchat
2024-04-08 17:15:53,natekennedymd
2024-04-08 17:15:53,stonecoldpat0
2024-04-08 17:15:53,neerajkafood
2024-04-08 17:15:53,MikeIppolito_
2024-04-08 17:15:53,CollectPods
2024-04-08 17:15:53,TheKaitSmith
2024-04-08 17:15:53,pleasrDAO
2024-04-08 17:15:53,krakenfx
2024-04-08 17:15:53,theempirepod
2024-04-08 17:15:53,ID_AA_Carmack
2024-04-08 17:15:53,ScottHConner
2024-04-08 17:15:53,afropolitan
2024-04-08 17:15:53,coincenter
2024-04-08 17:15:53,BanklessHQ
2024-04-08 17:15:53,banklesshq
2024-04-08 17:15:53,pplpleasr1
2024-04-08 17:15:53,pleasrdao
2024-04-08 17:15:53,arbitrum
2024-04-08 17:15:53,JasonYanowitz
2024-04-08 17:15:53,JSeyff
2024-04-08 17:15:53,Onchaincity
2024-04-08 17:15:53,bitcoinmagazine
2024-04-08 17:15:53,pooltogether_
2024-04-08 17:15:53,cobie
2024-04-08 17:15:53,blockworks_
2024-04-08 17:15:53,BanklessVC
2024-04-08 17:15:53,mixbymatt
2024-04-08 17:15:53,TheBitcoinConf
2024-04-08 17:15:53,DavidFBailey
2024-04-08 17:15:53,patio11
2024-04-08 17:15:53,lexmartin101
2024-04-08 17:15:53,msbgu
2024-04-08 17:15:53,realdavidhoffma
2024-04-08 17:15:53,EarnWithBM
2024-04-08 17:15:53,JustDeauIt
2024-04-08 17:15:53,Lemniscap
2024-04-08 17:15:53,robertskmiles
2024-04-08 17:15:53,KrakenFX
2024-04-08 17:15:53,NT0xQSv3cm
2024-04-08 17:15:53,ryansadams
2024-04-08 17:15:53,GordonWaltho
2024-04-08 17:15:53,stripe
2024-04-08 17:15:53,fredwilson
2024-04-08 17:15:53,garowe89
2024-04-08 17:15:53,bbgintelligence
2024-04-08 17:15:53,twitter
2024-04-17 14:25:03,alignedlayer
2024-04-17 14:25:03,robertskmiles
2024-04-17 14:25:03,friendtech
2024-04-17 14:25:03,MikeIppolito_
2024-04-17 14:25:03,theempirepod
2024-04-17 14:25:03,DavidFBailey
2024-04-17 14:25:03,afropolitan
2024-04-17 14:25:03,JasonYanowitz
2024-04-17 14:25:03,coincenter
2024-04-17 14:25:03,natekennedymd
2024-04-17 14:25:03,neerajkafood
2024-04-17 14:25:03,tylercowen
2024-04-17 14:25:03,garowe89
2024-04-17 14:25:03,Lemniscap
2024-04-17 14:25:03,arbitrum
2024-04-17 14:25:03,d9BYyQrzt2
2024-04-17 14:25:03,bitcoinmagazine
2024-04-17 14:25:03,GordonWaltho
2024-04-17 14:25:03,__tinygrad__
2024-04-17 14:25:03,joinbasedmgmt
2024-04-17 14:25:03,stonecoldpat0
2024-04-17 14:25:03,comma_ai
2024-04-17 14:25:03,BanklessHQ
2024-04-17 14:25:03,getairchat
2024-04-17 14:25:03,yetanotherco
2024-04-17 14:25:03,marklg
2024-04-17 14:25:03,fredwilson
2024-04-17 14:25:03,ScottHConner
2024-04-17 14:25:03,Ogi9S0FyEs
2024-04-17 14:25:03,krakenfx
2024-04-17 14:25:03,HpluRJKcEK
2024-04-17 14:25:03,UTXOmgmt
2024-04-17 14:25:03,banklessHQ
2024-04-17 14:25:03,TheBitcoinConf
2024-04-17 14:25:03,ryansadams
2024-04-17 14:25:03,lexmartin101
2024-04-17 14:25:03,federicocarrone
2024-04-17 14:25:03,CollectPods
2024-04-17 14:25:03,david_seroy
2024-04-17 14:25:03,Bloomberg
2024-04-17 14:25:03,eigenlayer
2024-04-17 14:25:03,msbgu
2024-04-17 14:25:03,pplpleasr1
2024-04-17 14:25:03,pleasrDAO
2024-04-17 14:25:03,galinaweb3
2024-04-17 14:25:03,WutalkWu
2024-04-17 14:25:03,echodotxyz
2024-04-17 14:25:03,fede_intern
2024-04-17 14:25:03,Onchaincity
2024-04-17 14:25:03,NT0xQSv3cm
2024-04-17 14:25:03,TheKaitSmith
2024-04-17 14:25:03,JWVerret
2024-04-17 14:25:03,mixbymatt
2024-04-17 14:25:03,stripe
2024-04-17 14:25:03,realdavidhoffma
2024-04-17 14:25:03,MushroomNiagara
2024-04-17 14:25:03,zKz8yH5y3r
2024-04-17 14:25:03,JSeyff
2024-04-17 14:25:03,Lou_Frang
2024-04-17 14:25:03,NeerajKA
2024-04-17 14:25:03,InitCapital_
2024-04-17 14:25:03,class_lambda
2024-04-17 14:25:03,cobie
2024-04-17 14:25:03,EarnWithBM
2024-04-17 14:25:03,alpenlabs
2024-04-17 14:25:03,banklesshq
2024-04-17 14:25:03,pooltogether_
2024-04-17 14:25:03,patio11
2024-04-17 14:25:03,pleasrdao
2024-04-17 14:25:03,PSPiDAr1Tn
2024-04-17 14:25:03,realGeorgeHotz
2024-04-17 14:25:03,twitter
2024-04-17 14:25:03,bbgintelligence
2024-04-17 14:25:03,ID_AA_Carmack
2024-04-17 14:25:03,ethereum
2024-04-17 14:25:03,7bU5cUdOBc
2024-04-17 14:25:03,KrakenFX
2024-04-17 14:25:03,TheMarginMan
2024-04-17 14:25:03,JustDeauIt
2024-04-17 14:25:03,BanklessVC
2024-04-17 14:25:03,0xKimberly
2024-04-17 14:25:03,lay2000lbs
2024-04-17 14:25:03,blockworks_
2024-05-03 17:17:52,StellaXYZ_
2024-05-03 17:17:52,UCBerkeley
2024-05-03 17:17:52,xa8A2CcHq8
2024-05-03 17:17:52,tascha_panpan
2024-05-08 17:26:37,permissionless
2024-05-08 17:26:37,safaryclub
2024-05-15 13:57:17,mikedemarais
2024-05-15 13:57:17,zWTvLoSAyZ
2024-05-15 13:57:17,rainbowdotme
2024-05-15 13:57:17,VCksPQ76P4
