2024-04-05 20:37:43,opensea
2024-04-05 20:37:43,mikeneuder
2024-04-05 20:37:43,aztecnetwork
2024-04-05 20:37:43,momentsdotfun
2024-04-05 20:37:43,aws
2024-04-05 20:37:43,uwcse
2024-04-05 20:37:43,mantanetwork
2024-04-05 20:37:43,bobby_beniers
2024-04-05 20:37:43,onepeloton
2024-04-05 20:37:43,a16z
2024-04-05 20:37:43,ycombinator
2024-04-05 20:37:43,hackerhouses
2024-04-05 20:37:43,pirosb3
2024-04-05 20:37:43,ucsbcs
2024-04-05 20:37:43,Uber
2024-04-05 20:37:43,frame_xyz
2024-04-05 20:37:43,cryptothegame_
2024-04-05 20:37:43,lucy_guo
2024-04-05 20:37:43,alignedlayer
2024-04-05 20:37:43,jito_labs
2024-04-05 20:37:43,blockaid_
2024-04-05 20:37:43,ellipsis_labs
2024-04-05 20:37:43,SquadsProtocol
2024-04-05 20:37:43,coinbase
2024-04-05 20:37:43,KYDNimale
2024-04-05 20:37:43,dhaber
2024-04-05 20:37:43,nebrazkp
2024-04-05 20:37:43,joinautopilot_
2024-04-05 20:37:43,umbraresearch
2024-04-05 20:37:43,aoTheComputer
2024-04-05 20:37:43,UmbraResearch
2024-04-05 20:37:43,LiveNation
2024-04-05 20:37:43,SolanaFndn
2024-04-05 20:37:43,kcvCV0IBJe
2024-04-05 20:37:43,compoundvc
2024-04-05 20:37:43,shumochu
2024-04-05 20:37:43,boysclubworld
2024-04-05 20:37:43,0xShitTrader
2024-04-05 20:37:43,brianjckim
2024-04-05 20:37:43,Im5d8Eqkby
2024-04-05 20:37:43,BainCapCrypto
2024-04-05 20:37:43,Kraken
2024-04-05 20:37:43,VAZSUsAYbs
2024-04-05 20:37:43,ethereum
2024-04-05 20:37:43,spotify
2024-04-05 20:37:43,Coinbase
2024-04-05 20:37:43,yetanotherco
2024-04-05 20:37:43,backendcapital
2024-04-05 20:37:43,jito_sol
2024-04-05 20:37:43,multicoincap
2024-04-05 20:37:43,polychain
2024-04-05 20:37:43,yanotherbridge
2024-04-05 20:37:43,DeSciNYC
2024-04-05 20:37:43,mhdempsey
2024-04-05 20:37:43,Forculus
2024-04-05 20:37:43,GarrettHarper_
2024-04-05 20:37:43,Int_Machines
2024-04-05 20:37:43,fd_ripatel
2024-04-05 20:37:43,postmates
2024-04-05 20:37:43,thisiszinger
2024-04-05 20:37:43,dcposch
2024-04-05 20:37:43,yelp
2024-04-05 20:37:43,danheld
2024-04-05 20:37:43,zinger
2024-04-05 20:37:43,Harvard
2024-04-05 20:37:43,ourZORA
2024-04-05 20:37:43,trustmachinesco
2024-04-05 20:37:43,newinternet_
2024-04-05 20:37:43,tednotlasso
2024-04-05 20:37:43,DylanAbruscato
2024-04-05 20:37:43,northwoodspace
2024-04-05 20:37:43,GoldmanSachs
2024-04-05 20:37:43,thisisrj
2024-04-05 20:37:43,kC5KdxDsD6
2024-04-05 20:37:43,hf0residency
2024-04-05 20:37:43,pchopra28
2024-04-05 20:37:43,alchemyplatform
2024-04-05 20:37:43,MorphoLabs
2024-04-05 20:37:43,bloXrouteLabs
2024-04-05 20:37:43,Solana
2024-04-05 20:37:43,themoveguy
2024-04-05 20:37:43,DrakeBreeding
2024-04-05 20:37:43,roberto_bayardo
2024-04-05 20:37:43,capitalxyz
2024-04-05 20:37:43,BobbyThakkar
2024-04-05 20:37:43,uber
2024-04-05 20:37:43,slice__so
2024-04-05 20:37:43,lulumeservey
2024-04-05 20:37:43,bridgitmendler
2024-04-05 20:37:43,christopherwxyz
2024-04-05 20:37:43,partyround
2024-04-05 20:37:43,Mysten_Labs
2024-04-05 20:37:43,0xproject
2024-04-05 20:37:43,MerlinEgalite
2024-04-05 20:37:43,onbondstreet
2024-04-05 20:37:43,0xPFL
2024-04-05 20:37:43,goasymmetric
2024-04-05 20:37:43,atlasEVM
2024-04-05 20:37:43,getofflinexyz
2024-04-05 20:37:43,phantom
2024-04-05 20:37:43,luusssso
2024-04-05 20:37:43,vividseats
2024-04-05 20:37:43,eth_call
2024-04-05 20:37:43,SalvinoArmati
2024-04-05 20:37:43,kydlabs
2024-04-05 20:37:43,Glennmon
2024-04-05 20:37:43,mud_dev
2024-04-05 20:37:43,Lightspeedpodhq
2024-04-05 20:37:43,4xKo7wQTQo
2024-04-05 20:37:43,scale_ai
2024-04-05 20:37:43,nounsdao
2024-04-05 20:37:43,ThogardPvP
2024-04-05 20:37:43,unofficialrun
2024-04-05 20:37:43,tbtstl
2024-04-05 20:37:43,TaprootWizards
2024-04-05 20:37:43,dlabs_
2024-04-05 20:37:43,Figment_io
2024-04-05 20:37:43,PelosiTracker_
2024-04-05 20:37:43,Blockchain
2024-04-05 20:37:43,uriklarman
2024-04-05 20:37:43,shayonsengupta
2024-04-05 20:37:43,jj_ranalli
2024-04-05 20:37:43,omw_to_the_moon
2024-04-05 20:37:43,buffalu__
2024-04-05 20:37:43,SparkCapital
2024-04-05 20:37:43,bountycaster
2024-04-05 20:37:43,Ticketmaster
2024-04-05 20:37:43,hqtrivia
2024-04-05 20:37:43,vQUtezPKXH
2024-04-08 15:44:17,shayonsengupta
2024-04-08 15:44:17,nounsdao
2024-04-08 15:44:17,tednotlasso
2024-04-08 15:44:17,alchemyplatform
2024-04-08 15:44:17,postmates
2024-04-08 15:44:17,jito_sol
2024-04-08 15:44:17,dhaber
2024-04-08 15:44:17,cryptothegame_
2024-04-08 15:44:17,vividseats
2024-04-08 15:44:17,eth_call
2024-04-08 15:44:17,ycombinator
2024-04-08 15:44:17,aoTheComputer
2024-04-08 15:44:17,dcposch
2024-04-08 15:44:17,northwoodspace
2024-04-08 15:44:17,capitalxyz
2024-04-08 15:44:17,SquadsProtocol
2024-04-08 15:44:17,umbraresearch
2024-04-08 15:44:17,Forculus
2024-04-08 15:44:17,aztecnetwork
2024-04-08 15:44:17,tbtstl
2024-04-08 15:44:17,MerlinEgalite
2024-04-08 15:44:17,GarrettHarper_
2024-04-08 15:44:17,GoldmanSachs
2024-04-08 15:44:17,Solana
2024-04-08 15:44:17,polychain
2024-04-08 15:44:17,mikeneuder
2024-04-08 15:44:17,thisiszinger
2024-04-08 15:44:17,Figment_io
2024-04-08 15:44:17,frame_xyz
2024-04-08 15:44:17,backendcapital
2024-04-08 15:44:17,lucy_guo
2024-04-08 15:44:17,boysclubworld
2024-04-08 15:44:17,0xShitTrader
2024-04-08 15:44:17,christopherwxyz
2024-04-08 15:44:17,Int_Machines
2024-04-08 15:44:17,SalvinoArmati
2024-04-08 15:44:17,Glennmon
2024-04-08 15:44:17,uwcse
2024-04-08 15:44:17,bloXrouteLabs
2024-04-08 15:44:17,SparkCapital
2024-04-08 15:44:17,yanotherbridge
2024-04-08 15:44:17,jj_ranalli
2024-04-08 15:44:17,uber
2024-04-08 15:44:17,ellipsis_labs
2024-04-08 15:44:17,oAvv5hQK2O
2024-04-08 15:44:17,ucsbcs
2024-04-08 15:44:17,4xKo7wQTQo
2024-04-08 15:44:17,alignedlayer
2024-04-08 15:44:17,mud_dev
2024-04-08 15:44:17,atlasEVM
2024-04-08 15:44:17,danheld
2024-04-08 15:44:17,onbondstreet
2024-04-08 15:44:17,0xPFL
2024-04-08 15:44:17,bountycaster
2024-04-08 15:44:17,multicoincap
2024-04-08 15:44:17,roberto_bayardo
2024-04-08 15:44:17,VAZSUsAYbs
2024-04-08 15:44:17,shumochu
2024-04-08 15:44:17,scale_ai
2024-04-08 15:44:17,KYDNimale
2024-04-08 15:44:17,BobbyThakkar
2024-04-08 15:44:17,slice__so
2024-04-08 15:44:17,dlabs_
2024-04-08 15:44:17,mantanetwork
2024-04-08 15:44:17,aws
2024-04-08 15:44:17,hqtrivia
2024-04-08 15:44:17,Ticketmaster
2024-04-08 15:44:17,vQUtezPKXH
2024-04-08 15:44:17,joinautopilot_
2024-04-08 15:44:17,yelp
2024-04-08 15:44:17,kcvCV0IBJe
2024-04-08 15:44:17,0xproject
2024-04-08 15:44:17,coinbase
2024-04-08 15:44:17,thisisrj
2024-04-08 15:44:17,Mysten_Labs
2024-04-08 15:44:17,pchopra28
2024-04-08 15:44:17,a16z
2024-04-08 15:44:17,UmbraResearch
2024-04-08 15:44:17,buffalu__
2024-04-08 15:44:17,bridgitmendler
2024-04-08 15:44:17,Harvard
2024-04-08 15:44:17,hf0residency
2024-04-08 15:44:17,newinternet_
2024-04-08 15:44:17,brianjckim
2024-04-08 15:44:17,blockaid_
2024-04-08 15:44:17,SolanaFndn
2024-04-08 15:44:17,TaprootWizards
2024-04-08 15:44:17,zinger
2024-04-08 15:44:17,DrakeBreeding
2024-04-08 15:44:17,kydlabs
2024-04-08 15:44:17,bobby_beniers
2024-04-08 15:44:17,onepeloton
2024-04-08 15:44:17,phantom
2024-04-08 15:44:17,ThogardPvP
2024-04-08 15:44:17,unofficialrun
2024-04-08 15:44:17,MorphoLabs
2024-04-08 15:44:17,partyround
2024-04-08 15:44:17,Blockchain
2024-04-08 15:44:17,hackerhouses
2024-04-08 15:44:17,spotify
2024-04-08 15:44:17,DylanAbruscato
2024-04-08 15:44:17,getofflinexyz
2024-04-08 15:44:17,nebrazkp
2024-04-08 15:44:17,luusssso
2024-04-08 15:44:17,PelosiTracker_
2024-04-08 15:44:17,ethereum
2024-04-08 15:44:17,lulumeservey
2024-04-08 15:44:17,fd_ripatel
2024-04-08 15:44:17,yetanotherco
2024-04-08 15:44:17,Uber
2024-04-08 15:44:17,ourZORA
2024-04-08 15:44:17,compoundvc
2024-04-08 15:44:17,pirosb3
2024-04-08 15:44:17,omw_to_the_moon
2024-04-08 15:44:17,kC5KdxDsD6
2024-04-08 15:44:17,Lightspeedpodhq
2024-04-08 15:44:17,Kraken
2024-04-08 15:44:17,LiveNation
2024-04-08 15:44:17,Coinbase
2024-04-08 15:44:17,jito_labs
2024-04-08 15:44:17,trustmachinesco
2024-04-08 15:44:17,themoveguy
2024-04-08 15:44:17,BainCapCrypto
2024-04-08 15:44:17,opensea
2024-04-08 15:44:17,mhdempsey
2024-04-08 15:44:17,DeSciNYC
2024-04-08 15:44:17,momentsdotfun
2024-04-08 15:44:17,uriklarman
2024-04-08 15:44:17,goasymmetric
2024-04-17 12:54:39,blockaid_
2024-04-17 12:54:39,alignedlayer
2024-04-17 12:54:39,Kalshi
2024-04-17 12:54:39,lucy_guo
2024-04-17 12:54:39,agenticmarkets
2024-04-17 12:54:39,umbraresearch
2024-04-17 12:54:39,mhdempsey
2024-04-17 12:54:39,compoundvc
2024-04-17 12:54:39,uber
2024-04-17 12:54:39,mantanetwork
2024-04-17 12:54:39,luusssso
2024-04-17 12:54:39,tednotlasso
2024-04-17 12:54:39,aoTheComputer
2024-04-17 12:54:39,MorphoLabs
2024-04-17 12:54:39,mezonetwork
2024-04-17 12:54:39,hashflow
2024-04-17 12:54:39,Qy87VuaizA
2024-04-17 12:54:39,SolanaFndn
2024-04-17 12:54:39,VAZSUsAYbs
2024-04-17 12:54:39,Int_Machines
2024-04-17 12:54:39,shumochu
2024-04-17 12:54:39,Ticketmaster
2024-04-17 12:54:39,newinternet_
2024-04-17 12:54:39,yetanotherco
2024-04-17 12:54:39,roberto_bayardo
2024-04-17 12:54:39,mmlightcap
2024-04-17 12:54:39,kcvCV0IBJe
2024-04-17 12:54:39,2cPqL2xpuh
2024-04-17 12:54:39,BainCapCrypto
2024-04-17 12:54:39,SparkCapital
2024-04-17 12:54:39,backendcapital
2024-04-17 12:54:39,thisisrj
2024-04-17 12:54:39,yelp
2024-04-17 12:54:39,atlasEVM
2024-04-17 12:54:39,buffalu__
2024-04-17 12:54:39,metastreetxyz
2024-04-17 12:54:39,GoldmanSachs
2024-04-17 12:54:39,a16z
2024-04-17 12:54:39,lwkzyUqeAx
2024-04-17 12:54:39,vQUtezPKXH
2024-04-17 12:54:39,0xShitTrader
2024-04-17 12:54:39,getofflinexyz
2024-04-17 12:54:39,opensea
2024-04-17 12:54:39,vividseats
2024-04-17 12:54:39,Blockchain
2024-04-17 12:54:39,kydlabs
2024-04-17 12:54:39,Glennmon
2024-04-17 12:54:39,4xKo7wQTQo
2024-04-17 12:54:39,kC5KdxDsD6
2024-04-17 12:54:39,brianjckim
2024-04-17 12:54:39,onbondstreet
2024-04-17 12:54:39,uwcse
2024-04-17 12:54:39,momentsdotfun
2024-04-17 12:54:39,fd_ripatel
2024-04-17 12:54:39,dlabs_
2024-04-17 12:54:39,zinger
2024-04-17 12:54:39,Harvard
2024-04-17 12:54:39,eG0CZL5IXH
2024-04-17 12:54:39,Uber
2024-04-17 12:54:39,KYDNimale
2024-04-17 12:54:39,TaprootWizards
2024-04-17 12:54:39,northwoodspace
2024-04-17 12:54:39,mansourtarek_
2024-04-17 12:54:39,trustmachinesco
2024-04-17 12:54:39,scale_ai
2024-04-17 12:54:39,uriklarman
2024-04-17 12:54:39,wolfofkalshi
2024-04-17 12:54:39,yanotherbridge
2024-04-17 12:54:39,nansen_ai
2024-04-17 12:54:39,aws
2024-04-17 12:54:39,coinbase
2024-04-17 12:54:39,0xPFL
2024-04-17 12:54:39,Solana
2024-04-17 12:54:39,dhaber
2024-04-17 12:54:39,rodarmor
2024-04-17 12:54:39,ycombinator
2024-04-17 12:54:39,0xppl_
2024-04-17 12:54:39,BobbyThakkar
2024-04-17 12:54:39,pchopra28
2024-04-17 12:54:39,mikeneuder
2024-04-17 12:54:39,danheld
2024-04-17 12:54:39,thisiszinger
2024-04-17 12:54:39,hackerhouses
2024-04-17 12:54:39,1l9ekCAT6z
2024-04-17 12:54:39,ellipsis_labs
2024-04-17 12:54:39,jito_labs
2024-04-17 12:54:39,LiveNation
2024-04-17 12:54:39,ThogardPvP
2024-04-17 12:54:39,ucsbcs
2024-04-17 12:54:39,jarapphq
2024-04-17 12:54:39,ethereum
2024-04-17 12:54:39,Kraken
2024-04-17 12:54:39,4MdA62CeUh
2024-04-17 12:54:39,hf0residency
2024-04-17 12:54:39,bloXrouteLabs
2024-04-17 12:54:39,joel_john95
2024-04-17 12:54:39,MerlinEgalite
2024-04-17 12:54:39,goasymmetric
2024-04-17 12:54:39,alchemyplatform
2024-04-17 12:54:39,bridgitmendler
2024-04-17 12:54:39,nounsdao
2024-04-17 12:54:39,decentralisedco
2024-04-17 12:54:39,UmbraResearch
2024-04-17 12:54:39,slow
2024-04-17 12:54:39,jito_sol
2024-04-17 12:54:39,jj_ranalli
2024-04-17 12:54:39,nebrazkp
2024-04-17 12:54:39,slice__so
2024-04-17 12:54:39,lulumeservey
2024-05-03 16:20:43,MorphoLabs
2024-05-03 16:20:43,lulumeservey
2024-05-03 16:20:43,partyround
2024-05-03 16:20:43,postmates
2024-05-03 16:20:43,4MdA62CeUh
2024-05-03 16:20:43,coinbase
2024-05-03 16:20:43,getofflinexyz
2024-05-03 16:20:43,aws
2024-05-03 16:20:43,lwkzyUqeAx
2024-05-03 16:20:43,ycombinator
2024-05-03 16:20:43,jito_labs
2024-05-03 16:20:43,uriklarman
2024-05-03 16:20:43,baby_fisherman
2024-05-03 16:20:43,ThogardPvP
2024-05-03 16:20:43,bloXrouteLabs
2024-05-03 16:20:43,northwoodspace
2024-05-03 16:20:43,uber
2024-05-03 16:20:43,lucy_guo
2024-05-03 16:20:43,mezonetwork
2024-05-03 16:20:43,HmwGbOWWcK
2024-05-03 16:20:43,ieSYEs8M1W
2024-05-03 16:20:43,backendcapital
2024-05-03 16:20:43,mantanetwork
2024-05-03 16:20:43,slow
2024-05-03 16:20:43,blockaid_
2024-05-03 16:20:43,UmbraResearch
2024-05-03 16:20:43,christopherwxyz
2024-05-03 16:20:43,hf0residency
2024-05-03 16:20:43,Harvard
2024-05-03 16:20:43,LiveNation
2024-05-03 16:20:43,SolanaFndn
2024-05-03 16:20:43,trustmachinesco
2024-05-03 16:20:43,hackerhouses
2024-05-03 16:20:43,unofficialrun
2024-05-03 16:20:43,Int_Machines
2024-05-03 16:20:43,tednotlasso
2024-05-03 16:20:43,Ticketmaster
2024-05-03 16:20:43,phantom
2024-05-03 16:20:43,capitalxyz
2024-05-03 16:20:43,a16z
2024-05-03 16:20:43,SalvinoArmati
2024-05-03 16:20:43,zinger
2024-05-03 16:20:43,KYDNimale
2024-05-03 16:20:43,onepeloton
2024-05-03 16:20:43,buffalu__
2024-05-03 16:20:43,joel_john95
2024-05-03 16:20:43,nansen_ai
2024-05-03 16:20:43,thisisrj
2024-05-03 16:20:43,dhaber
2024-05-03 16:20:43,0xFastLane
2024-05-03 16:20:43,jj_ranalli
2024-05-03 16:20:43,Blockchain
2024-05-03 16:20:43,themoveguy
2024-05-03 16:20:43,2cPqL2xpuh
2024-05-03 16:20:43,umbraresearch
2024-05-03 16:20:43,BainCapCrypto
2024-05-03 16:20:43,yanotherbridge
2024-05-03 16:20:43,fd_ripatel
2024-05-03 16:20:43,danheld
2024-05-03 16:20:43,yetanotherco
2024-05-03 16:20:43,spotify
2024-05-03 16:20:43,opensea
2024-05-03 16:20:43,Glennmon
2024-05-03 16:20:43,aoTheComputer
2024-05-03 16:20:43,Kalshi
2024-05-03 16:20:43,bridgitmendler
2024-05-03 16:20:43,jarapphq
2024-05-03 16:20:43,alignedlayer
2024-05-03 16:20:43,alchemyplatform
2024-05-03 16:20:43,Kraken
2024-05-03 16:20:43,roberto_bayardo
2024-05-03 16:20:43,rodarmor
2024-05-03 16:20:43,thisiszinger
2024-05-03 16:20:43,bountycaster
2024-05-03 16:20:43,mhdempsey
2024-05-03 16:20:43,ellipsis_labs
2024-05-03 16:20:43,multicoincap
2024-05-03 16:20:43,2NDKSh7y3d
2024-05-03 16:20:43,DylanAbruscato
2024-05-03 16:20:43,nebrazkp
2024-05-03 16:20:43,uwcse
2024-05-03 16:20:43,q3w1ED3f14
2024-05-03 16:20:43,dntse
2024-05-03 16:20:43,Solana
2024-05-03 16:20:43,atlasEVM
2024-05-03 16:20:43,0xproject
2024-05-03 16:20:43,dlabs_
2024-05-03 16:20:43,momentsdotfun
2024-05-03 16:20:43,internetkidsnet
2024-05-03 16:20:43,decentralisedco
2024-05-03 16:20:43,pirosb3
2024-05-03 16:20:43,mikeneuder
2024-05-03 16:20:43,NousResearch
2024-05-03 16:20:43,wolfofkalshi
2024-05-03 16:20:43,mmlightcap
2024-05-03 16:20:43,jito_sol
2024-05-03 16:20:43,metastreetxyz
2024-05-03 16:20:43,0xShitTrader
2024-05-03 16:20:43,vQUtezPKXH
2024-05-03 16:20:43,benroy__
2024-05-03 16:20:43,eG0CZL5IXH
2024-05-03 16:20:43,pchopra28
2024-05-03 16:20:43,ethereum
2024-05-03 16:20:43,TaprootWizards
2024-05-03 16:20:43,DougieDeLuca
2024-05-03 16:20:43,4xKo7wQTQo
2024-05-03 16:20:43,kC5KdxDsD6
2024-05-03 16:20:43,oAvv5hQK2O
2024-05-03 16:20:43,vividseats
2024-05-03 16:20:43,lwU5yWvC6W
2024-05-03 16:20:43,onbondstreet
2024-05-03 16:20:43,shumochu
2024-05-03 16:20:43,GoldmanSachs
2024-05-03 16:20:43,mansourtarek_
2024-05-03 16:20:43,LJLXu7aKyi
2024-05-03 16:20:43,Uber
2024-05-03 16:20:43,shayonsengupta
2024-05-03 16:20:43,SparkCapital
2024-05-03 16:20:43,agenticmarkets
2024-05-03 16:20:43,luusssso
2024-05-03 16:20:43,MerlinEgalite
2024-05-03 16:20:43,FigmentCapital
2024-05-03 16:20:43,1l9ekCAT6z
2024-05-03 16:20:43,scale_ai
2024-05-03 16:20:43,Qy87VuaizA
2024-05-03 16:20:43,echodotxyz
2024-05-03 16:20:43,mud_dev
2024-05-03 16:20:43,DeSciNYC
2024-05-03 16:20:43,cryptothegame_
2024-05-03 16:20:43,yelp
2024-05-03 16:20:43,hqtrivia
2024-05-03 16:20:43,accelerateart
2024-05-03 16:20:43,seedclubhq
2024-05-03 16:20:43,BobbyThakkar
2024-05-03 16:20:43,slice__so
2024-05-03 16:20:43,eth_call
2024-05-03 16:20:43,compoundvc
2024-05-03 16:20:43,brianjckim
2024-05-03 16:20:43,nounsdao
2024-05-03 16:20:43,goasymmetric
2024-05-03 16:20:43,kydlabs
2024-05-03 16:20:43,vrD0aDJeto
2024-05-03 16:20:43,hashflow
2024-05-03 16:20:43,Mysten_Labs
2024-05-03 16:20:43,0xppl_
2024-05-03 16:20:43,ucsbcs
2024-05-03 16:20:43,cobie
2024-05-08 16:52:02,gregskril
2024-05-08 16:52:02,jonmoore202
2024-05-08 16:52:02,base
2024-05-08 16:52:02,ensdomains
2024-05-08 16:52:02,Berkeley_EECS
2024-05-08 16:52:02,PoojaIsNagpal
2024-05-08 16:52:02,joinstudiox
2024-05-08 16:52:02,withcortex
2024-05-08 16:52:02,mcXhJD2DFP
2024-05-08 16:52:02,Dylan_Steck
2024-05-08 16:52:02,tcg_crypto
2024-05-08 16:52:02,neynarxyz
2024-05-09 16:50:13,sudoswap
2024-05-09 16:50:13,statelayer
2024-05-09 16:50:13,popsetxyz
2024-05-10 15:56:01,usv
2024-05-10 15:56:01,groupme
2024-05-10 15:56:01,jaredhecht
2024-05-10 15:56:01,fundera
2024-05-15 13:26:29,usvlibrarian
2024-05-15 13:26:29,hiFramework
2024-05-15 13:26:29,0x_Osprey
2024-05-15 13:26:29,WitnessCo_
2024-05-15 13:26:29,USV
2024-05-20 19:36:14,dcgco
2024-05-20 19:36:14,lwkzyUqMq5
2024-05-20 19:36:14,repyhlabs
2024-05-20 19:36:14,eth_en
2024-05-20 19:36:14,spjoleh
