2024-04-05 21:08:39,advaitjayant
2024-04-05 21:08:39,search?q=%24PASTA&src=cashtag_click
2024-04-05 21:08:39,sanchans
2024-04-05 21:08:39,BodoggosNFT
2024-04-05 21:08:39,VhJYSB7fda
2024-04-05 21:08:39,yparikh98
2024-04-05 21:08:39,jpmorgan
2024-04-05 21:08:39,therealsanchan
2024-04-05 21:08:39,T_H_Crypto
2024-04-05 21:08:39,9gagceo
2024-04-05 21:08:39,withponto
2024-04-05 21:08:39,allnick
2024-04-05 21:08:39,BainCapVC
2024-04-05 21:08:39,kelxyz_
2024-04-05 21:08:39,OReillyMedia
2024-04-05 21:08:39,bgilliam1982
2024-04-05 21:08:39,RonMiasnik
2024-04-05 21:08:39,cryptodatabytes
2024-04-05 21:08:39,GaryVee
2024-04-05 21:08:39,Ftk96oSf45
2024-04-05 21:08:39,a1lon9
2024-04-05 21:08:39,conzimp
2024-04-05 21:08:39,kiwi___app
2024-04-05 21:08:39,Plex_Official
2024-04-05 21:08:39,JamesJohnBeck
2024-04-05 21:08:39,riotgames
2024-04-05 21:08:39,fabric_vc
2024-04-05 21:08:39,everyrealm
2024-04-05 21:08:39,zfellows_
2024-04-05 21:08:39,metamask
2024-04-05 21:08:39,Solana
2024-04-05 21:08:39,jinglingcookies
2024-04-05 21:08:39,faionur
2024-04-05 21:08:39,animocabrands
2024-04-05 21:08:39,unitygames
2024-04-05 21:08:39,interestedfyi
2024-04-05 21:08:39,niftyportal
2024-04-05 21:08:39,pumpdotfun
2024-04-05 21:08:39,web3talks
2024-04-05 21:08:39,bradfein
2024-04-05 21:08:39,PleasrDAO
2024-04-05 21:08:39,copypastacoin
2024-04-05 21:08:39,mechanismcap
2024-04-05 21:08:39,UCL
2024-04-05 21:08:39,FireblocksHQ
2024-04-05 21:08:39,supersightxyz
2024-04-05 21:08:39,karma3labs
2024-04-05 21:08:39,Jessesawa
2024-04-05 21:08:39,celoorg
2024-04-05 21:08:39,tldr_x
2024-04-05 21:08:39,Memeland
2024-04-05 21:08:39,DUQzxEeaHT
2024-04-05 21:08:39,kt_nowk
2024-04-05 21:08:39,CantoPublic
2024-04-05 21:08:39,viamirror
2024-04-05 21:08:39,Developer_DAO
2024-04-05 21:08:39,janineyorio
2024-04-05 21:08:39,thielfellowship
2024-04-05 21:08:39,LBS
2024-04-05 21:08:39,sapijiju
2024-04-05 21:08:39,joshcrnls
2024-04-05 21:08:39,ali_debow
2024-04-05 21:08:39,9GAG
2024-04-05 21:08:39,blockchainFF
2024-04-05 21:08:39,michael_lwy
2024-04-05 21:08:39,0xlght
2024-04-05 21:08:39,Rewkang
2024-04-05 21:08:39,Memecoin
2024-04-05 21:08:39,tamgros
2024-04-05 21:08:39,messaricrypto
2024-04-05 21:08:39,HsakaTrades
2024-04-05 21:08:39,vFZF03OlUR
2024-04-05 21:08:39,blknoiz06
2024-04-05 21:08:39,stoolpresidente
2024-04-05 21:08:39,0xNickAllen
2024-04-05 21:08:39,MacBudkowski
2024-04-05 21:08:39,FJG1n2vB2G
2024-04-05 21:08:39,JesseRising
2024-04-05 21:08:39,theblockcrunch
2024-04-05 21:08:39,KiwiNewsHQ
2024-04-05 21:08:39,seedclubhq
2024-04-05 21:08:39,northwesternU
2024-04-05 21:08:39,Chipagosfinest
2024-04-05 21:08:39,VMcr74eLpb
2024-04-05 21:08:39,dzastr_eth
2024-04-05 21:08:39,ConsenSysMesh
2024-04-05 21:08:39,consensys
2024-04-05 21:08:39,GajukECROn
2024-04-05 21:08:39,joinswsh
2024-04-05 21:08:39,BracketHQ
2024-04-08 15:58:26,everyrealm
2024-04-08 15:58:26,Snowbird
2024-04-08 15:58:26,alchemyplatform
2024-04-08 15:58:26,BracketHQ
2024-04-08 15:58:26,UDOTTRAFFIC
2024-04-08 15:58:26,conzimp
2024-04-08 15:58:26,RonMiasnik
2024-04-08 15:58:26,nikil
2024-04-08 15:58:26,therealsanchan
2024-04-08 15:58:26,metamask
2024-04-08 15:58:26,theblockcrunch
2024-04-08 15:58:26,EGIRLSOL
2024-04-08 15:58:26,PleasrDAO
2024-04-08 15:58:26,0xlght
2024-04-08 15:58:26,VhJYSB7fda
2024-04-08 15:58:26,web3talks
2024-04-08 15:58:26,dzastr_eth
2024-04-08 15:58:26,BodoggosNFT
2024-04-08 15:58:26,Rewkang
2024-04-08 15:58:26,tldr_x
2024-04-08 15:58:26,sapijiju
2024-04-08 15:58:26,unitygames
2024-04-08 15:58:26,SnowbirdAlerts
2024-04-08 15:58:26,valte_io
2024-04-08 15:58:26,aethosnetwork
2024-04-08 15:58:26,karma3labs
2024-04-08 15:58:26,vFZF03OlUR
2024-04-08 15:58:26,bronzeageshawty
2024-04-08 15:58:26,search?q=%24PASTA&src=cashtag_click
2024-04-08 15:58:26,messaricrypto
2024-04-08 15:58:26,fabric_vc
2024-04-08 15:58:26,KiwiNewsHQ
2024-04-08 15:58:26,Solana
2024-04-08 15:58:26,Chipagosfinest
2024-04-08 15:58:26,LBS
2024-04-08 15:58:26,sanchans
2024-04-08 15:58:26,supersightxyz
2024-04-08 15:58:26,animocabrands
2024-04-08 15:58:26,OReillyMedia
2024-04-08 15:58:26,tamgros
2024-04-08 15:58:26,riotgames
2024-04-08 15:58:26,withponto
2024-04-08 15:58:26,advaitjayant
2024-04-08 15:58:26,bgilliam1982
2024-04-08 15:58:26,search?q=%24EGIRL&src=cashtag_click
2024-04-08 15:58:26,interestedfyi
2024-04-08 15:58:26,a1lon9
2024-04-08 15:58:26,janineyorio
2024-04-08 15:58:26,fH5722M9ZJ
2024-04-08 15:58:26,UCL
2024-04-08 15:58:26,blknoiz06
2024-04-08 15:58:26,copypastacoin
2024-04-08 15:58:26,bradfein
2024-04-08 15:58:26,ConsenSysMesh
2024-04-08 15:58:26,jpmorgan
2024-04-08 15:58:26,DUQzxEeaHT
2024-04-08 15:58:26,GaryVee
2024-04-08 15:58:26,pumpdotfun
2024-04-08 15:58:26,Developer_DAO
2024-04-08 15:58:26,Ftk96oSf45
2024-04-08 15:58:26,Jessesawa
2024-04-08 15:58:26,michael_lwy
2024-04-08 15:58:26,stoolpresidente
2024-04-08 15:58:26,MacBudkowski
2024-04-08 15:58:26,quasimatt
2024-04-08 15:58:26,blockchainFF
2024-04-08 15:58:26,niftyportal
2024-04-08 15:58:26,consensys
2024-04-08 15:58:26,T_H_Crypto
2024-04-08 15:58:26,HsakaTrades
2024-04-08 15:58:26,JamesJohnBeck
2024-04-08 15:58:26,FJG1n2vB2G
2024-04-08 15:58:26,celoorg
2024-04-08 15:58:26,0xNickAllen
2024-04-08 15:58:26,GajukECROn
2024-04-08 15:58:26,kelxyz_
2024-04-08 15:58:26,BainCapVC
2024-04-08 15:58:26,allnick
2024-04-08 15:58:26,mechanismcap
2024-04-08 15:58:26,viamirror
2024-04-17 13:05:36,cT9atGzFgG
2024-04-17 13:05:36,kttFO4le2n
2024-04-17 13:05:36,teisenmann
2024-04-17 13:05:36,LightspeedPodHQ
2024-04-17 13:05:36,townsxyz
2024-04-17 13:05:36,Gatling_X
2024-04-17 13:05:36,theempirepod
2024-04-17 13:05:36,YcIOiJPMgt
2024-04-17 13:05:36,search?q=%24ohno&src=cashtag_click
2024-04-17 13:05:36,polychain
2024-04-17 13:05:36,MagicEden
2024-04-17 13:05:36,bronzeageshawty
2024-04-17 13:05:36,wired
2024-04-17 13:05:36,fH5722M9ZJ
2024-04-17 13:05:36,AllStreetBetsV1
2024-04-17 13:05:36,techreview
2024-04-17 13:05:36,_SSLocket
2024-04-17 13:05:36,Snowbird
2024-04-17 13:05:36,quasimatt
2024-04-17 13:05:36,zkmattwyatt
2024-04-17 13:05:36,0xSalazar
2024-04-17 13:05:36,foundation
2024-04-17 13:05:36,dbarabander
2024-04-17 13:05:36,northropgrumman
2024-04-17 13:05:36,0xMert_
2024-04-17 13:05:36,RocNation
2024-04-17 13:05:36,Eito_Miyamura
2024-04-17 13:05:36,HomeDAO_live
2024-04-17 13:05:36,xealenergy
2024-04-17 13:05:36,SnowbirdAlerts
2024-04-17 13:05:36,cypheronin
2024-04-17 13:05:36,CoinDesk
2024-04-17 13:05:36,search?q=%24BETS&src=cashtag_click
2024-04-17 13:05:36,nikil
2024-04-17 13:05:36,lets_puzzle
2024-04-17 13:05:36,samdudeV1
2024-04-17 13:05:36,hausoftiffany
2024-04-17 13:05:36,buildonriver
2024-04-17 13:05:36,hntlabs
2024-04-17 13:05:36,probablynothing
2024-04-17 13:05:36,tomo_social
2024-04-17 13:05:36,UDOTTRAFFIC
2024-04-17 13:05:36,paulcowgill
2024-04-17 13:05:36,smyyguy
2024-04-17 13:05:36,datboitom
2024-04-17 13:05:36,rugradio
2024-04-17 13:05:36,monad_xyz
2024-04-17 13:05:36,aleohq
2024-04-17 13:05:36,EGIRLSOL
2024-04-17 13:05:36,BlockworksRes
2024-04-17 13:05:36,Harvard
2024-04-17 13:05:36,variantfund
2024-04-17 13:05:36,helium
2024-04-17 13:05:36,j0hnwang
2024-04-17 13:05:36,paradigm
2024-04-17 13:05:36,DavidGuignion
2024-04-17 13:05:36,BAtdXCnmeG
2024-04-17 13:05:36,slow_rodeo
2024-04-17 13:05:36,uniswap
2024-04-17 13:05:36,blackbird_xyz
2024-04-17 13:05:36,aztecnetwork
2024-04-17 13:05:36,jIHEMnjDNT
2024-04-17 13:05:36,harris
2024-04-17 13:05:36,GSkrovina
2024-04-17 13:05:36,UniofOxford
2024-04-17 13:05:36,oh______no
2024-04-17 13:05:36,Lightspeedpodhq
2024-04-17 13:05:36,notthreadguy
2024-04-17 13:05:36,zkmicrophone
2024-04-17 13:05:36,blockchainox
2024-04-17 13:05:36,dcwj
2024-04-17 13:05:36,bebop_dex
2024-04-17 13:05:36,wsj
2024-04-17 13:05:36,onceupongg
2024-04-17 13:05:36,Lazer_HQ
2024-04-17 13:05:36,chengela
2024-04-17 13:05:36,backedbymagic
2024-04-17 13:05:36,zhitzig
2024-04-17 13:05:36,jasonyanowitz
2024-04-17 13:05:36,verge
2024-04-17 13:05:36,jXtnFkHhcu
2024-04-17 13:05:36,alchemyplatform
2024-04-17 13:05:36,solsniperxyz
2024-04-17 13:05:36,santiagoroel
2024-04-17 13:05:36,JohnnyNi13
2024-04-17 13:05:36,armorlabs
2024-04-17 13:05:36,Consensus2024
2024-04-17 13:05:36,Moonlight__co
2024-04-17 13:05:36,meta
2024-04-17 13:05:36,search?q=%24EGIRL&src=cashtag_click
2024-05-03 16:36:37,holaplex
2024-05-03 16:36:37,Juicerfi
2024-05-03 16:36:37,GnqSDkEWla
2024-05-03 16:36:37,search?q=%24LSP&src=cashtag_click
2024-05-03 16:36:37,DriftProtocol
2024-05-03 16:36:37,CoinbaseDuck
2024-05-03 16:36:37,sergitosergito
2024-05-03 16:36:37,voteforpedrito
2024-05-03 16:36:37,coinbase
2024-05-03 16:36:37,punkventuresdao
2024-05-03 16:36:37,pumpdotfun
2024-05-03 16:36:37,metropolis_dao
2024-05-03 16:36:37,5I8qHw5GNN
2024-05-03 16:36:37,Solana
2024-05-03 16:36:37,OrcaClimateFund
2024-05-03 16:36:37,BigBrainVC
2024-05-03 16:36:37,Hellmania
2024-05-03 16:36:37,redactedcartel
2024-05-03 16:36:37,primitives_xyz
2024-05-03 16:36:37,sequoia
2024-05-03 16:36:37,damccormick13
2024-05-03 16:36:37,kingshihua
2024-05-03 16:36:37,digg
2024-05-03 16:36:37,ethereum
2024-05-03 16:36:37,bigwolfgames
2024-05-03 16:36:37,SVB_Financial
2024-05-03 16:36:37,liquality_io
2024-05-03 16:36:37,samuel_spitz
2024-05-03 16:36:37,meta
2024-05-03 16:36:37,Consensys
2024-05-03 16:36:37,0xmatthewb
2024-05-03 16:36:37,Truffle_HQ
2024-05-03 16:36:37,wetikos
2024-05-03 16:36:37,marianaventures
2024-05-03 16:36:37,AZO6TtaqsT
2024-05-03 16:36:37,sensei
2024-05-03 16:36:37,Guidespfp
2024-05-03 16:36:37,trycreate_co
2024-05-03 16:36:37,maiyegun
2024-05-03 16:36:37,checkin_xyz
2024-05-03 16:36:37,juiceboxETH
2024-05-03 16:36:37,bonk_inu
2024-05-03 16:36:37,beyondClub_xyz
2024-05-03 16:36:37,notboringco
2024-05-03 16:36:37,path
2024-05-03 16:36:37,ClassicScuba
2024-05-03 16:36:37,dragonfly_xyz
2024-05-03 16:36:37,neon_dao
2024-05-03 16:36:37,smatthewenglish
2024-05-03 16:36:37,popsetxyz
2024-05-03 16:36:37,KlimaDAO
2024-05-03 16:36:37,Spotify
2024-05-03 16:36:37,LamboSpaceP
2024-05-03 16:36:37,yukiw_eth
2024-05-03 16:36:37,elonrwa
2024-05-03 16:36:37,Metaplex
2024-05-03 16:36:37,_kaitoai
2024-05-03 16:36:37,xNFT_Backpack
2024-05-03 16:36:37,trendsmarket_
2024-05-03 16:36:37,fireblockshq
2024-05-03 16:36:37,dtrinh
2024-05-03 16:36:37,collision
2024-05-03 16:36:37,goldmansachs
2024-05-03 16:36:37,zenly
2024-05-03 16:36:37,ppmoon69
2024-05-03 16:36:37,forbes
2024-05-03 16:36:37,aurumek_
2024-05-03 16:36:37,UaexQv0bcM
2024-05-03 16:36:37,simonlapscher
2024-05-03 16:36:37,Starlord_Challa
2024-05-03 16:36:37,snap
2024-05-03 16:36:37,heurist_ai
2024-05-03 16:36:37,backstage_web3
2024-05-03 16:36:37,gently
2024-05-03 16:36:37,Summit
2024-05-03 16:36:37,cUBe4YPwcK
2024-05-03 16:36:37,siliconvlybank
2024-05-03 16:36:37,DeRonin_
2024-05-03 16:36:37,adamislucky
2024-05-03 16:36:37,brritoxyz
2024-05-03 16:36:37,banklessJP
2024-05-03 16:36:37,aaron_gillett
2024-05-03 16:36:37,solanafndn
2024-05-03 16:36:37,withvana
2024-05-03 16:36:37,goodalexander
2024-05-03 16:36:37,stripe
2024-05-03 16:36:37,anna_kazlauskas
2024-05-03 16:36:37,sam__hatem
2024-05-08 16:57:38,mira__joyce
2024-05-08 16:57:38,eucinitiative
2024-05-08 16:57:38,qaoBZzq6rT
2024-05-08 16:57:38,trevorkoverko
2024-05-08 16:57:38,Helen_Crispin_
2024-05-08 16:57:38,gently_com
2024-05-08 16:57:38,polymathnetwork
2024-05-08 16:57:38,NYRangers
2024-05-08 16:57:38,SFOxZo
2024-05-08 16:57:38,_TheResidency
2024-05-08 16:57:38,Apple
2024-05-08 16:57:38,DelComplex
2024-05-08 16:57:38,SapienGamified
2024-05-08 16:57:38,polymeshnetwork
2024-05-08 16:57:38,benroy__
2024-05-08 16:57:38,Snap
2024-05-08 16:57:38,HF0Residency
2024-05-08 16:57:38,nick_linck
2024-05-08 16:57:38,imtimaj
2024-05-08 16:57:38,EclipseFND
2024-05-08 16:57:38,sterlingcrispin
2024-05-08 16:57:38,commonground_cg
2024-05-08 16:57:38,seedclubhq
2024-05-08 16:57:38,accelerateart
2024-05-08 16:57:38,heckerhut
2024-05-08 16:57:38,neelsalami
2024-05-08 16:57:38,nomadxyz_
2024-05-10 16:01:18,Delphi_Digital
2024-05-10 16:01:18,PodcastDelphi
2024-05-10 16:01:18,Shaughnessy119
2024-05-15 13:31:43,qBx7xi7Qrd
2024-05-15 13:31:43,replicatehq
2024-05-15 13:31:43,bpiaayPMw9
2024-05-15 13:31:43,stephzhan
2024-05-15 13:31:43,see3xyz
2024-05-15 13:31:43,linear
2024-05-15 13:31:43,adamwgoldberg
2024-05-15 13:31:43,middeskhq
2024-05-15 13:31:43,Tederminant
2024-05-15 13:31:43,Zeebitio
2024-05-15 13:31:43,chainlinklabs
2024-05-15 13:31:43,Sequoia
2024-05-15 13:31:43,cryptopunk7213
2024-05-15 13:31:43,lyquorlabs
2024-05-15 13:31:43,search?q=%24SOL&src=cashtag_click
2024-05-15 13:31:43,search?q=%24USDT&src=cashtag_click
2024-05-15 13:31:43,consensys
2024-05-15 13:31:43,standardcrypto
2024-05-15 13:31:43,lightspeedvp
2024-05-15 13:31:43,search?q=%24USDC&src=cashtag_click
2024-05-15 13:31:43,iUPC8ijDPN
2024-05-15 13:31:43,recroom
2024-05-15 13:31:43,ErikVoorhees
2024-05-15 13:31:43,AlokVasudev
2024-05-15 13:31:43,avalabsofficial
2024-05-20 19:41:21,OpenLayerHQ
2024-05-20 19:41:21,zjasper666
2024-05-20 19:41:21,rowancheung
2024-05-20 19:41:21,RobinhoodApp
2024-05-20 19:41:21,AIDailyBrief
2024-05-20 19:41:21,john_ennis_btc
2024-05-20 19:41:21,neoswap_ai
2024-05-20 19:41:21,BreakdownNLW
2024-05-20 19:41:21,andreasdiegues
2024-05-20 19:41:21,TeanaTaylor
2024-05-20 19:41:21,ModulusLabs
2024-05-20 19:41:21,apple
2024-05-20 19:41:21,nlw
2024-05-20 19:41:21,JZDd4Vik4P
2024-05-20 19:41:21,FL95WTce2l
2024-05-20 19:41:21,karpathy
2024-05-20 19:41:21,ScottWu46
2024-05-20 19:41:21,soniajoseph_
2024-05-20 19:41:21,besuper_ai
2024-05-20 19:41:21,0xPianoHands
2024-05-20 19:41:21,CryptoUKAssoc
2024-05-20 19:41:21,machinecinemaai
2024-05-20 19:41:21,realDanielShorr
2024-05-20 19:41:21,cognition_labs
2024-05-20 19:41:21,JasonLLevy
2024-05-20 19:41:21,stanfordgsb
2024-05-20 19:41:21,googledeepmind
2024-05-20 19:41:21,fantasticdayxyz
2024-05-20 19:41:21,BeSuper_AI
2024-05-20 19:41:21,AGIHouseSF
2024-05-20 19:41:21,Hyperbolic_Labs
2024-05-20 19:41:21,minhsmind
2024-05-20 19:41:21,learncap
2024-05-20 19:41:21,OROS1vGx0V
2024-05-20 19:41:21,UCBerkeley
2024-05-20 19:41:21,bensbitesdaily
2024-05-20 19:41:21,TheRundownAI
2024-05-20 19:41:21,Princeton
2024-05-20 19:41:21,Mila_Quebec
2024-05-20 19:41:21,TryVenice
2024-05-20 19:41:21,jasonjzhao
2024-05-20 19:41:21,avax
2024-05-20 19:41:21,WootzApp
2024-05-20 19:41:21,storyprotocol
2024-05-20 19:41:21,therundownai
2024-05-20 19:41:21,episode
2024-05-20 19:41:21,citsecurities
2024-05-20 19:41:21,stanford
