2024-04-05 20:39:13,TwoSigma
2024-04-05 20:39:13,willweinraub
2024-04-05 20:39:13,GSR_io
2024-04-05 20:39:13,MessariCrypto
2024-04-05 20:39:13,EndeavorGR
2024-04-05 20:39:13,KD2Moon
2024-04-05 20:39:13,microsoft
2024-04-05 20:39:13,astriaorg
2024-04-05 20:39:13,forbescrypto
2024-04-05 20:39:13,barnabemonnot
2024-04-05 20:39:13,uwcse
2024-04-05 20:39:13,base
2024-04-05 20:39:13,livepeerstudio
2024-04-05 20:39:13,mantanetwork
2024-04-05 20:39:13,SuccinctJT
2024-04-05 20:39:13,karan4d
2024-04-05 20:39:13,lumidawealth
2024-04-05 20:39:13,search?q=%24TAO&src=cashtag_click
2024-04-05 20:39:13,GoldmanSachs
2024-04-05 20:39:13,taralli_labs
2024-04-05 20:39:13,JoinEdgeCity
2024-04-05 20:39:13,Sequoia
2024-04-05 20:39:13,ucsbcs
2024-04-05 20:39:13,mFlM1ZEUWW
2024-04-05 20:39:13,HadickM
2024-04-05 20:39:13,JedBreed
2024-04-05 20:39:13,bittingthembits
2024-04-05 20:39:13,SpaceandTimeDB
2024-04-05 20:39:13,Cd6GOIZra6
2024-04-05 20:39:13,arthaud_
2024-04-05 20:39:13,salus_sec
2024-04-05 20:39:13,unchained_pod
2024-04-05 20:39:13,insightpartners
2024-04-05 20:39:13,PJTPartners
2024-04-05 20:39:13,isaiah_wash
2024-04-05 20:39:13,Paul_Burlage
2024-04-05 20:39:13,breed_vc
2024-04-05 20:39:13,flamingocap
2024-04-05 20:39:13,__geometry__
2024-04-05 20:39:13,coinbase
2024-04-05 20:39:13,yezhang1998
2024-04-05 20:39:13,NousResearch
2024-04-05 20:39:13,jake_dwyer
2024-04-05 20:39:13,nebrazkp
2024-04-05 20:39:13,13yearoldvc
2024-04-05 20:39:13,wehack247
2024-04-05 20:39:13,LocalLeadersCo
2024-04-05 20:39:13,theemozilla
2024-04-05 20:39:13,laurashin
2024-04-05 20:39:13,NorthIslandVC
2024-04-05 20:39:13,0xcity3
2024-04-05 20:39:13,lightspeedpodhq
2024-04-05 20:39:13,FoliusVentures
2024-04-05 20:39:13,TheFactorCap
2024-04-05 20:39:13,coinfund_io
2024-04-05 20:39:13,EclipseFND
2024-04-05 20:39:13,ethaly_io
2024-04-05 20:39:13,shumochu
2024-04-05 20:39:13,TravisScher
2024-04-05 20:39:13,eshita
2024-04-05 20:39:13,livepeer
2024-04-05 20:39:13,0EzgWlPVyi
2024-04-05 20:39:13,NickDGarcia
2024-04-05 20:39:13,ericxtang
2024-04-05 20:39:13,DavideCrapis
2024-04-05 20:39:13,Accomplices
2024-04-05 20:39:13,harvard
2024-04-05 20:39:13,neelsalami
2024-04-05 20:39:13,Yale
2024-04-05 20:39:13,TraderMercury
2024-04-05 20:39:13,ericschmidt
2024-04-05 20:39:13,RadxChange
2024-04-05 20:39:13,eigenlayer
2024-04-05 20:39:13,garysheng
2024-04-05 20:39:13,OnChainStudios
2024-04-05 20:39:13,oakcurrency
2024-04-05 20:39:13,jasonjzhao
2024-04-05 20:39:13,chiefbuidl
2024-04-05 20:39:13,ethereum
2024-04-05 20:39:13,Dragonfly_xyz
2024-04-05 20:39:13,Cryptoys
2024-04-05 20:39:13,stanford
2024-04-05 20:39:13,TziokasV
2024-04-05 20:39:13,heliuslabs
2024-04-05 20:39:13,nounsdao
2024-04-05 20:39:13,messaricrypto
2024-04-05 20:39:13,chainbound_
2024-04-05 20:39:13,VSTSFounder
2024-04-05 20:39:13,jessepollak
2024-04-05 20:39:13,chiajy2000
2024-04-05 20:39:13,zksync
2024-04-05 20:39:13,circle
2024-04-05 20:39:13,ModulusLabs
2024-04-05 20:39:13,w8PEYXOFsJ
2024-04-05 20:39:13,spaceandtimedb
2024-04-05 20:39:13,0xMert_
2024-04-05 20:39:13,googledeepmind
2024-04-05 20:39:13,Delphi_Digital
2024-04-05 20:39:13,storyprotocol
2024-04-05 20:39:13,cambridge
2024-04-05 20:39:13,MiamiTechPod
2024-04-05 20:39:13,Scroll_ZKP
2024-04-05 20:39:13,ramahluwalia
2024-04-05 20:39:13,VersatusLabs
2024-04-05 20:39:13,wordsforgot
2024-04-08 15:44:56,laurashin
2024-04-08 15:44:56,neelsalami
2024-04-08 15:44:56,naval
2024-04-08 15:44:56,nounsdao
2024-04-08 15:44:56,Yale
2024-04-08 15:44:56,lightspeedpodhq
2024-04-08 15:44:56,astriaorg
2024-04-08 15:44:56,wordsforgot
2024-04-08 15:44:56,ramahluwalia
2024-04-08 15:44:56,willweinraub
2024-04-08 15:44:56,karan4d
2024-04-08 15:44:56,GSR_io
2024-04-08 15:44:56,0xSamHogan
2024-04-08 15:44:56,cnvSWYgHDI
2024-04-08 15:44:56,jake_dwyer
2024-04-08 15:44:56,0xMert_
2024-04-08 15:44:56,chainbound_
2024-04-08 15:44:56,w8PEYXOFsJ
2024-04-08 15:44:56,circle
2024-04-08 15:44:56,taralli_labs
2024-04-08 15:44:56,jessepollak
2024-04-08 15:44:56,wehack247
2024-04-08 15:44:56,Accomplices
2024-04-08 15:44:56,arjunkhemani
2024-04-08 15:44:56,PJTPartners
2024-04-08 15:44:56,efedele16
2024-04-08 15:44:56,VSTSFounder
2024-04-08 15:44:56,garysheng
2024-04-08 15:44:56,isaiah_wash
2024-04-08 15:44:56,KD2Moon
2024-04-08 15:44:56,heliuslabs
2024-04-08 15:44:56,eshita
2024-04-08 15:44:56,chiajy2000
2024-04-08 15:44:56,arthaud_
2024-04-08 15:44:56,solana
2024-04-08 15:44:56,DavideCrapis
2024-04-08 15:44:56,flamingocap
2024-04-08 15:44:56,jasonjzhao
2024-04-08 15:44:56,salus_sec
2024-04-08 15:44:56,NousResearch
2024-04-08 15:44:56,messaricrypto
2024-04-08 15:44:56,Delphi_Digital
2024-04-08 15:44:56,storyprotocol
2024-04-08 15:44:56,GoldmanSachs
2024-04-08 15:44:56,livepeer
2024-04-08 15:44:56,forbescrypto
2024-04-08 15:44:56,6glejkHwE4
2024-04-08 15:44:56,HadickM
2024-04-08 15:44:56,zksync
2024-04-08 15:44:56,getairchat
2024-04-08 15:44:56,breed_vc
2024-04-08 15:44:56,oakcurrency
2024-04-08 15:44:56,SuccinctJT
2024-04-08 15:44:56,OnChainStudios
2024-04-08 15:44:56,__geometry__
2024-04-08 15:44:56,0xcity3
2024-04-08 15:44:56,unchained_pod
2024-04-08 15:44:56,mFlM1ZEUWW
2024-04-08 15:44:56,FoliusVentures
2024-04-08 15:44:56,eigenlayer
2024-04-08 15:44:56,microsoft
2024-04-08 15:44:56,NickDGarcia
2024-04-08 15:44:56,uwcse
2024-04-08 15:44:56,barnabemonnot
2024-04-08 15:44:56,coinfund_io
2024-04-08 15:44:56,cambridge
2024-04-08 15:44:56,livepeerstudio
2024-04-08 15:44:56,TraderMercury
2024-04-08 15:44:56,TheFactorCap
2024-04-08 15:44:56,spaceandtimedb
2024-04-08 15:44:56,ucsbcs
2024-04-08 15:44:56,nebrazkp
2024-04-08 15:44:56,ethereum
2024-04-08 15:44:56,base
2024-04-08 15:44:56,shumochu
2024-04-08 15:44:56,TwoSigma
2024-04-08 15:44:56,Dragonfly_xyz
2024-04-08 15:44:56,Cd6GOIZra6
2024-04-08 15:44:56,harvard
2024-04-08 15:44:56,JoinEdgeCity
2024-04-08 15:44:56,Cryptoys
2024-04-08 15:44:56,insightpartners
2024-04-08 15:44:56,kuzco_xyz
2024-04-08 15:44:56,Sequoia
2024-04-08 15:44:56,googledeepmind
2024-04-08 15:44:56,Paul_Burlage
2024-04-08 15:44:56,ethaly_io
2024-04-08 15:44:56,13yearoldvc
2024-04-08 15:44:56,EclipseFND
2024-04-08 15:44:56,lumidawealth
2024-04-08 15:44:56,SpaceandTimeDB
2024-04-08 15:44:56,mantanetwork
2024-04-08 15:44:56,JedBreed
2024-04-08 15:44:56,ericxtang
2024-04-08 15:44:56,LocalLeadersCo
2024-04-08 15:44:56,RadxChange
2024-04-08 15:44:56,EndeavorGR
2024-04-08 15:44:56,Scroll_ZKP
2024-04-08 15:44:56,ETH
2024-04-08 15:44:56,MessariCrypto
2024-04-08 15:44:56,ericschmidt
2024-04-08 15:44:56,yezhang1998
2024-04-08 15:44:56,chiefbuidl
2024-04-08 15:44:56,NorthIslandVC
2024-04-08 15:44:56,stanford
2024-04-08 15:44:56,TravisScher
2024-04-08 15:44:56,TziokasV
2024-04-08 15:44:56,MiamiTechPod
2024-04-08 15:44:56,VersatusLabs
2024-04-17 12:55:08,storyprotocol
2024-04-17 12:55:08,TziokasV
2024-04-17 12:55:08,ericxtang
2024-04-17 12:55:08,NousResearch
2024-04-17 12:55:08,sreeramkannan
2024-04-17 12:55:08,salus_sec
2024-04-17 12:55:08,isaiah_wash
2024-04-17 12:55:08,heliuslabs
2024-04-17 12:55:08,theinformation
2024-04-17 12:55:08,karan4d
2024-04-17 12:55:08,nikitabier
2024-04-17 12:55:08,TravisScher
2024-04-17 12:55:08,lightspeedpodhq
2024-04-17 12:55:08,0xMert_
2024-04-17 12:55:08,thetbhapp
2024-04-17 12:55:08,lumidawealth
2024-04-17 12:55:08,FoliusVentures
2024-04-17 12:55:08,getairchat
2024-04-17 12:55:08,samrags_
2024-04-17 12:55:08,NorthIslandVC
2024-04-17 12:55:08,EndeavorGR
2024-04-17 12:55:08,blockchaincap
2024-04-17 12:55:08,eddylazzarin
2024-04-17 12:55:08,oakcurrency
2024-04-17 12:55:08,wehack247
2024-04-17 12:55:08,googledeepmind
2024-04-17 12:55:08,6glejkHwE4
2024-04-17 12:55:08,0xcity3
2024-04-17 12:55:08,a16z
2024-04-17 12:55:08,Cd6GOIZra6
2024-04-17 12:55:08,NickDGarcia
2024-04-17 12:55:08,zkv_xyz
2024-04-17 12:55:08,livepeer
2024-04-17 12:55:08,rohitdotmittal
2024-04-17 12:55:08,naval
2024-04-17 12:55:08,TraderMercury
2024-04-17 12:55:08,base
2024-04-17 12:55:08,livepeerstudio
2024-04-17 12:55:08,ericschmidt
2024-04-17 12:55:08,insightpartners
2024-04-17 12:55:08,MessariCrypto
2024-04-17 12:55:08,solana
2024-04-17 12:55:08,barnabemonnot
2024-04-17 12:55:08,cambridge
2024-04-17 12:55:08,stilt_inc
2024-04-17 12:55:08,eigenlayer
2024-04-17 12:55:08,google
2024-04-17 12:55:08,KD2Moon
2024-04-17 12:55:08,forbescrypto
2024-04-17 12:55:08,microsoft
2024-04-17 12:55:08,RadxChange
2024-04-17 12:55:08,Yale
2024-04-17 12:55:08,zeroknowledgefm
2024-04-17 12:55:08,ethaly_io
2024-04-17 12:55:08,jasonjzhao
2024-04-17 12:55:08,TwoSigma
2024-04-17 12:55:08,AnnaRRose
2024-04-17 12:55:08,myshell_ai
2024-04-17 12:55:08,yezhang1998
2024-04-17 12:55:08,kuzco_xyz
2024-04-17 12:55:08,chiajy2000
2024-04-17 12:55:08,ethan_myshell
2024-04-17 12:55:08,messaricrypto
2024-04-17 12:55:08,gasappteam
2024-04-17 12:55:08,ramahluwalia
2024-04-17 12:55:08,taralli_labs
2024-04-17 12:55:08,TheFactorCap
2024-04-17 12:55:08,efedele16
2024-04-17 12:55:08,astriaorg
2024-04-17 12:55:08,zksync
2024-04-17 12:55:08,coinfund_io
2024-04-17 12:55:08,a16zcrypto
2024-04-17 12:55:08,harvard
2024-04-17 12:55:08,Sequoia
2024-04-17 12:55:08,arjunkhemani
2024-04-17 12:55:08,0xpastaman
2024-04-17 12:55:08,__geometry__
2024-04-17 12:55:08,ETH
2024-04-17 12:55:08,eshita
2024-04-17 12:55:08,Scroll_ZKP
2024-04-17 12:55:08,ethereum
2024-04-17 12:55:08,jessepollak
2024-04-17 12:55:08,wordsforgot
2024-04-17 12:55:08,__zkhack__
2024-04-17 12:55:08,arthaud_
2024-04-17 12:55:08,w8PEYXOFsJ
2024-04-17 12:55:08,stanford
2024-04-17 12:55:08,13yearoldvc
2024-04-17 12:55:08,jake_dwyer
2024-04-17 12:55:08,GSR_io
2024-04-17 12:55:08,0xSamHogan
2024-04-17 12:55:08,meta
2024-04-17 12:55:08,Yueqi_Yang
2024-05-03 16:21:40,instagram
2024-05-03 16:21:40,artemis__xyz
2024-05-03 16:21:40,hiframework
2024-05-03 16:21:40,DAnconia_Crypto
2024-05-03 16:21:40,internbrah
2024-05-03 16:21:40,rodarmor
2024-05-03 16:21:40,endaomentdotorg
2024-05-03 16:21:40,9cWk19vv6U
2024-05-03 16:21:40,stanfordcrypto
2024-05-03 16:21:40,nWaCxHSKuU
2024-05-03 16:21:40,DriftProtocol
2024-05-03 16:21:40,0xpastaman
2024-05-03 16:21:40,igalb77
2024-05-03 16:21:40,wormhole
2024-05-03 16:21:40,4MdA62CeUh
2024-05-03 16:21:40,coinbase
2024-05-03 16:21:40,Delphi_Digital
2024-05-03 16:21:40,alexhevans
2024-05-03 16:21:40,SourishJasti
2024-05-03 16:21:40,yiryan
2024-05-03 16:21:40,Yw1u4aCyAk
2024-05-03 16:21:40,096e9xMbPz
2024-05-03 16:21:40,worldcoin
2024-05-03 16:21:40,cbventures
2024-05-03 16:21:40,fuel_network
2024-05-03 16:21:40,momoeureka
2024-05-03 16:21:40,ylecun
2024-05-03 16:21:40,DoranWormhole
2024-05-03 16:21:40,ycombinator
2024-05-03 16:21:40,waitbutwhy
2024-05-03 16:21:40,capxfi
2024-05-03 16:21:40,ethan_myshell
2024-05-03 16:21:40,doppelHQ
2024-05-03 16:21:40,acossta
2024-05-03 16:21:40,DePINNinja
2024-05-03 16:21:40,ilblockchain
2024-05-03 16:21:40,exolabs_
2024-05-03 16:21:40,menemazarakis
2024-05-03 16:21:40,contangodigital
2024-05-03 16:21:40,chamathsintern
2024-05-03 16:21:40,uber
2024-05-03 16:21:40,hstyagi
2024-05-03 16:21:40,pchopra28
2024-05-03 16:21:40,eG0CZL5IXH
2024-05-03 16:21:40,AdamIAchebe
2024-05-03 16:21:40,meta
2024-05-03 16:21:40,huff_language
2024-05-03 16:21:40,duneanalytics
2024-05-03 16:21:40,0xMantle
2024-05-03 16:21:40,myshell_ai
2024-05-03 16:21:40,EV3Ventures
2024-05-03 16:21:40,Facebook
2024-05-03 16:21:40,vanta_club
2024-05-03 16:21:40,vectordao
2024-05-03 16:21:40,novi
2024-05-03 16:21:40,voltcapital
2024-05-03 16:21:40,axolotl_ai
2024-05-03 16:21:40,Yueqi_Yang
2024-05-03 16:21:40,far__el
2024-05-03 16:21:40,winglian
2024-05-03 16:21:40,business
2024-05-03 16:21:40,Harvard
2024-05-03 16:21:40,cryptodatabytes
2024-05-03 16:21:40,dankrad
2024-05-03 16:21:40,gizatechxyz
2024-05-03 16:21:40,wharton
2024-05-03 16:21:40,howdymerry
2024-05-03 16:21:40,adidas
2024-05-03 16:21:40,aztecnetwork
2024-05-03 16:21:40,pythianism
2024-05-03 16:21:40,OmniFDN
2024-05-03 16:21:40,googleai
2024-05-03 16:21:40,0xPolygon
2024-05-03 16:21:40,oxfordrobots
2024-05-03 16:21:40,skunkworks_ai
2024-05-03 16:21:40,blumcrypto
2024-05-03 16:21:40,archetypevc
2024-05-03 16:21:40,FiscalNote
2024-05-03 16:21:40,chapterone
2024-05-03 16:21:40,ZuBerlinCity
2024-05-03 16:21:40,Gatling_X
2024-05-03 16:21:40,1l9ekCAT6z
2024-05-03 16:21:40,Qy87VuaizA
2024-05-03 16:21:40,netflixjp
2024-05-03 16:21:40,martin_casado
2024-05-03 16:21:40,AlliumLabs
2024-05-03 16:21:40,ethena_labs
2024-05-03 16:21:40,ProjectZKM
2024-05-03 16:21:40,PropelDataCloud
2024-05-03 16:21:40,eclecticcapital
2024-05-03 16:21:40,tiagosada
2024-05-03 16:21:40,0xASK
2024-05-03 16:21:40,zfellows_
2024-05-03 16:21:40,mo_baioumy
2024-05-03 16:21:40,monad_xyz
2024-05-03 16:21:40,0xHBx
2024-05-03 16:21:40,penn
2024-05-03 16:21:40,Maddiaa0
2024-05-03 16:21:40,breezedotcash
2024-05-03 16:21:40,2cPqL2xpuh
2024-05-03 16:21:40,franalgaba_
2024-05-03 16:21:40,BainCapCrypto
2024-05-03 16:21:40,andrewhong5297
2024-05-03 16:21:40,coinfund_io
2024-05-03 16:21:40,cindyleowtt
2024-05-03 16:21:40,baincapcrypto
2024-05-03 16:21:40,3ni1V4rI9w
2024-05-03 16:21:40,JpnhBzCqYC
2024-05-03 16:21:40,opensea
2024-05-03 16:21:40,contangojosh
2024-05-03 16:21:40,paradigm
2024-05-03 16:21:40,xTf6FOojG2
2024-05-03 16:21:40,ArjunKalsy
2024-05-03 16:21:40,theinformation
2024-05-03 16:21:40,HeadsUpai
2024-05-08 16:52:30,dukeU
2024-05-08 16:52:30,uBwMBFK1tl
2024-05-08 16:52:30,k33cIjEcC3
2024-05-08 16:52:30,tamarajtran
2024-05-08 16:52:30,ZeroSync_
2024-05-08 16:52:30,apple
2024-05-08 16:52:30,ljin18
2024-05-08 16:52:30,IDFeIDIOtm
2024-05-08 16:52:30,VariantFund
2024-05-08 16:52:30,robin_linus
2024-05-08 16:52:30,lmsysorg
2024-05-08 16:52:30,doranmaul
2024-05-09 16:50:40,Fj5bDFUzfG
2024-05-09 16:50:40,spns_ai
2024-05-10 15:56:27,6FJw1MUInY
2024-05-10 15:56:27,EEVuLzXlrt
2024-05-10 15:56:27,zsy7xn4mDk
2024-05-15 13:26:58,stitchfix
2024-05-15 13:26:58,rongplace
2024-05-15 13:26:58,withvana
2024-05-15 13:26:58,zsQqOuy9Mc
2024-05-15 13:26:58,solvhealth
2024-05-15 13:26:58,anna_kazlauskas
2024-05-15 13:26:58,bgurley
2024-05-15 13:26:58,grubhub
2024-05-15 13:26:58,nextdoor
2024-05-15 13:26:58,4Xj1i30itp
2024-05-15 13:26:58,096e9xMJF7
2024-05-15 13:26:58,glassdoor
2024-05-15 13:26:58,roverdotcom
2024-05-15 13:26:58,zillow
2024-05-15 13:26:58,edgesimps
2024-05-15 13:26:58,hacker0x01
2024-05-15 13:26:58,nWaCxHTiks
2024-05-15 13:26:58,RtyaUOej3d
2024-05-15 13:26:58,sproule_
2024-05-15 13:26:58,sfiscience
2024-05-15 13:26:58,instawork
2024-05-15 13:26:58,dimo_network
2024-05-15 13:26:58,Ajchatham
2024-05-15 13:26:58,blockchaincap
2024-05-15 13:26:58,AntonvdH
2024-05-15 13:26:58,benchmark
2024-05-15 13:26:58,RdEl94xIFH
2024-05-20 19:36:35,besuper_ai
2024-05-20 19:36:35,dragonfly_xyz
2024-05-20 19:36:35,Airbnb
2024-05-20 19:36:35,earndotcom
2024-05-20 19:36:35,0xSisyphus
2024-05-20 19:36:35,hosseeb
2024-05-20 19:36:35,camblockchains
2024-05-20 19:36:35,AIDailyBrief
2024-05-20 19:36:35,echodotxyz
2024-05-20 19:36:35,stix_co
2024-05-20 19:36:35,learncap
2024-05-20 19:36:35,BreakdownNLW
2024-05-20 19:36:35,DThomasStealth
2024-05-20 19:36:35,Cambridge_Uni
2024-05-20 19:36:35,nlw
2024-05-20 19:36:35,Taran_ss
