2024-04-05 20:55:31,OKTXeudrDt
2024-04-05 20:55:31,noble_gallery
2024-04-05 20:55:31,NickyGee44
2024-04-05 20:55:31,CozomoMedici
2024-04-05 20:55:31,sreeramkannan
2024-04-05 20:55:31,laurentCastell
2024-04-05 20:55:31,thespartangroup
2024-04-05 20:55:31,Newmangrp
2024-04-05 20:55:31,grigorev_art
2024-04-05 20:55:31,GCashOfficial
2024-04-05 20:55:31,search?q=%24G&src=cashtag_click
2024-04-05 20:55:31,rsJYrTP3ur
2024-04-05 20:55:31,anthonyxcheng
2024-04-05 20:55:31,lookonchain
2024-04-05 20:55:31,sothebys
2024-04-05 20:55:31,zynga
2024-04-05 20:55:31,3EdImH0TY5
2024-04-05 20:55:31,isnotmintedyet
2024-04-05 20:55:31,whatsthisstudio
2024-04-05 20:55:31,Doodles_Japan
2024-04-05 20:55:31,binancelabs
2024-04-05 20:55:31,Chetanya_K
2024-04-05 20:55:31,Castle__Cap
2024-04-05 20:55:31,TtQsHkp7Wj
2024-04-05 20:55:31,open_builders
2024-04-05 20:55:31,tumilett
2024-04-05 20:55:31,fomohour
2024-04-05 20:55:31,rippyfied
2024-04-05 20:55:31,gbmedici
2024-04-05 20:55:31,wallet_tg
2024-04-05 20:55:31,patrickamadon
2024-04-05 20:55:31,Pallet_Exchange
2024-04-05 20:55:31,7EJrnNhDKV
2024-04-05 20:55:31,WITS_TCG
2024-04-05 20:55:31,BZB_Capital
2024-04-05 20:55:31,rainbowdotme
2024-04-05 20:55:31,web3_honey
2024-04-05 20:55:31,underscoreX0
2024-04-05 20:55:31,leftclickbuynft
2024-04-05 20:55:31,symbiogenesisPR
2024-04-05 20:55:31,AzukiJapan_IKZ
2024-04-05 20:55:31,cmsholdings
2024-04-05 20:55:31,9UkWUH9qaB
2024-04-05 20:55:31,graniph_nft
2024-04-05 20:55:31,thenotcoin
2024-04-05 20:55:31,intern
2024-04-05 20:55:31,ton_starter
2024-04-05 20:55:31,zerokn0wledge_
2024-04-05 20:55:31,artnews
2024-04-05 20:55:31,w5FJpw28HC
2024-04-05 20:55:31,michaelbouhanna
2024-04-05 20:55:31,TonPunks
2024-04-05 20:55:31,syfuofficial
2024-04-05 20:55:31,SeiNetwork
2024-04-05 20:55:31,telegram
2024-04-05 20:55:31,rektmando
2024-04-05 20:55:31,eigenlayer
2024-04-05 20:55:31,newmancapitalvc
2024-04-05 20:55:31,dwellersX0
2024-04-05 20:55:31,search?q=%24PUNK&src=cashtag_click
2024-04-05 20:55:31,CISkU40oeF
2024-04-05 20:55:31,helloluis
2024-04-05 20:55:31,gomblegames
2024-04-05 20:55:31,RedactedRes
2024-04-05 20:55:31,Y11BRgvdy2
2024-04-05 20:55:31,DegenzNFT
2024-04-05 20:55:31,galeriemade
2024-04-05 20:55:31,BAYCJapan
2024-04-05 20:55:31,mckinsey
2024-04-05 20:55:31,ForgotPlayland
2024-04-05 20:55:31,0xhopydoc
2024-04-05 20:55:31,Honeycon_io
2024-04-05 20:55:31,the_agents_club
2024-04-05 20:55:31,TheSpartanGroup
2024-04-05 20:55:31,cmsintern
2024-04-05 20:55:31,SteakCapital
2024-04-05 20:55:31,Bridge3_
2024-04-05 20:55:31,MeritCircle_IO
2024-04-05 20:55:31,getgemsdotio
2024-04-05 20:55:31,ton_blockchain
2024-04-05 20:55:31,Z9Ddpq3PRA
2024-04-05 20:55:31,Open_Builders
2024-04-05 20:55:31,rektguyNFT
2024-04-05 20:55:31,bozhangles
2024-04-05 20:55:31,Web3Girls_
2024-04-05 20:55:31,monad_xyz
2024-04-05 20:55:31,CanarylabsXYZ
2024-04-05 20:55:31,rektradio_
2024-04-05 20:55:31,EggFightClub
2024-04-05 20:55:31,kdean
2024-04-05 20:55:31,adriannewman21
2024-04-05 20:55:31,NotablePepes
2024-04-05 20:55:31,rollbitcom
2024-04-08 15:50:41,open_builders
2024-04-08 15:50:41,web3_honey
2024-04-08 15:50:41,TonPunks
2024-04-08 15:50:41,rektradio_
2024-04-08 15:50:41,Chetanya_K
2024-04-08 15:50:41,Honeycon_io
2024-04-08 15:50:41,MeritCircle_IO
2024-04-08 15:50:41,DegenzNFT
2024-04-08 15:50:41,Castle__Cap
2024-04-08 15:50:41,Z9Ddpq3PRA
2024-04-08 15:50:41,AzukiJapan_IKZ
2024-04-08 15:50:41,whatsthisstudio
2024-04-08 15:50:41,syfuofficial
2024-04-08 15:50:41,ApeironNFT
2024-04-08 15:50:41,rektmando
2024-04-08 15:50:41,CISkU40oeF
2024-04-08 15:50:41,sreeramkannan
2024-04-08 15:50:41,symbiogenesisPR
2024-04-08 15:50:41,Open_Builders
2024-04-08 15:50:41,patrickamadon
2024-04-08 15:50:41,isnotmintedyet
2024-04-08 15:50:41,gomblegames
2024-04-08 15:50:41,rsJYrTP3ur
2024-04-08 15:50:41,thespartangroup
2024-04-08 15:50:41,rainbowdotme
2024-04-08 15:50:41,Bridge3_
2024-04-08 15:50:41,adriannewman21
2024-04-08 15:50:41,Y11BRgvdy2
2024-04-08 15:50:41,rollbitcom
2024-04-08 15:50:41,underscoreX0
2024-04-08 15:50:41,mckinsey
2024-04-08 15:50:41,search?q=%24PUNK&src=cashtag_click
2024-04-08 15:50:41,rippyfied
2024-04-08 15:50:41,SeiNetwork
2024-04-08 15:50:41,EggFightClub
2024-04-08 15:50:41,anthonyxcheng
2024-04-08 15:50:41,dwellersX0
2024-04-08 15:50:41,helloluis
2024-04-08 15:50:41,StoryProtocol
2024-04-08 15:50:41,newmancapitalvc
2024-04-08 15:50:41,WITS_TCG
2024-04-08 15:50:41,telegram
2024-04-08 15:50:41,binancelabs
2024-04-08 15:50:41,BAYCJapan
2024-04-08 15:50:41,Doodles_Japan
2024-04-08 15:50:41,zerokn0wledge_
2024-04-08 15:50:41,zynga
2024-04-08 15:50:41,search?q=%24G&src=cashtag_click
2024-04-08 15:50:41,eigenlayer
2024-04-08 15:50:41,CozomoMedici
2024-04-08 15:50:41,ton_blockchain
2024-04-08 15:50:41,Web3Girls_
2024-04-08 15:50:41,Newmangrp
2024-04-08 15:50:41,bozhangles
2024-04-08 15:50:41,artnews
2024-04-08 15:50:41,Skyarks
2024-04-08 15:50:41,TheSpartanGroup
2024-04-08 15:50:41,graniph_nft
2024-04-08 15:50:41,lookonchain
2024-04-08 15:50:41,7EJrnNhDKV
2024-04-08 15:50:41,cmsholdings
2024-04-08 15:50:41,3EdImH0TY5
2024-04-08 15:50:41,monad_xyz
2024-04-08 15:50:41,wallet_tg
2024-04-08 15:50:41,BZB_Capital
2024-04-08 15:50:41,NotablePepes
2024-04-08 15:50:41,NickyGee44
2024-04-08 15:50:41,OKTXeudrDt
2024-04-08 15:50:41,SteakCapital
2024-04-08 15:50:41,getgemsdotio
2024-04-08 15:50:41,noble_gallery
2024-04-08 15:50:41,iamjosephyoung
2024-04-08 15:50:41,laurentCastell
2024-04-08 15:50:41,Pallet_Exchange
2024-04-08 15:50:41,CanarylabsXYZ
2024-04-08 15:50:41,MobyHQ
2024-04-08 15:50:41,intern
2024-04-08 15:50:41,grigorev_art
2024-04-08 15:50:41,GCashOfficial
2024-04-08 15:50:41,gbmedici
2024-04-08 15:50:41,TtQsHkp7Wj
2024-04-08 15:50:41,RedactedRes
2024-04-08 15:50:41,cmsintern
2024-04-08 15:50:41,rektguyNFT
2024-04-08 15:50:41,leftclickbuynft
2024-04-08 15:50:41,w5FJpw28HC
2024-04-08 15:50:41,0xhopydoc
2024-04-08 15:50:41,tumilett
2024-04-08 15:50:41,galeriemade
2024-04-08 15:50:41,9UkWUH9qaB
2024-04-08 15:50:41,kdean
2024-04-08 15:50:41,sothebys
2024-04-08 15:50:41,thenotcoin
2024-04-08 15:50:41,ForgotPlayland
2024-04-08 15:50:41,ton_starter
2024-04-08 15:50:41,michaelbouhanna
2024-04-08 15:50:41,fomohour
2024-04-08 15:50:41,the_agents_club
2024-04-17 13:00:04,EggFightClub
2024-04-17 13:00:04,w5FJpw28HC
2024-04-17 13:00:04,noble_gallery
2024-04-17 13:00:04,adriannewman21
2024-04-17 13:00:04,Chetanya_K
2024-04-17 13:00:04,Bridge3_
2024-04-17 13:00:04,rsJYrTP3ur
2024-04-17 13:00:04,zynga
2024-04-17 13:00:04,rippyfied
2024-04-17 13:00:04,kdean
2024-04-17 13:00:04,artnews
2024-04-17 13:00:04,cyber_yuyu
2024-04-17 13:00:04,sreeramkannan
2024-04-17 13:00:04,Y11BRgvdy2
2024-04-17 13:00:04,CISkU40oeF
2024-04-17 13:00:04,Nodemonkes
2024-04-17 13:00:04,whatsthisstudio
2024-04-17 13:00:04,WITS_TCG
2024-04-17 13:00:04,rektguyNFT
2024-04-17 13:00:04,michaelbouhanna
2024-04-17 13:00:04,SamSpratt
2024-04-17 13:00:04,binancelabs
2024-04-17 13:00:04,newmancapitalvc
2024-04-17 13:00:04,CozomoMedici
2024-04-17 13:00:04,FoliusVentures
2024-04-17 13:00:04,gomblegames
2024-04-17 13:00:04,CanarylabsXYZ
2024-04-17 13:00:04,Castle__Cap
2024-04-17 13:00:04,ForgotPlayland
2024-04-17 13:00:04,QuantumCatsXYZ
2024-04-17 13:00:04,YanLiberman
2024-04-17 13:00:04,QUsjvcv6EU
2024-04-17 13:00:04,search?q=%24G&src=cashtag_click
2024-04-17 13:00:04,TonPunks
2024-04-17 13:00:04,bidclubio
2024-04-17 13:00:04,lepuppeteerfou
2024-04-17 13:00:04,toomuchlag
2024-04-17 13:00:04,ton_blockchain
2024-04-17 13:00:04,TtQsHkp7Wj
2024-04-17 13:00:04,SteakCapital
2024-04-17 13:00:04,search?q=%24PUNK&src=cashtag_click
2024-04-17 13:00:04,Doodles_Japan
2024-04-17 13:00:04,getgemsdotio
2024-04-17 13:00:04,BottoDAO
2024-04-17 13:00:04,wallet_tg
2024-04-17 13:00:04,thespartangroup
2024-04-17 13:00:04,Open_Builders
2024-04-17 13:00:04,mckinsey
2024-04-17 13:00:04,RedactedRes
2024-04-17 13:00:04,monad_xyz
2024-04-17 13:00:04,bozhangles
2024-04-17 13:00:04,helloluis
2024-04-17 13:00:04,galeriemade
2024-04-17 13:00:04,rektmando
2024-04-17 13:00:04,Honeycon_io
2024-04-17 13:00:04,7EJrnNhDKV
2024-04-17 13:00:04,eigenlayer
2024-04-17 13:00:04,dwellersX0
2024-04-17 13:00:04,Madlads
2024-04-17 13:00:04,gbmedici
2024-04-17 13:00:04,Web3Girls_
2024-04-17 13:00:04,underscoreX0
2024-04-17 13:00:04,telegram
2024-04-17 13:00:04,syfuofficial
2024-04-17 13:00:04,3EdImH0TY5
2024-04-17 13:00:04,Delphi_Digital
2024-04-17 13:00:04,rektradio_
2024-04-17 13:00:04,cmsholdings
2024-04-17 13:00:04,9UkWUH9qaB
2024-04-17 13:00:04,the_agents_club
2024-04-17 13:00:04,MeritCircle_IO
2024-04-17 13:00:04,CarnegieMellon
2024-04-17 13:00:04,anthonyxcheng
2024-04-17 13:00:04,Z9Ddpq3PRA
2024-04-17 13:00:04,MapleLeafCap
2024-04-17 13:00:04,sothebys
2024-04-17 13:00:04,ton_starter
2024-04-17 13:00:04,graniph_nft
2024-04-17 13:00:04,thenotcoin
2024-04-17 13:00:04,GCashOfficial
2024-04-17 13:00:04,symbiogenesisPR
2024-04-17 13:00:04,laurentCastell
2024-04-17 13:00:04,BAYCJapan
2024-04-17 13:00:04,SeiNetwork
2024-04-17 13:00:04,intern
2024-04-17 13:00:04,TheSpartanGroup
2024-04-17 13:00:04,lookonchain
2024-04-17 13:00:04,NickyGee44
2024-04-17 13:00:04,Pf8G0RIuse
2024-04-17 13:00:04,bottoproject
2024-04-17 13:00:04,isnotmintedyet
2024-04-17 13:00:04,Pallet_Exchange
2024-04-17 13:00:04,patrickamadon
2024-04-17 13:00:04,leanimeart
2024-04-17 13:00:04,rainbowdotme
2024-04-17 13:00:04,OKTXeudrDt
2024-04-17 13:00:04,Newmangrp
2024-04-17 13:00:04,BZB_Capital
2024-04-17 13:00:04,NotablePepes
2024-04-17 13:00:04,grigorev_art
2024-04-17 13:00:04,fomohour
2024-04-17 13:00:04,tumilett
2024-04-17 13:00:04,DegenzNFT
2024-04-17 13:00:04,rollbitcom
2024-04-17 13:00:04,zerokn0wledge_
2024-04-17 13:00:04,open_builders
2024-04-17 13:00:04,web3_honey
2024-04-17 13:00:04,leftclickbuynft
2024-04-17 13:00:04,0xhopydoc
2024-04-17 13:00:04,AzukiJapan_IKZ
2024-05-03 16:28:42,NotablePepes
2024-05-03 16:28:42,bozhangles
2024-05-03 16:28:42,fomohour
2024-05-03 16:28:42,gbmedici
2024-05-03 16:28:42,SeiNetwork
2024-05-03 16:28:42,Delphi_Digital
2024-05-03 16:28:42,BottoDAO
2024-05-03 16:28:42,Z9Ddpq3PRA
2024-05-03 16:28:42,rsJYrTP3ur
2024-05-03 16:28:42,QUsjvcv6EU
2024-05-03 16:28:42,michaelbouhanna
2024-05-03 16:28:42,search?q=%24PUNK&src=cashtag_click
2024-05-03 16:28:42,Pf8G0RIuse
2024-05-03 16:28:42,Chetanya_K
2024-05-03 16:28:42,cmsholdings
2024-05-03 16:28:42,CozomoMedici
2024-05-03 16:28:42,sreeramkannan
2024-05-03 16:28:42,telegram
2024-05-03 16:28:42,6529collections
2024-05-03 16:28:42,newmancapitalvc
2024-05-03 16:28:42,modularmedia_
2024-05-03 16:28:42,0xhopydoc
2024-05-03 16:28:42,helloluis
2024-05-03 16:28:42,notablepepes
2024-05-03 16:28:42,symbiogenesisPR
2024-05-03 16:28:42,TonPunks
2024-05-03 16:28:42,artnews
2024-05-03 16:28:42,underscoreX0
2024-05-03 16:28:42,Doodles_Japan
2024-05-03 16:28:42,OKTXeudrDt
2024-05-03 16:28:42,grigorev_art
2024-05-03 16:28:42,SamSpratt
2024-05-03 16:28:42,Web3Girls_
2024-05-03 16:28:42,Newmangrp
2024-05-03 16:28:42,ForgotPlayland
2024-05-03 16:28:42,gomblegames
2024-05-03 16:28:42,DeVpzgcSmi
2024-05-03 16:28:42,rektradio_
2024-05-03 16:28:42,Castle__Cap
2024-05-03 16:28:42,dwellersX0
2024-05-03 16:28:42,zerokn0wledge_
2024-05-03 16:28:42,IhA777L2ZW
2024-05-03 16:28:42,ton_blockchain
2024-05-03 16:28:42,kdean
2024-05-03 16:28:42,thespartangroup
2024-05-03 16:28:42,search?q=%24G&src=cashtag_click
2024-05-03 16:28:42,graniph_nft
2024-05-03 16:28:42,EggFightClub
2024-05-03 16:28:42,rippyfied
2024-05-03 16:28:42,NickyGee44
2024-05-03 16:28:42,getgemsdotio
2024-05-03 16:28:42,noble_gallery
2024-05-03 16:28:42,TheSpartanGroup
2024-05-03 16:28:42,rollbitcom
2024-05-03 16:28:42,zynga
2024-05-03 16:28:42,thenotcoin
2024-05-03 16:28:42,web3_honey
2024-05-03 16:28:42,Y11BRgvdy2
2024-05-03 16:28:42,TtQsHkp7Wj
2024-05-03 16:28:42,batsoupyum
2024-05-03 16:28:42,adriannewman21
2024-05-03 16:28:42,patrickamadon
2024-05-03 16:28:42,VanArman
2024-05-03 16:28:42,leftclickbuynft
2024-05-03 16:28:42,MeritCircle_IO
2024-05-03 16:28:42,BZB_Capital
2024-05-03 16:28:42,CanarylabsXYZ
2024-05-03 16:28:42,syfuofficial
2024-05-03 16:28:42,anthonyxcheng
2024-05-03 16:28:42,mELkJdPnRm
2024-05-03 16:28:42,eigenlayer
2024-05-03 16:28:42,YHJNJOEw1l
2024-05-03 16:28:42,tumilett
2024-05-03 16:28:42,binancelabs
2024-05-03 16:28:42,Honeycon_io
2024-05-03 16:28:42,9UkWUH9qaB
2024-05-03 16:28:42,GCashOfficial
2024-05-03 16:28:42,Anonymoux2311
2024-05-03 16:28:42,laurentCastell
2024-05-03 16:28:42,Kevin_Kelly_II
2024-05-03 16:28:42,mckinsey
2024-05-03 16:28:42,bottoproject
2024-05-03 16:28:42,sothebys
2024-05-03 16:28:42,RedactedRes
2024-05-03 16:28:42,whatsthisstudio
2024-05-03 16:28:42,isnotmintedyet
2024-05-03 16:28:42,Open_Builders
2024-05-03 16:28:42,AzukiJapan_IKZ
2024-05-03 16:28:42,leanimeart
2024-05-03 16:28:42,lookonchain
2024-05-03 16:28:42,Delphi_Ventures
2024-05-03 16:28:42,rektmando
2024-05-03 16:28:42,rainbowdotme
2024-05-03 16:28:42,CISkU40oeF
2024-05-03 16:28:42,monad_xyz
2024-05-03 16:28:42,Bridge3_
2024-05-03 16:28:42,Pallet_Exchange
2024-05-03 16:28:42,intern
2024-05-03 16:28:42,ton_starter
2024-05-03 16:28:42,BAYCJapan
2024-05-03 16:28:42,w5FJpw28HC
2024-05-03 16:28:42,cyber_yuyu
2024-05-03 16:28:42,toomuchlag
2024-05-03 16:28:42,SteakCapital
2024-05-03 16:28:42,wallet_tg
2024-05-03 16:28:42,7EJrnNhDKV
2024-05-03 16:28:42,open_builders
2024-05-03 16:28:42,WITS_TCG
2024-05-08 16:54:57,nftist_co
2024-05-08 16:54:57,PentagonGames88
2024-05-08 16:54:57,0xThracian
2024-05-08 16:54:57,jarvinart
2024-05-08 16:54:57,YanLiberman
2024-05-08 16:54:57,amadon
2024-05-10 15:58:34,Kjm2Z4L14E
2024-05-15 13:29:05,KevinWSHPod
2024-05-15 13:29:05,CarnegieMellon
2024-05-15 13:29:05,FoliusVentures
2024-05-15 13:29:05,MapleLeafCap
2024-05-15 13:29:05,bidclubio
2024-05-20 19:38:41,Memeland
2024-05-20 19:38:41,9GAG
2024-05-20 19:38:41,bykellymcd
2024-05-20 19:38:41,galeriemade
2024-05-20 19:38:41,9gagceo
2024-05-20 19:38:41,Memecoin
2024-05-20 19:38:41,the_agents_club
