2024-04-05 20:46:35,dickclucas
2024-04-05 20:46:35,grimezsz
2024-04-05 20:46:35,PessimistsArc
2024-04-05 20:46:35,abc7
2024-04-05 20:46:35,decryptmedia
2024-04-05 20:46:35,mxhani1
2024-04-05 20:46:35,louisanslow
2024-04-05 20:46:35,fluidkey
2024-04-05 20:46:35,immunefi
2024-04-05 20:46:35,willccbb
2024-04-05 20:46:35,7XlRvVyaY0
2024-04-05 20:46:35,CFCamerer
2024-04-05 20:46:35,Te0v7ZwD39
2024-04-05 20:46:35,astralflite
2024-04-05 20:46:35,usbclub
2024-04-05 20:46:35,Spottedcanine
2024-04-05 20:46:35,frame_xyz
2024-04-05 20:46:35,Twitter
2024-04-05 20:46:35,daylightco
2024-04-05 20:46:35,bismarckanlys
2024-04-05 20:46:35,ouraring
2024-04-05 20:46:35,NZsHpnOzcn
2024-04-05 20:46:35,BlockchainatCU
2024-04-05 20:46:35,MorlockP
2024-04-05 20:46:35,UTc3jNAPYj
2024-04-05 20:46:35,PaulRBerg
2024-04-05 20:46:35,Tom_Rowsell
2024-04-05 20:46:35,businessinsider
2024-04-05 20:46:35,hanslorei
2024-04-05 20:46:35,playduper
2024-04-05 20:46:35,nftnow
2024-04-05 20:46:35,tsoohJ5emD
2024-04-05 20:46:35,aoTheComputer
2024-04-05 20:46:35,StErMi
2024-04-05 20:46:35,Sablier
2024-04-05 20:46:35,X1XAm8tVlh
2024-04-05 20:46:35,TerraformIndies
2024-04-05 20:46:35,dreamsgates
2024-04-05 20:46:35,ricocreditsys
2024-04-05 20:46:35,SpearbitDAO
2024-04-05 20:46:35,iosif_lazaridis
2024-04-05 20:46:35,perdricof
2024-04-05 20:46:35,rothfuss
2024-04-05 20:46:35,NBOM9kDsWb
2024-04-05 20:46:35,createtriniti
2024-04-05 20:46:35,mlboryczka
2024-04-05 20:46:35,Anchorage
2024-04-05 20:46:35,higherordercomp
2024-04-05 20:46:35,vikare06
2024-04-05 20:46:35,columbia
2024-04-05 20:46:35,casparschwa
2024-04-05 20:46:35,harvardheb
2024-04-05 20:46:35,ORAprotocol
2024-04-05 20:46:35,daoudaleonard
2024-04-05 20:46:35,robsaltini
2024-04-05 20:46:35,bonchieredstate
2024-04-05 20:46:35,mmjukic
2024-04-05 20:46:35,aftfuture
2024-04-05 20:46:35,KindeliaOrg
2024-04-05 20:46:35,enshriningplebs
2024-04-05 20:46:35,news9
2024-04-05 20:46:35,ethereum
2024-04-05 20:46:35,erikaleetv
2024-04-05 20:46:35,nk9ehLjlYs
2024-04-05 20:46:35,UlvetannaHQ
2024-04-05 20:46:35,danielgross
2024-04-05 20:46:35,tpfZwEwGiq
2024-04-05 20:46:35,TaprootWizards
2024-04-05 20:46:35,CyrusWestern
2024-04-05 20:46:35,rot13maxi
2024-04-05 20:46:35,BennSteil
2024-04-05 20:46:35,dissidentsoaps
2024-04-05 20:46:35,USC
2024-04-05 20:46:35,bx
2024-04-05 20:46:35,Ingo_zk
2024-04-05 20:46:35,MocaverseNFT
2024-04-05 20:46:35,hdiedrich
2024-04-05 20:46:35,hmsgenetics
2024-04-05 20:46:35,0xCygaar
2024-04-05 20:46:35,0xKartin
2024-04-05 20:46:35,GodCloseMyEyes
2024-04-05 20:46:35,cognition_labs
2024-04-05 20:46:35,fk3pIUNubH
2024-04-05 20:46:35,cbsla
2024-04-05 20:46:35,ConsenSys
2024-04-08 15:47:36,ZeroSync_
2024-04-08 15:47:36,tpfZwEwGiq
2024-04-08 15:47:36,Ingo_zk
2024-04-08 15:47:36,a16z
2024-04-08 15:47:36,Anchorage
2024-04-08 15:47:36,BlockchainatCU
2024-04-08 15:47:36,daylightco
2024-04-08 15:47:36,Twitter
2024-04-08 15:47:36,higherordercomp
2024-04-08 15:47:36,tsoohJ5emD
2024-04-08 15:47:36,TaprootWizards
2024-04-08 15:47:36,Te0v7ZwD39
2024-04-08 15:47:36,CFCamerer
2024-04-08 15:47:36,enshriningplebs
2024-04-08 15:47:36,7XlRvVyaY0
2024-04-08 15:47:36,hdiedrich
2024-04-08 15:47:36,GodCloseMyEyes
2024-04-08 15:47:36,astralflite
2024-04-08 15:47:36,UlvetannaHQ
2024-04-08 15:47:36,robin_linus
2024-04-08 15:47:36,ouraring
2024-04-08 15:47:36,CoinbaseDev
2024-04-08 15:47:36,willccbb
2024-04-08 15:47:36,k33cIjEcC3
2024-04-08 15:47:36,frame_xyz
2024-04-08 15:47:36,perdricof
2024-04-08 15:47:36,columbia
2024-04-08 15:47:36,MocaverseNFT
2024-04-08 15:47:36,cognition_labs
2024-04-08 15:47:36,0xKartin
2024-04-08 15:47:36,mxhani1
2024-04-08 15:47:36,dissidentsoaps
2024-04-08 15:47:36,vikare06
2024-04-08 15:47:36,TerraformIndies
2024-04-08 15:47:36,0xCygaar
2024-04-08 15:47:36,bismarckanlys
2024-04-08 15:47:36,Spottedcanine
2024-04-08 15:47:36,mlboryczka
2024-04-08 15:47:36,ethereum
2024-04-08 15:47:36,PalantirTech
2024-04-08 15:47:36,PessimistsArc
2024-04-08 15:47:36,BennSteil
2024-04-08 15:47:36,KindeliaOrg
2024-04-08 15:47:36,casparschwa
2024-04-08 15:47:36,ricocreditsys
2024-04-08 15:47:36,fluidkey
2024-04-08 15:47:36,X1XAm8tVlh
2024-04-08 15:47:36,dickclucas
2024-04-08 15:47:36,MorlockP
2024-04-08 15:47:36,Sablier
2024-04-08 15:47:36,ConsenSys
2024-04-08 15:47:36,bx
2024-04-08 15:47:36,rot13maxi
2024-04-08 15:47:36,IndexVentures
2024-04-08 15:47:36,realMaalouf
2024-04-08 15:47:36,UTc3jNAPYj
2024-04-08 15:47:36,mmjukic
2024-04-08 15:47:36,robsaltini
2024-04-08 15:47:36,espricewright
2024-04-08 15:47:36,PaulRBerg
2024-04-08 15:47:36,louisanslow
2024-04-08 15:47:36,ORAprotocol
2024-04-08 15:47:36,dreamsgates
2024-04-08 15:47:36,sebjenseb
2024-04-17 12:55:51,alignedlayer
2024-04-17 12:55:51,VersatusLabs
2024-04-17 12:55:51,morganstanley
2024-04-17 12:55:51,hdiedrich
2024-04-17 12:55:51,higherordercomp
2024-04-17 12:55:51,TSmUWFNW1z
2024-04-17 12:55:51,bx
2024-04-17 12:55:51,Anchorage
2024-04-17 12:55:51,convoluted_code
2024-04-17 12:55:51,KomorebiFund
2024-04-17 12:55:51,0xintuition
2024-04-17 12:55:51,coindesk
2024-04-17 12:55:51,espricewright
2024-04-17 12:55:51,columbia
2024-04-17 12:55:51,willccbb
2024-04-17 12:55:51,electriccapital
2024-04-17 12:55:51,CKzRaOyVzR
2024-04-17 12:55:51,BruestleJeremy
2024-04-17 12:55:51,yetanotherco
2024-04-17 12:55:51,sebjenseb
2024-04-17 12:55:51,jessicasolce
2024-04-17 12:55:51,hanserliteratur
2024-04-17 12:55:51,a16z
2024-04-17 12:55:51,HpluRJKcEK
2024-04-17 12:55:51,buildabera
2024-04-17 12:55:51,robin_linus
2024-04-17 12:55:51,CoinbaseDev
2024-04-17 12:55:51,mattmurrs
2024-04-17 12:55:51,0xashd
2024-04-17 12:55:51,chefjeffsf
2024-04-17 12:55:51,Twitter
2024-04-17 12:55:51,DonzelliEditore
2024-04-17 12:55:51,viamirror
2024-04-17 12:55:51,hadronfc
2024-04-17 12:55:51,0xMakesy
2024-04-17 12:55:51,eigenlayer
2024-04-17 12:55:51,athensresearch
2024-04-17 12:55:51,routledgebooks
2024-04-17 12:55:51,manasilvora
2024-04-17 12:55:51,k33cIjEcC3
2024-04-17 12:55:51,delv_tech
2024-04-17 12:55:51,BrianRetford
2024-04-17 12:55:51,CryptonomiKhan
2024-04-17 12:55:51,cohere
2024-04-17 12:55:51,RiscZero
2024-04-17 12:55:51,PalantirTech
2024-04-17 12:55:51,KindeliaOrg
2024-04-17 12:55:51,SmokeyTheBera
2024-04-17 12:55:51,class_lambda
2024-04-17 12:55:51,SoraSue77
2024-04-17 12:55:51,kv0sPR1fjH
2024-04-17 12:55:51,berachain
2024-04-17 12:55:51,harkal
2024-04-17 12:55:51,clairekart
2024-04-17 12:55:51,arasuarun
2024-04-17 12:55:51,intoverflow
2024-04-17 12:55:51,3t2FulrjJA
2024-04-17 12:55:51,akitamiabtc
2024-04-17 12:55:51,walk_enjoyer
2024-04-17 12:55:51,FedeItaliano76
2024-04-17 12:55:51,realMaalouf
2024-04-17 12:55:51,twitter
2024-04-17 12:55:51,kateli_nyc
2024-04-17 12:55:51,chainyoda
2024-04-17 12:55:51,ethereum
2024-04-17 12:55:51,IndexVentures
2024-04-17 12:55:51,blockchaingirls
2024-04-17 12:55:51,ZeroSync_
2024-04-17 12:55:51,skesslr
2024-04-17 12:55:51,enshriningplebs
2024-04-17 12:55:51,RISCZero
2024-05-03 16:24:25,KioskSocial
2024-05-03 16:24:25,DsEqVAC5Dp
2024-05-03 16:24:25,Sulkalmakh
2024-05-03 16:24:25,eigenfoundation
2024-05-03 16:24:25,roux__xyz
2024-05-03 16:24:25,GrabSG
2024-05-03 16:24:25,Meta
2024-05-03 16:24:25,Ethereum2077
2024-05-03 16:24:25,etherplay
2024-05-03 16:24:25,wighawag
2024-05-03 16:24:25,AW_Research
2024-05-03 16:24:25,nebrazkp
2024-05-03 16:24:25,delv_tech
2024-05-03 16:24:25,0xevevm
2024-05-03 16:24:25,YoungJapanTexts
2024-05-03 16:24:25,HaPi31415
2024-05-03 16:24:25,Komorebi8888
2024-05-03 16:24:25,secparam
2024-05-03 16:24:25,stratagems_eth
2024-05-03 16:24:25,jchaskin22
2024-05-03 16:24:25,1kxnetwork
2024-05-03 16:24:25,rishotics
2024-05-03 16:24:25,Amazon
2024-05-03 16:24:25,m_j_rossman
2024-05-03 16:24:25,taralli_labs
2024-05-03 16:24:25,Microsoft
2024-05-03 16:24:25,mosync
2024-05-03 16:24:25,AvaLabsOfficial
2024-05-03 16:24:25,valeryz
2024-05-03 16:24:25,0xbaratie
2024-05-03 16:24:25,search?q=%24TSLA&src=cashtag_click
2024-05-03 16:24:25,RiscZero
2024-05-03 16:24:25,ethereum
2024-05-03 16:24:25,jam_systems
2024-05-03 16:24:25,LiveOverflow
2024-05-03 16:24:25,Sablier
2024-05-03 16:24:25,OpenSea
2024-05-03 16:24:25,realmasknetwork
2024-05-03 16:24:25,razgraf
2024-05-03 16:24:25,6ywl5wKD5k
2024-05-03 16:24:25,smaroo
2024-05-03 16:24:25,Ethereum
2024-05-03 16:24:25,neondatabase
2024-05-03 16:24:25,komorebihack
2024-05-03 16:24:25,mercury
2024-05-03 16:24:25,62f84mR3zg
2024-05-03 16:24:25,heraldofloot
2024-05-03 16:24:25,cursive_team
2024-05-03 16:24:25,0xSerious
2024-05-03 16:24:25,AspynPalatnick
2024-05-03 16:24:25,mTzUrwyYtp
2024-05-03 16:24:25,epflcdm
2024-05-03 16:24:25,__tosh
2024-05-03 16:24:25,lightspark
2024-05-03 16:24:25,amazon
2024-05-03 16:24:25,lookout
2024-05-03 16:24:25,GalaxyHQ
2024-05-03 16:24:25,PrivacyScaling
2024-05-03 16:24:25,backaes
2024-05-03 16:24:25,grimmtidings
2024-05-03 16:24:25,41R8wG8na2
2024-05-03 16:24:25,GroqInc
2024-05-03 16:24:25,GoldmanSachs
2024-05-03 16:24:25,jackabraham
2024-05-03 16:24:25,AravSrinivas
2024-05-03 16:24:25,Hyperledger
2024-05-03 16:24:25,BootleJonathan
2024-05-03 16:24:25,smartnews
2024-05-03 16:24:25,Iamtomblake
2024-05-03 16:24:25,hakangurel
2024-05-03 16:24:25,AW_house
2024-05-03 16:24:25,eigenlayer
2024-05-03 16:24:25,exowatt305
2024-05-03 16:24:25,PodsFinance
2024-05-03 16:24:25,terminaldotshop
2024-05-03 16:24:25,kORvEuCUpJ
2024-05-03 16:24:25,EPFL
2024-05-03 16:24:25,Ingo_zk
2024-05-03 16:24:25,itsalltruffles
2024-05-03 16:24:25,komorebi8888_jp
2024-05-03 16:24:25,lyft
2024-05-03 16:24:25,MikeIppolito_
2024-05-03 16:24:25,eawosikaa
2024-05-03 16:24:25,TogetherColl
2024-05-03 16:24:25,iitkgp
2024-05-03 16:24:25,rizelabs
2024-05-03 16:24:25,OmerShlomovits
2024-05-03 16:24:25,penn
2024-05-03 16:24:25,Bolt__AI
2024-05-03 16:24:25,TwoSigma
2024-05-03 16:24:25,afrazhaowang
2024-05-03 16:24:25,hextreeio
2024-05-03 16:24:25,Coinbase
2024-05-03 16:24:25,sophon
2024-05-03 16:24:25,newsbreakapp
2024-05-03 16:24:25,perplexity_ai
2024-05-03 16:24:25,redstonexyz
2024-05-03 16:24:25,0xRedswap
2024-05-03 16:24:25,CSHL
2024-05-03 16:24:25,ssh_nkar
2024-05-03 16:24:25,solidityguild
2024-05-03 16:24:25,KRVIbacRGZ
2024-05-03 16:24:25,IrreducibleHW
2024-05-08 16:53:22,perenniallabs
2024-05-08 16:53:22,Coffee_Stain
2024-05-08 16:53:22,FalconXnetwork
2024-05-08 16:53:22,kuzco_xyz
2024-05-08 16:53:22,beondeck
2024-05-08 16:53:22,wNjTT0zzzo
2024-05-08 16:53:22,brevis_zk
2024-05-08 16:53:22,kbrizzle_
2024-05-08 16:53:22,mark_murdock3
2024-05-08 16:53:22,lifiprotocol
2024-05-08 16:53:22,unchained_pod
2024-05-08 16:53:22,gnark_team
2024-05-08 16:53:22,maximelabonne
2024-05-08 16:53:22,JohannKurtz
2024-05-08 16:53:22,PanteraCapital
2024-05-08 16:53:22,plymouthstreet
2024-05-08 16:53:22,layerzero_labs
2024-05-08 16:53:22,valheimgame
2024-05-08 16:53:22,joindeeprock
2024-05-08 16:53:22,JeffDean
2024-05-08 16:53:22,LiquidAI_
2024-05-08 16:53:22,bloombergbeta
2024-05-08 16:53:22,aya_kantor
2024-05-08 16:53:22,Consensys
2024-05-08 16:53:22,othership_us
2024-05-08 16:53:22,golang
2024-05-08 16:53:22,minney_cat
2024-05-08 16:53:22,crypto_coven
2024-05-08 16:53:22,6glejkHwE4
2024-05-08 16:53:22,lighthousehq_
2024-05-08 16:53:22,SatisfactoryAF
2024-05-08 16:53:22,TensorFlow
2024-05-08 16:53:22,fractalclearing
2024-05-08 16:53:22,Q8victWUmR
2024-05-08 16:53:22,spectate_or
2024-05-10 15:57:09,ericneyman
2024-05-15 13:27:47,zerodev_app
2024-05-15 13:27:47,winglian
2024-05-15 13:27:47,axolotl_ai
2024-05-15 13:27:47,plbdyyDkW4
2024-05-15 13:27:47,uncommonscrypto
2024-05-15 13:27:47,zkemail
2024-05-15 13:27:47,financialcmte
2024-05-15 13:27:47,PlaymintUK
2024-05-15 13:27:47,ElXDsjz8YP
2024-05-15 13:27:47,FernandoNetoAi
2024-05-15 13:27:47,2ECS7GiJGD
2024-05-15 13:27:47,5p0rt5BEArD
2024-05-15 13:27:47,3ni1V4rI9w
2024-05-15 13:27:47,DownstreamGame
2024-05-15 13:27:47,Gradient_AI_
2024-05-15 13:27:47,kvogt
2024-05-15 13:27:47,Eater
2024-05-15 13:27:47,playmintUK
2024-05-15 13:27:47,Resy
2024-05-15 13:27:47,decentrek
2024-05-15 13:27:47,RoKhanna
2024-05-15 13:27:47,PatrickMcHenry
2024-05-15 13:27:47,benleventhal
2024-05-15 13:27:47,blackbird_xyz
2024-05-15 13:27:47,bisht__13
2024-05-15 13:27:47,3HmTR0e85e
2024-05-15 13:27:47,LucasAtkins7
2024-05-15 13:27:47,search?q=%24FLY&src=cashtag_click
2024-05-15 13:27:47,4FOA3Z54aM
2024-05-20 19:37:20,thebotcompany
2024-05-20 19:37:20,ClementDelangue
2024-05-20 19:37:20,EthereumPhone
2024-05-20 19:37:20,RNDYGFFE
2024-05-20 19:37:20,gokulr
2024-05-20 19:37:20,qu2K37EE2I
2024-05-20 19:37:20,hexidethmal
2024-05-20 19:37:20,YMfw1oaHIi
2024-05-20 19:37:20,WDxzUHAAe6
2024-05-20 19:37:20,GmZqq1q7RI
2024-05-20 19:37:20,HuggingFace
2024-05-20 19:37:20,algo_luca
2024-05-20 19:37:20,92et8G4AGz
