2024-04-05 22:48:15,TheCreativeIndp
2024-04-05 22:48:15,NzhPD49uTb
2024-04-05 22:48:15,yueko__
2024-04-05 22:48:15,aws
2024-04-05 22:48:15,jesshoulgrave
2024-04-05 22:48:15,DigitalAssets
2024-04-05 22:48:15,techberlin
2024-04-05 22:48:15,emilyjnicolle
2024-04-05 22:48:15,RicardoBSalinas
2024-04-05 22:48:15,walletconnect
2024-04-05 22:48:15,seam_xyz
2024-04-05 22:48:15,freezer_boi
2024-04-05 22:48:15,Milei_Explains
2024-04-05 22:48:15,7O0WAdXUnT
2024-04-05 22:48:15,Harvard
2024-04-05 22:48:15,MevRefund
2024-04-05 22:48:15,BrandyBetz
2024-04-05 22:48:15,8pkS1AeYex
2024-04-05 22:48:15,SeanSteinSmith
2024-04-05 22:48:15,_SEAL_Org
2024-04-05 22:48:15,age1vc
2024-04-05 22:48:15,WallStreetBTC
2024-04-05 22:48:15,zama_fhe
2024-04-05 22:48:15,shipyardsw
2024-04-05 22:48:15,MarkLurie
2024-04-05 22:48:15,safe
2024-04-05 22:48:15,SeekingAlpha
2024-04-05 22:48:15,Convergence_Ai
2024-04-05 22:48:15,jamesfickel
2024-04-05 22:48:15,WhorenOnSol
2024-04-05 22:48:15,Token_Unlocks
2024-04-05 22:48:15,opnrs
2024-04-05 22:48:15,martinkou
2024-04-05 22:48:15,yH8tET5ArF
2024-04-05 22:48:15,uwaterloo
2024-04-05 22:48:15,aoTheComputer
2024-04-05 22:48:15,uniswap
2024-04-05 22:48:15,1kxnetwork
2024-04-05 22:48:15,Kickstarter
2024-04-05 22:48:15,Clipper_DEX
2024-04-05 22:48:15,jo_moormann
2024-04-05 22:48:15,PinkBrains_io
2024-04-05 22:48:15,zuvillage
2024-04-05 22:48:15,FJLabs
2024-04-05 22:48:15,search?q=%24whoren&src=cashtag_click
2024-04-05 22:48:15,Unchained_pod
2024-04-05 22:48:15,CoinDesk
2024-04-05 22:48:15,stanfordmed
2024-04-05 22:48:15,ylecun
2024-04-05 22:48:15,superstatefunds
2024-04-05 22:48:15,MarkBeylin
2024-04-05 22:48:15,UCC2_xyz
2024-04-05 22:48:15,HarvardHBS
2024-04-05 22:48:15,AlexJColville
2024-04-05 22:48:15,Kiln_finance
2024-04-05 22:48:15,casparschwa
2024-04-05 22:48:15,amazon
2024-04-05 22:48:15,NYSSCPA
2024-04-05 22:48:15,LPfOqAjkb1
2024-04-05 22:48:15,jon_charb
2024-04-05 22:48:15,irys_xyz
2024-04-05 22:48:15,frogmonkee
2024-04-05 22:48:15,ForbesCrypto
2024-04-05 22:48:15,josh_benaron
2024-04-05 22:48:15,Metalabel_
2024-04-05 22:48:15,BoostVC
2024-04-05 22:48:15,business
2024-04-05 22:48:15,l0rOBPpevB
2024-04-05 22:48:15,ethereum
2024-04-05 22:48:15,LehmanCollege
2024-04-05 22:48:15,BessemerVP
2024-04-05 22:48:15,festival_web3
2024-04-05 22:48:15,WXblockchain
2024-04-05 22:48:15,tszzl
2024-04-05 22:48:15,HashKeygroup
2024-04-05 22:48:15,toaberlin
2024-04-05 22:48:15,zksync
2024-04-05 22:48:15,dba_crypto
2024-04-05 22:48:15,DefiIgnas
2024-04-05 22:48:15,plutopheliar
2024-04-05 22:48:15,ahoyberlin
2024-04-05 22:48:15,Laurier
2024-04-05 22:48:15,ystrickler
2024-04-05 22:48:15,crypto
2024-04-05 22:48:15,Thomas_Rando
2024-04-05 22:48:15,NJBIZ
2024-04-05 22:48:15,AIER
2024-04-05 22:48:15,NJCPA
2024-04-08 16:55:30,Brionicx
2024-04-08 16:55:30,safe
2024-04-08 16:55:30,jon_charb
2024-04-08 16:55:30,AIER
2024-04-08 16:55:30,1kxnetwork
2024-04-08 16:55:30,Kiln_finance
2024-04-08 16:55:30,uniswap
2024-04-08 16:55:30,federicocarrone
2024-04-08 16:55:30,freezer_boi
2024-04-08 16:55:30,BessemerVP
2024-04-08 16:55:30,MarkLurie
2024-04-08 16:55:30,Harvard
2024-04-08 16:55:30,Metalabel_
2024-04-08 16:55:30,definikola
2024-04-08 16:55:30,superstatefunds
2024-04-08 16:55:30,jamesfickel
2024-04-08 16:55:30,plutopheliar
2024-04-08 16:55:30,WXblockchain
2024-04-08 16:55:30,tszzl
2024-04-08 16:55:30,aoTheComputer
2024-04-08 16:55:30,Kickstarter
2024-04-08 16:55:30,jo_moormann
2024-04-08 16:55:30,zuvillage
2024-04-08 16:55:30,Bloomberg
2024-04-08 16:55:30,SeekingAlpha
2024-04-08 16:55:30,DigitalAssets
2024-04-08 16:55:30,8pkS1AeYex
2024-04-08 16:55:30,CoinDesk
2024-04-08 16:55:30,l0rOBPpevB
2024-04-08 16:55:30,josh_benaron
2024-04-08 16:55:30,age1vc
2024-04-08 16:55:30,yH8tET5ArF
2024-04-08 16:55:30,martinkou
2024-04-08 16:55:30,WhorenOnSol
2024-04-08 16:55:30,BrandyBetz
2024-04-08 16:55:30,techberlin
2024-04-08 16:55:30,zksync
2024-04-08 16:55:30,NYSSCPA
2024-04-08 16:55:30,crypto
2024-04-08 16:55:30,LPfOqAjkb1
2024-04-08 16:55:30,zama_fhe
2024-04-08 16:55:30,Milei_Explains
2024-04-08 16:55:30,ylecun
2024-04-08 16:55:30,HashKeygroup
2024-04-08 16:55:30,MevRefund
2024-04-08 16:55:30,Token_Unlocks
2024-04-08 16:55:30,Convergence_Ai
2024-04-08 16:55:30,NzhPD49uTb
2024-04-08 16:55:30,Unchained_pod
2024-04-08 16:55:30,emilyjnicolle
2024-04-08 16:55:30,UCC2_xyz
2024-04-08 16:55:30,frogmonkee
2024-04-08 16:55:30,Clipper_DEX
2024-04-08 16:55:30,LehmanCollege
2024-04-08 16:55:30,business
2024-04-08 16:55:30,alignedlayer
2024-04-08 16:55:30,MarkBeylin
2024-04-08 16:55:30,AlexJColville
2024-04-08 16:55:30,PinkBrains_io
2024-04-08 16:55:30,ethereum
2024-04-08 16:55:30,walletconnect
2024-04-08 16:55:30,fede_intern
2024-04-08 16:55:30,Thomas_Rando
2024-04-08 16:55:30,GlimmerDAO
2024-04-08 16:55:30,JSeyff
2024-04-08 16:55:30,_SEAL_Org
2024-04-08 16:55:30,TheCreativeIndp
2024-04-08 16:55:30,defisaver
2024-04-08 16:55:30,dba_crypto
2024-04-08 16:55:30,irys_xyz
2024-04-08 16:55:30,festival_web3
2024-04-08 16:55:30,class_lambda
2024-04-08 16:55:30,pangacapital
2024-04-08 16:55:30,WallStreetBTC
2024-04-08 16:55:30,DefiIgnas
2024-04-08 16:55:30,shipyardsw
2024-04-08 16:55:30,toaberlin
2024-04-08 16:55:30,NJCPA
2024-04-08 16:55:30,ForbesCrypto
2024-04-08 16:55:30,opnrs
2024-04-08 16:55:30,search?q=%24whoren&src=cashtag_click
2024-04-08 16:55:30,RicardoBSalinas
2024-04-08 16:55:30,stanfordmed
2024-04-08 16:55:30,seam_xyz
2024-04-08 16:55:30,7O0WAdXUnT
2024-04-08 16:55:30,jtxesquibel
2024-04-08 16:55:30,jesshoulgrave
2024-04-08 16:55:30,SeanSteinSmith
2024-04-08 16:55:30,Laurier
2024-04-08 16:55:30,aws
2024-04-08 16:55:30,BoostVC
2024-04-08 16:55:30,ystrickler
2024-04-08 16:55:30,NJBIZ
2024-04-08 16:55:30,ahoyberlin
2024-04-08 16:55:30,uwaterloo
2024-04-08 16:55:30,amazon
2024-04-08 16:55:30,FJLabs
2024-04-08 16:55:30,bbgintelligence
2024-04-08 16:55:30,HarvardHBS
2024-04-08 16:55:30,yueko__
2024-04-08 16:55:30,casparschwa
2024-04-08 12:24:45,zuvillage
2024-04-08 12:24:45,ahoyberlin
2024-04-08 12:24:45,search?q=%24whoren&src=cashtag_click
2024-04-08 12:24:45,dba_crypto
2024-04-08 12:24:45,UCC2_xyz
2024-04-08 12:24:45,AlexJColville
2024-04-08 12:24:45,federicocarrone
2024-04-08 12:24:45,aws
2024-04-08 12:24:45,alignedlayer
2024-04-08 12:24:45,walletconnect
2024-04-08 12:24:45,age1vc
2024-04-08 12:24:45,HashKeygroup
2024-04-08 12:24:45,business
2024-04-08 12:24:45,opnrs
2024-04-08 12:24:45,frogmonkee
2024-04-08 12:24:45,WXblockchain
2024-04-08 12:24:45,zksync
2024-04-08 12:24:45,RicardoBSalinas
2024-04-08 12:24:45,uniswap
2024-04-08 12:24:45,emilyjnicolle
2024-04-08 12:24:45,Thomas_Rando
2024-04-08 12:24:45,stanfordmed
2024-04-08 12:24:45,MarkBeylin
2024-04-08 12:24:45,Laurier
2024-04-08 12:24:45,festival_web3
2024-04-08 12:24:45,jon_charb
2024-04-08 12:24:45,jesshoulgrave
2024-04-08 12:24:45,freezer_boi
2024-04-08 12:24:45,techberlin
2024-04-08 12:24:45,fede_intern
2024-04-08 12:24:45,toaberlin
2024-04-08 12:24:45,uwaterloo
2024-04-08 12:24:45,class_lambda
2024-04-08 12:24:45,BoostVC
2024-04-08 12:24:45,amazon
2024-04-08 12:24:45,crypto
2024-04-08 12:24:45,8pkS1AeYex
2024-04-08 12:24:45,WhorenOnSol
2024-04-08 12:24:45,1kxnetwork
2024-04-17 14:02:58,alignedlayer
2024-04-17 14:02:58,irys_xyz
2024-04-17 14:02:58,definikola
2024-04-17 14:02:58,CasperJohansen
2024-04-17 14:02:58,AIER
2024-04-17 14:02:58,HashKeygroup
2024-04-17 14:02:58,VestLabs
2024-04-17 14:02:58,Unchained_pod
2024-04-17 14:02:58,jo_moormann
2024-04-17 14:02:58,aoTheComputer
2024-04-17 14:02:58,Lighter_xyz
2024-04-17 14:02:58,Thomas_Rando
2024-04-17 14:02:58,shipyardsw
2024-04-17 14:02:58,HarvardHBS
2024-04-17 14:02:58,MarkLurie
2024-04-17 14:02:58,GwwzG9qkOV
2024-04-17 14:02:58,stanfordmed
2024-04-17 14:02:58,SeekingAlpha
2024-04-17 14:02:58,NJBIZ
2024-04-17 14:02:58,DigitalAssets
2024-04-17 14:02:58,jamesfickel
2024-04-17 14:02:58,josh_benaron
2024-04-17 14:02:58,cuysheffield
2024-04-17 14:02:58,LehmanCollege
2024-04-17 14:02:58,WallStreetBTC
2024-04-17 14:02:58,zama_fhe
2024-04-17 14:02:58,l0rOBPpevB
2024-04-17 14:02:58,CoinDesk
2024-04-17 14:02:58,BessemerVP
2024-04-17 14:02:58,GlimmerDAO
2024-04-17 14:02:58,Kickstarter
2024-04-17 14:02:58,NzhPD49uTb
2024-04-17 14:02:58,BitwiseInvest
2024-04-17 14:02:58,DefiIgnas
2024-04-17 14:02:58,Milei_Explains
2024-04-17 14:02:58,age1vc
2024-04-17 14:02:58,Clipper_DEX
2024-04-17 14:02:58,ZksyncVerse
2024-04-17 14:02:58,zuvillage
2024-04-17 14:02:58,walletconnect
2024-04-17 14:02:58,MarkBeylin
2024-04-17 14:02:58,crypto
2024-04-17 14:02:58,HBSCryptoClub
2024-04-17 14:02:58,Blockframe_io
2024-04-17 14:02:58,AdvisorCircle
2024-04-17 14:02:58,superstatefunds
2024-04-17 14:02:58,BrandyBetz
2024-04-17 14:02:58,seam_xyz
2024-04-17 14:02:58,AlexJColville
2024-04-17 14:02:58,federicocarrone
2024-04-17 14:02:58,Brionicx
2024-04-17 14:02:58,TheCreativeIndp
2024-04-17 14:02:58,tszzl
2024-04-17 14:02:58,jon_charb
2024-04-17 14:02:58,techberlin
2024-04-17 14:02:58,Bloomberg
2024-04-17 14:02:58,Harvard
2024-04-17 14:02:58,opnrs
2024-04-17 14:02:58,BoostVC
2024-04-17 14:02:58,martinkou
2024-04-17 14:02:58,1kxnetwork
2024-04-17 14:02:58,search?q=%24whoren&src=cashtag_click
2024-04-17 14:02:58,toaberlin
2024-04-17 14:02:58,7O0WAdXUnT
2024-04-17 14:02:58,Metalabel_
2024-04-17 14:02:58,Laurier
2024-04-17 14:02:58,RicardoBSalinas
2024-04-17 14:02:58,fede_intern
2024-04-17 14:02:58,ForbesCrypto
2024-04-17 14:02:58,casparschwa
2024-04-17 14:02:58,uniswap
2024-04-17 14:02:58,_SEAL_Org
2024-04-17 14:02:58,yH8tET5ArF
2024-04-17 14:02:58,emilyjnicolle
2024-04-17 14:02:58,WhorenOnSol
2024-04-17 14:02:58,lagrangedev
2024-04-17 14:02:58,ahoyberlin
2024-04-17 14:02:58,ETFcom
2024-04-17 14:02:58,aws
2024-04-17 14:02:58,safe
2024-04-17 14:02:58,ylecun
2024-04-17 14:02:58,LPfOqAjkb1
2024-04-17 14:02:58,yueko__
2024-04-17 14:02:58,pangacapital
2024-04-17 14:02:58,JSeyff
2024-04-17 14:02:58,frogmonkee
2024-04-17 14:02:58,class_lambda
2024-04-17 14:02:58,TheSpartanGroup
2024-04-17 14:02:58,freezer_boi
2024-04-17 14:02:58,jtxesquibel
2024-04-17 14:02:58,bottoproject
2024-04-17 14:02:58,dba_crypto
2024-04-17 14:02:58,festival_web3
2024-04-17 14:02:58,bottodao
2024-04-17 14:02:58,8pkS1AeYex
2024-04-17 14:02:58,jesshoulgrave
2024-04-17 14:02:58,zksync
2024-04-17 14:02:58,PinkBrains_io
2024-04-17 14:02:58,harvard
2024-04-17 14:02:58,FJLabs
2024-04-17 14:02:58,plutopheliar
2024-04-17 14:02:58,business
2024-04-17 14:02:58,ystrickler
2024-04-17 14:02:58,WXblockchain
2024-04-17 14:02:58,SeanMacAonghais
2024-04-17 14:02:58,NJCPA
2024-04-17 14:02:58,amazon
2024-04-17 14:02:58,MevRefund
2024-04-17 14:02:58,bbgintelligence
2024-04-17 14:02:58,Matt_Hougan
2024-04-17 14:02:58,ethereum
2024-04-17 14:02:58,Convergence_Ai
2024-04-17 14:02:58,Token_Unlocks
2024-04-17 14:02:58,NYSSCPA
2024-04-17 14:02:58,wCdTN7mQhf
2024-04-17 14:02:58,1fDYoGNllq
2024-04-17 14:02:58,omarryehia1
2024-04-17 14:02:58,Kiln_finance
2024-04-17 14:02:58,Safe
2024-04-17 14:02:58,uwaterloo
2024-04-17 14:02:58,SeanSteinSmith
2024-04-17 14:02:58,defisaver
2024-04-17 14:02:58,UCC2_xyz
2024-05-03 17:10:24,BarnardCollege
2024-05-03 17:10:24,inconetwork
2024-05-03 17:10:24,Rockaway_X
2024-05-03 17:10:24,discoverbubbles
2024-05-03 17:10:24,ParticleNtwrk
2024-05-03 17:10:24,0xBalloonLover
2024-05-03 17:10:24,fabric_vc
2024-05-03 17:10:24,alluvialfinance
2024-05-03 17:10:24,CoinbaseAssets
2024-05-03 17:10:24,safegovernance
2024-05-03 17:10:24,newmarkjschool
2024-05-03 17:10:24,tweetsofandre
2024-05-03 17:10:24,londonfo5
2024-05-03 17:10:24,hgmiller29
2024-05-03 17:10:24,opfREXuSjI
2024-05-03 17:10:24,GaiminIo
2024-05-03 17:10:24,hebtroco
2024-05-03 17:10:24,Ingo_zk
2024-05-03 17:10:24,fesshole
2024-05-03 17:10:24,CoinbaseSupport
2024-05-03 17:10:24,anagramxyz
2024-05-03 17:10:24,enshriningplebs
2024-05-03 17:10:24,_inceptioncap
2024-05-08 17:19:49,multivm_io
2024-05-08 17:19:49,joeykrug
2024-05-08 17:19:49,AugurProject
2024-05-08 17:19:49,FoundersFund
2024-05-08 17:19:49,Eco
2024-05-10 16:19:18,bloomberg_seth
2024-05-15 13:50:10,eawosikaa
2024-05-15 13:50:10,Ethereum2077
2024-05-20 20:00:13,digitalgarage
2024-05-20 20:00:13,GO99oxMraf
2024-05-20 20:00:13,Joi
2024-05-20 20:00:13,m6iOxm92i4
2024-05-20 20:00:13,chibakoudai_cit
