2024-04-05 21:44:56,queriesdata
2024-04-05 21:44:56,point72
2024-04-05 21:44:56,CrediblyNeutral
2024-04-05 21:44:56,sreeramkannan
2024-04-05 21:44:56,Bo11inger
2024-04-05 21:44:56,OptimismGov
2024-04-05 21:44:56,zyJoDMPFJg
2024-04-05 21:44:56,blockworks_
2024-04-05 21:44:56,uwcse
2024-04-05 21:44:56,atriumNFT
2024-04-05 21:44:56,MetricsDAO
2024-04-05 21:44:56,slingshotcrypto
2024-04-05 21:44:56,EthereumFilm
2024-04-05 21:44:56,base
2024-04-05 21:44:56,mantanetwork
2024-04-05 21:44:56,Candlestick_io
2024-04-05 21:44:56,compoundfinance
2024-04-05 21:44:56,Tesla
2024-04-05 21:44:56,ournetwork__
2024-04-05 21:44:56,0xjaypeg
2024-04-05 21:44:56,UJha9pfLfw
2024-04-05 21:44:56,CoinbaseCloud
2024-04-05 21:44:56,danrobinson
2024-04-05 21:44:56,theblock__
2024-04-05 21:44:56,ucsbcs
2024-04-05 21:44:56,OverclockSui
2024-04-05 21:44:56,code4rena
2024-04-05 21:44:56,conzimp
2024-04-05 21:44:56,fund_defi
2024-04-05 21:44:56,6thManVentures
2024-04-05 21:44:56,codygarrison_
2024-04-05 21:44:56,Kylethelu
2024-04-05 21:44:56,aeyakovenko
2024-04-05 21:44:56,coinmetrics
2024-04-05 21:44:56,defipulse
2024-04-05 21:44:56,Avara
2024-04-05 21:44:56,StaniKulechov
2024-04-05 21:44:56,LoganJastremski
2024-04-05 21:44:56,TanayVed
2024-04-05 21:44:56,coinbase
2024-04-05 21:44:56,mdudas
2024-04-05 21:44:56,variantfund
2024-04-05 21:44:56,dberenzon
2024-04-05 21:44:56,nebrazkp
2024-04-05 21:44:56,UChicago
2024-04-05 21:44:56,1kxnetwork
2024-04-05 21:44:56,dwr
2024-04-05 21:44:56,SolanaFndn
2024-04-05 21:44:56,0xcity3
2024-04-05 21:44:56,_Frictionless_
2024-04-05 21:44:56,Edge_Pod
2024-04-05 21:44:56,ViktorBunin
2024-04-05 21:44:56,candlestick_io
2024-04-05 21:44:56,gakonst
2024-04-05 21:44:56,KEePJKVzsF
2024-04-05 21:44:56,shumochu
2024-04-05 21:44:56,CoinFund_io
2024-04-05 21:44:56,jonathanmarcus
2024-04-05 21:44:56,tokenterminal
2024-04-05 21:44:56,Zapper_fi
2024-04-05 21:44:56,BerkeleyHaas
2024-04-05 21:44:56,BisonTrails
2024-04-05 21:44:56,ScalarCapital
2024-04-05 21:44:56,ljxie
2024-04-05 21:44:56,linksdao
2024-04-05 21:44:56,keoneHD
2024-04-05 21:44:56,richardchen39
2024-04-05 21:44:56,ianrborthwick
2024-04-05 21:44:56,jconorgrogan
2024-04-05 21:44:56,pushprotocol
2024-04-05 21:44:56,eigenlayer
2024-04-05 21:44:56,CalBlockchain
2024-04-05 21:44:56,OPLabsPBC
2024-04-05 21:44:56,santiagoroel
2024-04-05 21:44:56,weremeow
2024-04-05 21:44:56,blockchainassn
2024-04-05 21:44:56,oakcurrency
2024-04-05 21:44:56,dapp_com
2024-04-05 21:44:56,bridgewater
2024-04-05 21:44:56,DeFi_Dad
2024-04-05 21:44:56,nounsdao
2024-04-05 21:44:56,jupiterexchange
2024-04-05 21:44:56,AgoraDollar
2024-04-05 21:44:56,Coinbase
2024-04-05 21:44:56,HzSSlGmmwm
2024-04-05 21:44:56,blknoiz06
2024-04-05 21:44:56,defiantnews
2024-04-05 21:44:56,jessepollak
2024-04-05 21:44:56,dragonfly_xyz
2024-04-05 21:44:56,1confirmation
2024-04-05 21:44:56,Optimism
2024-04-05 21:44:56,jchervinsky
2024-04-05 21:44:56,ksrini_
2024-04-05 21:44:56,scott_lew_is
2024-04-05 21:44:56,archetypevc
2024-04-05 21:44:56,D1zTESd0B3
2024-04-05 21:44:56,hildobby_
2024-04-05 21:44:56,4RCapital
2024-04-05 21:44:56,PanteraCapital
2024-04-05 21:44:56,paradigm
2024-04-05 21:44:56,OhioState
2024-04-05 21:44:56,monad_xyz
2024-04-05 21:44:56,flipsidecrypto
2024-04-05 21:44:56,indexed_pod
2024-04-05 21:44:56,ejwallach
2024-04-05 21:44:56,solana
2024-04-05 21:44:56,SorellaLabs
2024-04-05 21:44:56,Bountycaster
2024-04-08 16:22:25,HzSSlGmmwm
2024-04-08 16:22:25,coinbase
2024-04-08 16:22:25,linksdao
2024-04-08 16:22:25,nounsdao
2024-04-08 16:22:25,lightspeedpodhq
2024-04-08 16:22:25,BerkeleyHaas
2024-04-08 16:22:25,richardchen39
2024-04-08 16:22:25,1kxnetwork
2024-04-08 16:22:25,TanayVed
2024-04-08 16:22:25,point72
2024-04-08 16:22:25,slingshotcrypto
2024-04-08 16:22:25,DeFi_Dad
2024-04-08 16:22:25,code4rena
2024-04-08 16:22:25,EthereumFilm
2024-04-08 16:22:25,conzimp
2024-04-08 16:22:25,jupiterexchange
2024-04-08 16:22:25,Zapper_fi
2024-04-08 16:22:25,delitzer
2024-04-08 16:22:25,tokenterminal
2024-04-08 16:22:25,blockchainassn
2024-04-08 16:22:25,sreeramkannan
2024-04-08 16:22:25,0xMert_
2024-04-08 16:22:25,MetricsDAO
2024-04-08 16:22:25,UChicago
2024-04-08 16:22:25,jessepollak
2024-04-08 16:22:25,codygarrison_
2024-04-08 16:22:25,SolanaFndn
2024-04-08 16:22:25,flipsidecrypto
2024-04-08 16:22:25,Avara
2024-04-08 16:22:25,4RCapital
2024-04-08 16:22:25,Bo11inger
2024-04-08 16:22:25,dberenzon
2024-04-08 16:22:25,ljxie
2024-04-08 16:22:25,heliuslabs
2024-04-08 16:22:25,CoinbaseCloud
2024-04-08 16:22:25,StaniKulechov
2024-04-08 16:22:25,CalBlockchain
2024-04-08 16:22:25,solana
2024-04-08 16:22:25,candlestick_io
2024-04-08 16:22:25,UJha9pfLfw
2024-04-08 16:22:25,indexed_pod
2024-04-08 16:22:25,AgoraDollar
2024-04-08 16:22:25,Kylethelu
2024-04-08 16:22:25,pushprotocol
2024-04-08 16:22:25,oakcurrency
2024-04-08 16:22:25,PanteraCapital
2024-04-08 16:22:25,gakonst
2024-04-08 16:22:25,scott_lew_is
2024-04-08 16:22:25,aeyakovenko
2024-04-08 16:22:25,CrediblyNeutral
2024-04-08 16:22:25,MikeIppolito_
2024-04-08 16:22:25,Candlestick_io
2024-04-08 16:22:25,ejwallach
2024-04-08 16:22:25,weremeow
2024-04-08 16:22:25,archetypevc
2024-04-08 16:22:25,SorellaLabs
2024-04-08 16:22:25,0xcity3
2024-04-08 16:22:25,D1zTESd0B3
2024-04-08 16:22:25,jonathanmarcus
2024-04-08 16:22:25,eigenlayer
2024-04-08 16:22:25,alliancedao
2024-04-08 16:22:25,atriumNFT
2024-04-08 16:22:25,uwcse
2024-04-08 16:22:25,coinmetrics
2024-04-08 16:22:25,ksrini_
2024-04-08 16:22:25,theblock__
2024-04-08 16:22:25,bridgewater
2024-04-08 16:22:25,defiantnews
2024-04-08 16:22:25,CoinFund_io
2024-04-08 16:22:25,ScalarCapital
2024-04-08 16:22:25,keoneHD
2024-04-08 16:22:25,nascentxyz
2024-04-08 16:22:25,defipulse
2024-04-08 16:22:25,ucsbcs
2024-04-08 16:22:25,jchervinsky
2024-04-08 16:22:25,ournetwork__
2024-04-08 16:22:25,BisonTrails
2024-04-08 16:22:25,monad_xyz
2024-04-08 16:22:25,nebrazkp
2024-04-08 16:22:25,_Frictionless_
2024-04-08 16:22:25,base
2024-04-08 16:22:25,danrobinson
2024-04-08 16:22:25,shumochu
2024-04-08 16:22:25,NKlz0h8l4C
2024-04-08 16:22:25,Optimism
2024-04-08 16:22:25,blknoiz06
2024-04-08 16:22:25,zyJoDMPFJg
2024-04-08 16:22:25,OPLabsPBC
2024-04-08 16:22:25,Tesla
2024-04-08 16:22:25,blockworks_
2024-04-08 16:22:25,OverclockSui
2024-04-08 16:22:25,paradigm
2024-04-08 16:22:25,ViktorBunin
2024-04-08 16:22:25,compoundfinance
2024-04-08 16:22:25,dapp_com
2024-04-08 16:22:25,cosmo_jiang
2024-04-08 16:22:25,1confirmation
2024-04-08 16:22:25,0xjaypeg
2024-04-08 16:22:25,dwr
2024-04-08 16:22:25,OhioState
2024-04-08 16:22:25,mantanetwork
2024-04-08 16:22:25,variantfund
2024-04-08 16:22:25,LoganJastremski
2024-04-08 16:22:25,KEePJKVzsF
2024-04-08 16:22:25,ianrborthwick
2024-04-08 16:22:25,Coinbase
2024-04-08 16:22:25,OptimismGov
2024-04-08 16:22:25,santiagoroel
2024-04-08 16:22:25,BoostVC
2024-04-08 16:22:25,Bountycaster
2024-04-08 16:22:25,Edge_Pod
2024-04-08 16:22:25,jconorgrogan
2024-04-08 16:22:25,queriesdata
2024-04-08 16:22:25,6thManVentures
2024-04-08 16:22:25,novariverxyz
2024-04-08 16:22:25,mdudas
2024-04-08 16:22:25,fund_defi
2024-04-08 16:22:25,hildobby_
2024-04-08 16:22:25,dragonfly_xyz
2024-04-08 12:03:22,dragonfly_xyz
2024-04-08 12:03:22,OverclockSui
2024-04-08 12:03:22,BisonTrails
2024-04-08 12:03:22,keoneHD
2024-04-08 12:03:22,eigenlayer
2024-04-08 12:03:22,ViktorBunin
2024-04-08 12:03:22,CalBlockchain
2024-04-08 12:03:22,delitzer
2024-04-08 12:03:22,coinbase
2024-04-08 12:03:22,defipulse
2024-04-08 12:03:22,nebrazkp
2024-04-08 12:03:22,dberenzon
2024-04-08 12:03:22,compoundfinance
2024-04-08 12:03:22,point72
2024-04-08 12:03:22,fund_defi
2024-04-08 12:03:22,flipsidecrypto
2024-04-08 12:03:22,1confirmation
2024-04-08 12:03:22,ucsbcs
2024-04-08 12:03:22,uwcse
2024-04-08 12:03:22,AgoraDollar
2024-04-08 12:03:22,hildobby_
2024-04-08 12:03:22,CoinbaseCloud
2024-04-08 12:03:22,Bo11inger
2024-04-08 12:03:22,coinmetrics
2024-04-08 12:03:22,pushprotocol
2024-04-08 12:03:22,oakcurrency
2024-04-08 12:03:22,jessepollak
2024-04-08 12:03:22,MetricsDAO
2024-04-08 12:03:22,BerkeleyHaas
2024-04-08 12:03:22,bridgewater
2024-04-08 12:03:22,slingshotcrypto
2024-04-08 12:03:22,D1zTESd0B3
2024-04-08 12:03:22,dapp_com
2024-04-08 12:03:22,code4rena
2024-04-08 12:03:22,Optimism
2024-04-08 12:03:22,nascentxyz
2024-04-08 12:03:22,mantanetwork
2024-04-08 12:03:22,Bountycaster
2024-04-08 12:03:22,tokenterminal
2024-04-08 12:03:22,jchervinsky
2024-04-08 12:03:22,atriumNFT
2024-04-08 12:03:22,BoostVC
2024-04-08 12:03:22,paradigm
2024-04-08 12:03:22,jonathanmarcus
2024-04-08 12:03:22,4RCapital
2024-04-08 12:03:22,OhioState
2024-04-08 12:03:22,ljxie
2024-04-08 12:03:22,ScalarCapital
2024-04-08 12:03:22,base
2024-04-08 12:03:22,shumochu
2024-04-08 12:03:22,richardchen39
2024-04-08 12:03:22,indexed_pod
2024-04-08 12:03:22,solana
2024-04-08 12:03:22,ksrini_
2024-04-08 12:03:22,dwr
2024-04-08 12:03:22,CoinFund_io
2024-04-08 12:03:22,0xcity3
2024-04-08 12:03:22,KEePJKVzsF
2024-04-08 12:03:22,codygarrison_
2024-04-08 12:03:22,alliancedao
2024-04-08 12:03:22,blockworks_
2024-04-08 12:03:22,Kylethelu
2024-04-08 12:03:22,weremeow
2024-04-08 12:03:22,queriesdata
2024-04-08 12:03:22,ournetwork__
2024-04-08 12:03:22,OPLabsPBC
2024-04-08 12:03:22,candlestick_io
2024-04-08 12:03:22,TanayVed
2024-04-08 12:03:22,CrediblyNeutral
2024-04-08 12:03:22,monad_xyz
2024-04-08 12:03:22,Zapper_fi
2024-04-08 12:03:22,SolanaFndn
2024-04-08 12:03:22,blknoiz06
2024-04-08 12:03:22,Edge_Pod
2024-04-08 12:03:22,PanteraCapital
2024-04-08 12:03:22,Coinbase
2024-04-08 12:03:22,EthereumFilm
2024-04-08 12:03:22,archetypevc
2024-04-08 12:03:22,defiantnews
2024-04-08 12:03:22,SorellaLabs
2024-04-08 12:03:22,blockchainassn
2024-04-08 12:03:22,nounsdao
2024-04-08 12:03:22,jupiterexchange
2024-04-08 12:03:22,ejwallach
2024-04-08 12:03:22,UChicago
2024-04-08 12:03:22,UJha9pfLfw
2024-04-08 12:03:22,Candlestick_io
2024-04-08 12:03:22,scott_lew_is
2024-04-08 12:03:22,DeFi_Dad
2024-04-08 12:03:22,conzimp
2024-04-08 12:03:22,variantfund
2024-04-08 12:03:22,sreeramkannan
2024-04-08 12:03:22,OptimismGov
2024-04-08 12:03:22,danrobinson
2024-04-08 12:03:22,jconorgrogan
2024-04-08 12:03:22,1kxnetwork
2024-04-17 13:29:51,D1zTESd0B3
2024-04-17 13:29:51,XLFYKcHgOZ
2024-04-17 13:29:51,dwr
2024-04-17 13:29:51,CalBlockchain
2024-04-17 13:29:51,TanayVed
2024-04-17 13:29:51,OhioState
2024-04-17 13:29:51,hildobby_
2024-04-17 13:29:51,OptimismGov
2024-04-17 13:29:51,4RCapital
2024-04-17 13:29:51,UChicago
2024-04-17 13:29:51,mantanetwork
2024-04-17 13:29:51,sreeramkannan
2024-04-17 13:29:51,fund_defi
2024-04-17 13:29:51,coinmetrics
2024-04-17 13:29:51,Candlestick_io
2024-04-17 13:29:51,PanteraCapital
2024-04-17 13:29:51,BerkeleyHaas
2024-04-17 13:29:51,Edge_Pod
2024-04-17 13:29:51,CoinFund_io
2024-04-17 13:29:51,DeFi_Dad
2024-04-17 13:29:51,dapp_com
2024-04-17 13:29:51,SolanaFndn
2024-04-17 13:29:51,Wwyre9YJmo
2024-04-17 13:29:51,richardchen39
2024-04-17 13:29:51,OverclockSui
2024-04-17 13:29:51,shumochu
2024-04-17 13:29:51,nascentxyz
2024-04-17 13:29:51,jupiterexchange
2024-04-17 13:29:51,defiantnews
2024-04-17 13:29:51,jconorgrogan
2024-04-17 13:29:51,codygarrison_
2024-04-17 13:29:51,bridgewater
2024-04-17 13:29:51,scott_lew_is
2024-04-17 13:29:51,ksrini_
2024-04-17 13:29:51,oakcurrency
2024-04-17 13:29:51,jonathanmarcus
2024-04-17 13:29:51,1confirmation
2024-04-17 13:29:51,aeyakovenko
2024-04-17 13:29:51,0xcity3
2024-04-17 13:29:51,LoganJastremski
2024-04-17 13:29:51,_Frictionless_
2024-04-17 13:29:51,slingshotcrypto
2024-04-17 13:29:51,queriesdata
2024-04-17 13:29:51,Coinbase
2024-04-17 13:29:51,jchervinsky
2024-04-17 13:29:51,tokenterminal
2024-04-17 13:29:51,Zapper_fi
2024-04-17 13:29:51,base
2024-04-17 13:29:51,dberenzon
2024-04-17 13:29:51,conzimp
2024-04-17 13:29:51,monad_xyz
2024-04-17 13:29:51,keoneHD
2024-04-17 13:29:51,compoundfinance
2024-04-17 13:29:51,defipulse
2024-04-17 13:29:51,uwcse
2024-04-17 13:29:51,solana
2024-04-17 13:29:51,ljxie
2024-04-17 13:29:51,code4rena
2024-04-17 13:29:51,eigenlayer
2024-04-17 13:29:51,ScalarCapital
2024-04-17 13:29:51,BoostVC
2024-04-17 13:29:51,1kxnetwork
2024-04-17 13:29:51,variantfund
2024-04-17 13:29:51,KEePJKVzsF
2024-04-17 13:29:51,OPLabsPBC
2024-04-17 13:29:51,paradigm
2024-04-17 13:29:51,pushprotocol
2024-04-17 13:29:51,blockchainassn
2024-04-17 13:29:51,ViktorBunin
2024-04-17 13:29:51,Tesla
2024-04-17 13:29:51,archetypevc
2024-04-17 13:29:51,dragonfly_xyz
2024-04-17 13:29:51,delitzer
2024-04-17 13:29:51,nebrazkp
2024-04-17 13:29:51,coinbase
2024-04-17 13:29:51,CrediblyNeutral
2024-04-17 13:29:51,CoinbaseCloud
2024-04-17 13:29:51,ournetwork__
2024-04-17 13:29:51,AgoraDollar
2024-04-17 13:29:51,EthereumFilm
2024-04-17 13:29:51,danrobinson
2024-04-17 13:29:51,gakonst
2024-04-17 13:29:51,zyJoDMPFJg
2024-04-17 13:29:51,UJha9pfLfw
2024-04-17 13:29:51,ejwallach
2024-04-17 13:29:51,weremeow
2024-04-17 13:29:51,atriumNFT
2024-04-17 13:29:51,MetricsDAO
2024-04-17 13:29:51,point72
2024-04-17 13:29:51,ucsbcs
2024-04-17 13:29:51,Kylethelu
2024-04-17 13:29:51,BisonTrails
2024-04-17 13:29:51,flipsidecrypto
2024-04-17 13:29:51,jessepollak
2024-04-17 13:29:51,Bountycaster
2024-04-17 13:29:51,SorellaLabs
2024-04-17 13:29:51,Optimism
2024-04-17 13:29:51,alliancedao
2024-04-17 13:29:51,0xjaypeg
2024-04-17 13:29:51,nounsdao
2024-04-17 13:29:51,blknoiz06
2024-04-17 13:29:51,candlestick_io
2024-04-17 13:29:51,Bo11inger
2024-04-17 13:29:51,indexed_pod
2024-04-17 13:29:51,blockworks_
2024-05-03 16:54:54,AlloProtocol
2024-05-03 16:54:54,0xPolygonFDN
2024-05-03 16:54:54,treyshelton
2024-05-03 16:54:54,GitcoinPassport
2024-05-03 16:54:54,GrantsStack
2024-05-03 16:54:54,gitcoin
2024-05-03 16:54:54,brian_armstrong
2024-05-03 16:54:54,greenpillnet
2024-05-03 16:54:54,sadbryce
2024-05-03 16:54:54,sequoia
2024-05-03 16:54:54,0xevevm
2024-05-03 16:54:54,newlimit
2024-05-03 16:54:54,benjaminsimon97
2024-05-03 16:54:54,WilsonCusack
2024-05-03 16:54:54,iancr
2024-05-03 16:54:54,BullpenFi
2024-05-03 16:54:54,0xPolygon
2024-05-03 16:54:54,CoinbaseDev
2024-05-03 16:54:54,5vwhgGqTvh
2024-05-03 16:54:54,GalaxyHQ
2024-05-03 16:54:54,TwoSigma
2024-05-03 16:54:54,usualmoney
2024-05-03 16:54:54,aptoslabs
2024-05-03 16:54:54,researchhub
2024-05-03 16:54:54,jsqio3RK3m
2024-05-03 16:54:54,usbgf
2024-05-03 16:54:54,owocki
2024-05-03 16:54:54,0xPolygonECO
2024-05-03 16:54:54,turnkeyhq
2024-05-03 16:54:54,9tSgWtsTTx
2024-05-03 16:54:54,0xPolygonDeFi
2024-05-03 16:54:54,neilhar_
2024-05-08 17:05:14,ConsenSys
2024-05-08 17:05:14,BCG
2024-05-08 17:05:14,tomwalpo
2024-05-08 17:05:14,ivangbi_
2024-05-08 17:05:14,AptosLabs
2024-05-08 17:05:14,MeridioRE
2024-05-08 17:05:14,llcool_hay
2024-05-08 17:05:14,DefinitiveFi
2024-05-08 17:05:14,ofernau
2024-05-08 17:05:14,Meta
2024-05-08 17:05:14,tagomisystems
2024-05-08 17:05:14,aztecnetwork
2024-05-08 17:05:14,ripple
2024-05-08 17:05:14,moshaikhs
2024-05-08 17:05:14,unstoppableweb
2024-05-08 17:05:14,DefiantNews
2024-05-08 17:05:14,__geometry__
2024-05-08 17:05:14,santiagoroel
2024-05-08 17:05:14,dennis_qian
2024-05-08 17:05:14,BlackRock
2024-05-08 17:05:14,puntium
2024-05-08 17:05:14,jasonyanowitz
2024-05-08 17:05:14,electriccapital
2024-05-08 17:05:14,theempirepod
2024-05-08 17:05:14,Ingo_zk
2024-05-08 17:05:14,10b57e6da0
2024-05-08 17:05:14,GearboxProtocol
2024-05-10 16:08:15,mybff
2024-05-10 16:08:15,AWengroff
2024-05-10 16:08:15,vice
2024-05-10 16:08:15,cpgclub
2024-05-10 16:08:15,liontree
2024-05-10 16:08:15,ledger
2024-05-20 19:48:33,_pgauthier
2024-05-20 19:48:33,igTXpWMWmb
2024-05-20 19:48:33,zapper_fi
2024-05-20 19:48:33,Arthur_0x
2024-05-20 19:48:33,lattice_fund
2024-05-20 19:48:33,Ledger
2024-05-20 19:48:33,reganbozman
2024-05-20 19:48:33,jbrukh
2024-05-20 19:48:33,DeFianceCapital
2024-05-20 19:48:33,CoinList
2024-05-20 19:48:33,NascentSecurity
2024-05-20 19:48:33,AngelList
2024-05-20 19:48:33,sebaudet26
2024-05-20 19:48:33,dovemetrics
2024-05-20 19:48:33,bountyvision
2024-05-20 19:48:33,coinfund_io
