2024-04-05 22:22:10,EleanorTerrett
2024-04-05 22:22:10,pfpeoplestudio
2024-04-05 22:22:10,sh1sh1nk
2024-04-05 22:22:10,fernhq_
2024-04-05 22:22:10,Rafi_0x
2024-04-05 22:22:10,MakerDAO
2024-04-05 22:22:10,base
2024-04-05 22:22:10,WASD_0x
2024-04-05 22:22:10,USCViterbi
2024-04-05 22:22:10,OreSupply
2024-04-05 22:22:10,nlp_usc
2024-04-05 22:22:10,movementlabsxyz
2024-04-05 22:22:10,alexdeclino
2024-04-05 22:22:10,usv
2024-04-05 22:22:10,DylanAbruscato
2024-04-05 22:22:10,tiktok_us
2024-04-05 22:22:10,Stanford
2024-04-05 22:22:10,VxI7pjWcct
2024-04-05 22:22:10,rsarrow
2024-04-05 22:22:10,l2beat
2024-04-05 22:22:10,RASmith481
2024-04-05 22:22:10,skystrifehq
2024-04-05 22:22:10,pqXiWnOYTZ
2024-04-05 22:22:10,enjoytech_
2024-04-05 22:22:10,DAR_crypto
2024-04-05 22:22:10,jacek
2024-04-05 22:22:10,cryptothegame_
2024-04-05 22:22:10,dgabeau
2024-04-05 22:22:10,MHreWu6AV9
2024-04-05 22:22:10,tarochigame
2024-04-05 22:22:10,5I8qHw5GNN
2024-04-05 22:22:10,awkweb
2024-04-05 22:22:10,hqtrivia
2024-04-05 22:22:10,devloper_xyz
2024-04-05 22:22:10,banklesshq
2024-04-05 22:22:10,JMU
2024-04-05 22:22:10,JackSpallone
2024-04-05 22:22:10,Pa2xZffGFo
2024-04-05 22:22:10,wildcatfi
2024-04-05 22:22:10,Snapchat
2024-04-05 22:22:10,coinbase
2024-04-05 22:22:10,sofamon_xyz
2024-04-05 22:22:10,allen_ai
2024-04-05 22:22:10,0xsmac
2024-04-05 22:22:10,capitalxyz
2024-04-05 22:22:10,search?q=%24DEGEN&src=cashtag_click
2024-04-05 22:22:10,orden_gg
2024-04-05 22:22:10,mevcollector
2024-04-05 22:22:10,pumpdotfun
2024-04-05 22:22:10,stackdotso
2024-04-05 22:22:10,avara
2024-04-05 22:22:10,movingcastles_
2024-04-05 22:22:10,MIT
2024-04-05 22:22:10,YXufKNV2yc
2024-04-05 22:22:10,dima_null
2024-04-05 22:22:10,compoundvc
2024-04-05 22:22:10,LayerN_Official
2024-04-05 22:22:10,partyround
2024-04-05 22:22:10,eulerfinance
2024-04-05 22:22:10,primitives_xyz
2024-04-05 22:22:10,FoxBusiness
2024-04-05 22:22:10,OscarHealth
2024-04-05 22:22:10,visavishesh
2024-04-05 22:22:10,sentient_agi
2024-04-05 22:22:10,UofIllinois
2024-04-05 22:22:10,hola_gus
2024-04-05 22:22:10,startupoppa
2024-04-05 22:22:10,ForbesUnder30
2024-04-05 22:22:10,fireeyesgov
2024-04-05 22:22:10,0Lnetwork
2024-04-05 22:22:10,pollenround
2024-04-05 22:22:10,functi0nZer0
2024-04-05 22:22:10,E89v7JQls0
2024-04-05 22:22:10,brad_or_bradley
2024-04-05 22:22:10,NounsDAO
2024-04-05 22:22:10,snap
2024-04-05 22:22:10,primodiumgame
2024-04-05 22:22:10,MorpheusAIs
2024-04-05 22:22:10,willums_
2024-04-05 22:22:10,degentokenbase
2024-04-05 22:22:10,oscillatorinc
2024-04-05 22:22:10,inflection
2024-04-05 22:22:10,Parcl
2024-04-05 22:22:10,SaharaLabsAI
2024-04-05 22:22:10,Coinbase
2024-04-05 22:22:10,Tagomi
2024-04-05 22:22:10,BenGiove
2024-04-05 22:22:10,matthuang
2024-04-05 22:22:10,zachxbt
2024-04-05 22:22:10,4iLPUlppKf
2024-04-05 22:22:10,wevm_dev
2024-04-05 22:22:10,ModulusLabs
2024-04-05 22:22:10,the_matter_labs
2024-04-05 22:22:10,rohan__sanjay
2024-04-05 22:22:10,GnqSDkEWla
2024-04-05 22:22:10,VrbsDAO
2024-04-05 22:22:10,KintoXYZ
2024-04-05 22:22:10,Delphi_Digital
2024-04-05 22:22:10,law_leeds
2024-04-05 22:22:10,zaoyang
2024-04-05 22:22:10,paradigm
2024-04-05 22:22:10,perl_xyz
2024-04-05 22:22:10,ourzora
2024-04-05 22:22:10,uoft
2024-04-05 22:22:10,Stepnofficial
2024-04-05 22:22:10,lensprotocol
2024-04-05 22:22:10,monad_xyz
2024-04-05 22:22:10,darkforest_eth
2024-04-05 22:22:10,voltcapital
2024-04-05 22:22:10,solana
2024-04-05 22:22:10,PwgYCwfWIx
2024-04-05 22:22:10,postmates
2024-04-05 22:22:10,xiangrenNLP
2024-04-05 22:22:10,skystrifeHQ
2024-04-08 16:43:07,MakerDAO
2024-04-08 16:43:07,wevm_dev
2024-04-08 16:43:07,the_matter_labs
2024-04-08 16:43:07,LayerN_Official
2024-04-08 16:43:07,postmates
2024-04-08 16:43:07,enjoytech_
2024-04-08 16:43:07,lensprotocol
2024-04-08 16:43:07,cryptothegame_
2024-04-08 16:43:07,ThalaLabs
2024-04-08 16:43:07,pqXiWnOYTZ
2024-04-08 16:43:07,JackSpallone
2024-04-08 16:43:07,joshqharris
2024-04-08 16:43:07,0xsmac
2024-04-08 16:43:07,capitalxyz
2024-04-08 16:43:07,5I8qHw5GNN
2024-04-08 16:43:07,GnqSDkEWla
2024-04-08 16:43:07,cuckqueeen
2024-04-08 16:43:07,solana
2024-04-08 16:43:07,zaoyang
2024-04-08 16:43:07,law_leeds
2024-04-08 16:43:07,Parcl
2024-04-08 16:43:07,adamcader_
2024-04-08 16:43:07,ModulusLabs
2024-04-08 16:43:07,Pa2xZffGFo
2024-04-08 16:43:07,pixiechess
2024-04-08 16:43:07,MorpheusAIs
2024-04-08 16:43:07,sh1sh1nk
2024-04-08 16:43:07,allen_ai
2024-04-08 16:43:07,skystrifeHQ
2024-04-08 16:43:07,jmuw7pi8I4
2024-04-08 16:43:07,zachxbt
2024-04-08 16:43:07,alexdeclino
2024-04-08 16:43:07,jacek
2024-04-08 16:43:07,visavishesh
2024-04-08 16:43:07,nlp_usc
2024-04-08 16:43:07,ezklxyz
2024-04-08 16:43:07,movingcastles_
2024-04-08 16:43:07,OndoFinance
2024-04-08 16:43:07,OreSupply
2024-04-08 16:43:07,ownsacomputer
2024-04-08 16:43:07,rohan__sanjay
2024-04-08 16:43:07,UofIllinois
2024-04-08 16:43:07,PwgYCwfWIx
2024-04-08 16:43:07,anoncatsnft
2024-04-08 16:43:07,femboy_capital
2024-04-08 16:43:07,search?q=%24DEGEN&src=cashtag_click
2024-04-08 16:43:07,JMU
2024-04-08 16:43:07,VrbsDAO
2024-04-08 16:43:07,l2beat
2024-04-08 16:43:07,dgabeau
2024-04-08 16:43:07,henlojseam
2024-04-08 16:43:07,dima_null
2024-04-08 16:43:07,functi0nZer0
2024-04-08 16:43:07,ucberkeley
2024-04-08 16:43:07,OrochiNetwork
2024-04-08 16:43:07,InitiaFDN
2024-04-08 16:43:07,hqtrivia
2024-04-08 16:43:07,oscillatorinc
2024-04-08 16:43:07,KintoXYZ
2024-04-08 16:43:07,RASmith481
2024-04-08 16:43:07,mevcollector
2024-04-08 16:43:07,ethena_labs
2024-04-08 16:43:07,SaharaLabsAI
2024-04-08 16:43:07,4iLPUlppKf
2024-04-08 16:43:07,orden_gg
2024-04-08 16:43:07,perl_xyz
2024-04-08 16:43:07,BenGiove
2024-04-08 16:43:07,OscarHealth
2024-04-08 16:43:07,coinbase
2024-04-08 16:43:07,primodiumgame
2024-04-08 16:43:07,WASD_0x
2024-04-08 16:43:07,VxI7pjWcct
2024-04-08 16:43:07,MHreWu6AV9
2024-04-08 16:43:07,ourzora
2024-04-08 16:43:07,Chiro8x
2024-04-08 16:43:07,brad_or_bradley
2024-04-08 16:43:07,hola_gus
2024-04-08 16:43:07,shizzyaizawa
2024-04-08 16:43:07,curiousgurnoor
2024-04-08 16:43:07,0Lnetwork
2024-04-08 16:43:07,inflection
2024-04-08 16:43:07,fireeyesgov
2024-04-08 16:43:07,willums_
2024-04-08 16:43:07,MIT
2024-04-08 16:43:07,ForbesUnder30
2024-04-08 16:43:07,pollenround
2024-04-08 16:43:07,USCViterbi
2024-04-08 16:43:07,movementlabsxyz
2024-04-08 16:43:07,Delphi_Digital
2024-04-08 16:43:07,Snapchat
2024-04-08 16:43:07,pfpeoplestudio
2024-04-08 16:43:07,startupoppa
2024-04-08 16:43:07,daofive
2024-04-08 16:43:07,YXufKNV2yc
2024-04-08 16:43:07,Rafi_0x
2024-04-08 16:43:07,Tagomi
2024-04-08 16:43:07,degentokenbase
2024-04-08 16:43:07,partyround
2024-04-08 16:43:07,DylanAbruscato
2024-04-08 16:43:07,sentient_agi
2024-04-08 16:43:07,Stepnofficial
2024-04-08 16:43:07,rsarrow
2024-04-08 16:43:07,placeholdervc
2024-04-08 16:43:07,darkforest_eth
2024-04-08 16:43:07,paraficapital
2024-04-08 16:43:07,DAR_crypto
2024-04-08 16:43:07,snap
2024-04-08 16:43:07,primitives_xyz
2024-04-08 16:43:07,ritualnet
2024-04-08 16:43:07,monad_xyz
2024-04-08 16:43:07,eulerfinance
2024-04-08 16:43:07,skystrifehq
2024-04-08 16:43:07,banklesshq
2024-04-08 16:43:07,FoxBusiness
2024-04-08 16:43:07,Stanford
2024-04-08 16:43:07,tiktok_us
2024-04-08 16:43:07,voltcapital
2024-04-08 16:43:07,devloper_xyz
2024-04-08 16:43:07,sofamon_xyz
2024-04-08 16:43:07,pumpdotfun
2024-04-08 16:43:07,compoundvc
2024-04-08 16:43:07,paradigm
2024-04-08 16:43:07,awkweb
2024-04-08 16:43:07,E89v7JQls0
2024-04-08 16:43:07,EleanorTerrett
2024-04-08 16:43:07,xiangrenNLP
2024-04-08 16:43:07,matthuang
2024-04-08 16:43:07,calblockchain
2024-04-08 16:43:07,berachain
2024-04-08 16:43:07,fernhq_
2024-04-08 16:43:07,Coinbase
2024-04-08 16:43:07,usv
2024-04-08 16:43:07,tarochigame
2024-04-08 16:43:07,uoft
2024-04-08 16:43:07,wildcatfi
2024-04-08 16:43:07,avara
2024-04-08 16:43:07,stackdotso
2024-04-08 12:20:11,sentient_agi
2024-04-08 12:20:11,l2beat
2024-04-08 12:20:11,KintoXYZ
2024-04-08 12:20:11,MHreWu6AV9
2024-04-08 12:20:11,0xsmac
2024-04-08 12:20:11,eulerfinance
2024-04-08 12:20:11,jacek
2024-04-08 12:20:11,visavishesh
2024-04-08 12:20:11,DAR_crypto
2024-04-08 12:20:11,movingcastles_
2024-04-08 12:20:11,RASmith481
2024-04-08 12:20:11,wildcatfi
2024-04-08 12:20:11,MakerDAO
2024-04-08 12:20:11,functi0nZer0
2024-04-08 12:20:11,Tagomi
2024-04-08 12:20:11,awkweb
2024-04-08 12:20:11,compoundvc
2024-04-08 12:20:11,Pa2xZffGFo
2024-04-08 12:20:11,OreSupply
2024-04-08 12:20:11,inflection
2024-04-08 12:20:11,mevcollector
2024-04-08 12:20:11,alexdeclino
2024-04-08 12:20:11,wevm_dev
2024-04-08 12:20:11,paradigm
2024-04-08 12:20:11,law_leeds
2024-04-08 12:20:11,OscarHealth
2024-04-08 12:20:11,Coinbase
2024-04-08 12:20:11,E89v7JQls0
2024-04-17 13:49:44,hiframework
2024-04-17 13:49:44,blueyard
2024-04-17 13:49:44,mevcollector
2024-04-17 13:49:44,friendtech
2024-04-17 13:49:44,MoneroMahesh
2024-04-17 13:49:44,rsarrow
2024-04-17 13:49:44,sentient_agi
2024-04-17 13:49:44,jelenaaa____
2024-04-17 13:49:44,0vmBXJWgx5
2024-04-17 13:49:44,primitives_xyz
2024-04-17 13:49:44,polychain
2024-04-17 13:49:44,compoundvc
2024-04-17 13:49:44,FrontierDotTech
2024-04-17 13:49:44,orden_gg
2024-04-17 13:49:44,AlfredTrades
2024-04-17 13:49:44,Stepnofficial
2024-04-17 13:49:44,NorthislandVC
2024-04-17 13:49:44,inflection
2024-04-17 13:49:44,0xmattness
2024-04-17 13:49:44,gvn908
2024-04-17 13:49:44,dfinity
2024-04-17 13:49:44,web3canada
2024-04-17 13:49:44,Tagomi
2024-04-17 13:49:44,movementlabsxyz
2024-04-17 13:49:44,functi0nZer0
2024-04-17 13:49:44,GnqSDkEWla
2024-04-17 13:49:44,EleanorTerrett
2024-04-17 13:49:44,search?q=%24DEGEN&src=cashtag_click
2024-04-17 13:49:44,thegostep
2024-04-17 13:49:44,vqCL2J4gaj
2024-04-17 13:49:44,wildcatfi
2024-04-17 13:49:44,pacmoon_
2024-04-17 13:49:44,E89v7JQls0
2024-04-17 13:49:44,multicoincap
2024-04-17 13:49:44,drydenwtbrown
2024-04-17 13:49:44,shmkdbr
2024-04-17 13:49:44,_julianma
2024-04-17 13:49:44,USC
2024-04-17 13:49:44,rohan__sanjay
2024-04-17 13:49:44,jacek
2024-04-17 13:49:44,BenGiove
2024-04-17 13:49:44,Coinbase
2024-04-17 13:49:44,awkweb
2024-04-17 13:49:44,RASmith481
2024-04-17 13:49:44,DefinitiveFi
2024-04-17 13:49:44,100Thieves
2024-04-17 13:49:44,0xHutch
2024-04-17 13:49:44,Pa2xZffGFo
2024-04-17 13:49:44,zachxbt
2024-04-17 13:49:44,Dither_Solana
2024-04-17 13:49:44,3WSxnJRymf
2024-04-17 13:49:44,accomplices
2024-04-17 13:49:44,0xsmac
2024-04-17 13:49:44,skystrifeHQ
2024-04-17 13:49:44,monad_xyz
2024-04-17 13:49:44,visavishesh
2024-04-17 13:49:44,solana
2024-04-17 13:49:44,MakerDAO
2024-04-17 13:49:44,sofamon_xyz
2024-04-17 13:49:44,eigenlayer
2024-04-17 13:49:44,qdYjO48dsn
2024-04-17 13:49:44,eulerfinance
2024-04-17 13:49:44,0xInfinityChain
2024-04-17 13:49:44,skystrifehq
2024-04-17 13:49:44,echodotxyz
2024-04-17 13:49:44,paradigm
2024-04-17 13:49:44,Delphi_Digital
2024-04-17 13:49:44,VxI7pjWcct
2024-04-17 13:49:44,informalinc
2024-04-17 13:49:44,pumpdotfun
2024-04-17 13:49:44,pqXiWnOYTZ
2024-04-17 13:49:44,OreSupply
2024-04-17 13:49:44,FoxBusiness
2024-04-17 13:49:44,wevm_dev
2024-04-17 13:49:44,ethosstake
2024-04-17 13:49:44,noble_xyz
2024-04-17 13:49:44,voltcapital
2024-04-17 13:49:44,ev3ventures
2024-04-17 13:49:44,tarochigame
2024-04-17 13:49:44,movingcastles_
2024-04-17 13:49:44,dgabeau
2024-04-17 13:49:44,celoorg
2024-04-17 13:49:44,ModulusLabs
2024-04-17 13:49:44,awpcn0tWl0
2024-04-17 13:49:44,WASD_0x
2024-04-17 13:49:44,OscarHealth
2024-04-17 13:49:44,banklesshq
2024-04-17 13:49:44,XJgIBYFQFy
2024-04-17 13:49:44,usv
2024-04-17 13:49:44,cosmos
2024-04-17 13:49:44,praxisnation
2024-04-17 13:49:44,devloper_xyz
2024-04-17 13:49:44,o1_labs
2024-04-17 13:49:44,coopsmoves
2024-04-17 13:49:44,fireeyesgov
2024-04-17 13:49:44,JMU
2024-04-17 13:49:44,alexdeclino
2024-04-17 13:49:44,geenty
2024-04-17 13:49:44,DAR_crypto
2024-04-17 13:49:44,primodiumgame
2024-04-17 13:49:44,lowercase
2024-04-17 13:49:44,snap
2024-04-17 13:49:44,UMG
2024-04-17 13:49:44,PwgYCwfWIx
2024-04-17 13:49:44,minaprotocol
2024-04-17 13:49:44,jai_prasad17
2024-04-17 13:49:44,ethereum
2024-04-17 13:49:44,MHreWu6AV9
2024-04-17 13:49:44,zaoyang
2024-04-17 13:49:44,Paradigm
2024-04-17 13:49:44,law_leeds
2024-04-17 13:49:44,search?q=%24DITH&src=cashtag_click
2024-04-17 13:49:44,darkforest_eth
2024-04-17 13:49:44,jacksondahl
2024-04-17 13:49:44,degentokenbase
2024-04-17 13:49:44,rajivpoc
2024-04-17 13:49:44,KintoXYZ
2024-04-17 13:49:44,l2beat
2024-04-17 13:49:44,5I8qHw5GNN
2024-04-17 13:49:44,SpencerApplebau
2024-05-03 17:04:11,frenpetonbase
2024-05-03 17:04:11,Hack_VC
2024-05-03 17:04:11,Phantom
2024-05-03 17:04:11,hero_glyphs
2024-05-03 17:04:11,BHDigitalAssets
2024-05-03 17:04:11,ParadigmEng420
2024-05-03 17:04:11,fractalclearing
2024-05-03 17:04:11,bobby_beniers
2024-05-03 17:04:11,andygmove
2024-05-03 17:04:11,ParallelFi
2024-05-03 17:04:11,SemanticLayer
2024-05-03 17:04:11,0xproject
2024-05-03 17:04:11,lavanetxyz
2024-05-03 17:04:11,BullpenFi
2024-05-03 17:04:11,dkhB6oWZ08
2024-05-03 17:04:11,armorlabs
2024-05-03 17:04:11,pton_blockchain
2024-05-03 17:04:11,Galaxyhq
2024-05-03 17:04:11,simonr0204
2024-05-03 17:04:11,Goldmansachs
2024-05-03 17:04:11,EthSeb
2024-05-03 17:04:11,viswanathpramod
2024-05-03 17:04:11,deW8VVdiQh
2024-05-03 17:04:11,a16z
2024-05-03 17:04:11,EdgeAGI
2024-05-03 17:04:11,carrawu
2024-05-03 17:04:11,sophon
2024-05-03 17:04:11,jXOXVVHvvL
2024-05-03 17:04:11,hololens
2024-05-03 17:04:11,UniofOxford
2024-05-03 17:04:11,CarlZielinski
2024-05-03 17:04:11,Princeton
2024-05-03 17:04:11,Google
2024-05-03 17:04:11,apple
2024-05-03 17:04:11,conduitxyz
2024-05-03 17:04:11,dievardump
2024-05-03 17:04:11,buildabera
2024-05-03 17:04:11,yAcademyDAO
2024-05-03 17:04:11,Microsoft
2024-05-03 17:04:11,7YFd4TOqgl
2024-05-03 17:04:11,GalaxyHQ
2024-05-03 17:04:11,anonplatform
2024-05-03 17:04:11,creditguild
2024-05-03 17:04:11,ucyLn1GNdt
2024-05-03 17:04:11,jumptrading
2024-05-03 17:04:11,harvard
2024-05-03 17:04:11,Yw1u4aCyAk
2024-05-03 17:04:11,Blast_L2
2024-05-03 17:04:11,OneTrueKirk
2024-05-03 17:04:11,thattallguy
2024-05-03 17:04:11,intuitio_
2024-05-03 17:04:11,blocktower
2024-05-03 17:04:11,yYFic4rcLE
2024-05-03 17:04:11,intentessential
2024-05-03 17:04:11,inconetwork
2024-05-03 17:04:11,berachain
2024-05-03 17:04:11,getmoni_io
2024-05-03 17:04:11,Dragonfly_xyz
2024-05-03 17:04:11,Goldskyio
2024-05-03 17:04:11,awettermann
2024-05-03 17:04:11,comfycapital_
2024-05-03 17:04:11,xTf6FOojG2
2024-05-03 17:04:11,DrewVdW
2024-05-03 17:04:11,immutable
2024-05-03 17:04:11,aflock
2024-05-03 17:04:11,AElkrief
2024-05-03 17:04:11,seedclubhq
2024-05-03 17:04:11,LSQFYxLeEK
2024-05-03 17:04:11,j0hnwang
2024-05-03 17:04:11,fantasy_top_
2024-05-03 17:04:11,shimacapital
2024-05-03 17:04:11,eraqian
2024-05-03 17:04:11,remi_gai
2024-05-03 17:04:11,FHEOnchain
2024-05-03 17:04:11,winnielaux_
2024-05-03 17:04:11,twosigma
2024-05-03 17:04:11,springlabs
2024-05-03 17:04:11,alpackaP
2024-05-03 17:04:11,see3xyz
2024-05-03 17:04:11,DPUEs8v00e
2024-05-03 17:04:11,mgiampapa1
2024-05-03 17:04:11,SmokeyTheBera
2024-05-03 17:04:11,southpkcommons
2024-05-03 17:04:11,surfcoderepeat
2024-05-03 17:04:11,AngelList
2024-05-03 17:04:11,yAYBHPQ070
2024-05-03 17:04:11,perma_net
2024-05-03 17:04:11,exolabs_
2024-05-03 17:04:11,BainCapVC
2024-05-03 17:04:11,SocketProtocol
2024-05-03 17:04:11,HuobiGlobal
2024-05-03 17:04:11,EthereanVibin
2024-05-03 17:04:11,Evan_ss6
2024-05-03 17:04:11,dgmason
2024-05-03 17:04:11,JacobKerr17
2024-05-03 17:04:11,ucberkeley
2024-05-03 17:04:11,Eito_Miyamura
2024-05-03 17:04:11,KioskSocial
2024-05-03 17:04:11,Gatling_X
2024-05-03 17:04:11,base
2024-05-03 17:04:11,AnytypeLabs
2024-05-08 17:14:12,ChatNPCai
2024-05-08 17:14:12,Cryptoyieldinfo
2024-05-08 17:14:12,TokenVC_
2024-05-08 17:14:12,uBwMBFK1tl
2024-05-08 17:14:12,IowaStateU
2024-05-08 17:14:12,Kusamanetwork
2024-05-08 17:14:12,h8bVApz5SA
2024-05-08 17:14:12,D1lhTUWNCI
2024-05-08 17:14:12,federatedhermes
2024-05-08 17:14:12,JweQt1UhRn
2024-05-08 17:14:12,UniOfOxford
2024-05-08 17:14:12,Q5gmAT67WG
2024-05-08 17:14:12,noah_pravecek
2024-05-08 17:14:12,Fiskantes
2024-05-08 17:14:12,0xBalloonLover
2024-05-08 17:14:12,0xdef1
2024-05-08 17:14:12,cdixon
2024-05-08 17:14:12,rphmeier
2024-05-08 17:14:12,0xNairolf
2024-05-08 17:14:12,DevmonsGG
2024-05-08 17:14:12,ZeePrimeCap
2024-05-08 17:14:12,Spectral_Labs
2024-05-08 17:14:12,Polkadot
2024-05-08 17:14:12,Param_eth
2024-05-08 17:14:12,mattigags
2024-05-08 17:14:12,uhr3al
2024-05-08 17:14:12,antiprosynth
2024-05-08 17:14:12,basecampwtf
2024-05-08 17:14:12,brendanpmalone
2024-05-08 17:14:12,dcfgod
2024-05-08 17:14:12,a16zcrypto
2024-05-08 17:14:12,0XAO82fbw6
2024-05-08 17:14:12,ucyLn1GfnV
2024-05-08 17:14:12,Oppenheimer
2024-05-08 17:14:12,ac_crypto
2024-05-08 17:14:12,search?q=%24ETH&src=cashtag_click
2024-05-08 17:14:12,ljin18
2024-05-08 17:14:12,VariantFund
2024-05-08 17:14:12,Sigil_Fund
2024-05-08 17:14:12,nodekitorg
2024-05-08 17:14:12,zeeprimecap
2024-05-10 16:14:38,realDanielShorr
2024-05-10 16:14:38,coindesk
2024-05-10 16:14:38,crypto_council
2024-05-10 16:14:38,sheila_warren
2024-05-10 16:14:38,equaljustice
2024-05-10 16:14:38,odi_global
2024-05-10 16:14:38,fund_defi
2024-05-15 13:45:09,H80SNDDu4f
2024-05-15 13:45:09,glitchmarfa
2024-05-15 13:45:09,mKKWweJMK4
2024-05-15 13:45:09,NamikMuduroglu
2024-05-15 13:45:09,garrigabrel
2024-05-15 13:45:09,hypersphere_
2024-05-15 13:45:09,megaeth_labs
2024-05-15 13:45:09,UMELOqYO3g
2024-05-15 13:45:09,memphis_mantis
2024-05-15 13:45:09,TheRoaringKitty
2024-05-15 13:45:09,PondGNN
2024-05-15 13:45:09,W1wOJSbJsB
2024-05-15 13:45:09,exliquidity
2024-05-15 13:45:09,consensys
2024-05-15 13:45:09,cedosalah
2024-05-15 13:45:09,nani__ooo
2024-05-15 13:45:09,cryptoaioli
2024-05-15 13:45:09,gMfFpPIfbo
2024-05-20 19:55:19,4KpBe6N0Zi
2024-05-20 19:55:19,alpenlabs
2024-05-20 19:55:19,0xQTpie
2024-05-20 19:55:19,anoma
2024-05-20 19:55:19,aRsG9rvA2r
2024-05-20 19:55:19,ThinksDylan
2024-05-20 19:55:19,robmwilliams_
2024-05-20 19:55:19,cwgoes
2024-05-20 19:55:19,blockchaincap
2024-05-20 19:55:19,YOLO_Blast
2024-05-20 19:55:19,rdatadao
2024-05-20 19:55:19,TalentProtocol
2024-05-20 19:55:19,hiFramework
2024-05-20 19:55:19,filmacedo
2024-05-20 19:55:19,k8ehazel
2024-05-20 19:55:19,messaricrypto
2024-05-20 19:55:19,AlloraNetwork
2024-05-20 19:55:19,NorthIslandVC
2024-05-20 19:55:19,ritualnet
2024-05-20 19:55:19,blast_l2
2024-05-20 19:55:19,huangspenser
2024-05-20 19:55:19,simanta_gautam
2024-05-20 19:55:19,nu_blockchain
2024-05-20 19:55:19,AdXUVjS3iF
2024-05-20 19:55:19,coinlist
