2024-04-05 20:43:17,merkly_com
2024-04-05 20:43:17,MessariCrypto
2024-04-05 20:43:17,boldleonidas
2024-04-05 20:43:17,tatsumeeko
2024-04-05 20:43:17,UMAprotocol
2024-04-05 20:43:17,cantinaxyz
2024-04-05 20:43:17,thunderterminal
2024-04-05 20:43:17,hiBazaar
2024-04-05 20:43:17,lidofinance
2024-04-05 20:43:17,Banks
2024-04-05 20:43:17,Safaryclub
2024-04-05 20:43:17,blast_l2
2024-04-05 20:43:17,marginsmall
2024-04-05 20:43:17,blocmatesdotcom
2024-04-05 20:43:17,BaselineMarkets
2024-04-05 20:43:17,0xjaypeg
2024-04-05 20:43:17,partyhatDAO
2024-04-05 20:43:17,armaniferrante
2024-04-05 20:43:17,code4rena
2024-04-05 20:43:17,thecoreloop
2024-04-05 20:43:17,GarrettZ
2024-04-05 20:43:17,sizematters9999
2024-04-05 20:43:17,mon_rovia_boy
2024-04-05 20:43:17,uchicago
2024-04-05 20:43:17,probablynothing
2024-04-05 20:43:17,acryptosdao
2024-04-05 20:43:17,AcrossProtocol
2024-04-05 20:43:17,durdenwannabe
2024-04-05 20:43:17,sozuhaus
2024-04-05 20:43:17,ccc_nft
2024-04-05 20:43:17,Blast_L2
2024-04-05 20:43:17,PaulRBerg
2024-04-05 20:43:17,ZeMirch
2024-04-05 20:43:17,0xBalloonLover
2024-04-05 20:43:17,0xlaiyuen
2024-04-05 20:43:17,erla221942
2024-04-05 20:43:17,pleasrdao
2024-04-05 20:43:17,creditguild
2024-04-05 20:43:17,arbitrum
2024-04-05 20:43:17,kmoney_69
2024-04-05 20:43:17,Sablier
2024-04-05 20:43:17,MadLads
2024-04-05 20:43:17,OneTrueKirk
2024-04-05 20:43:17,fazeclan
2024-04-05 20:43:17,0xQuinnn
2024-04-05 20:43:17,dcdao_
2024-04-05 20:43:17,UMAGovernance
2024-04-05 20:43:17,PVn72KB92k
2024-04-05 20:43:17,GdGbaa0D2n
2024-04-05 20:43:17,0xVoy
2024-04-05 20:43:17,mcM3zt4mtM
2024-04-05 20:43:17,apg_capital
2024-04-05 20:43:17,twitter
2024-04-05 20:43:17,GetApolloID
2024-04-05 20:43:17,DCsYruurPz
2024-04-05 20:43:17,InitIntern
2024-04-05 20:43:17,_0xbe1
2024-04-05 20:43:17,magnetmoneyshow
2024-04-05 20:43:17,Backpack
2024-04-05 20:43:17,0xENAS
2024-04-05 20:43:17,D6Fs0yprr1
2024-04-05 20:43:17,ClipFinance
2024-04-05 20:43:17,Lifinity_io
2024-04-05 20:43:17,kollectiv_io
2024-04-05 20:43:17,2A0YalYjLD
2024-04-05 20:43:17,eoA0hipYHc
2024-04-05 20:43:17,anchorlang
2024-04-05 20:43:17,sinahab
2024-04-05 20:43:17,llamaonthebrink
2024-04-05 20:43:17,cryptoaioli
2024-04-05 20:43:17,google
2024-04-05 20:43:17,alchemixfi
2024-04-05 20:43:17,uupg_capital
2024-04-05 20:43:17,lakejynch
2024-04-05 20:43:17,x7YKL0BRa5
2024-04-05 20:43:17,semperveritas0
2024-04-05 20:43:17,Dynamo_Patrick
2024-04-05 20:43:17,exliquidity
2024-04-05 20:43:17,fisher8cap
2024-04-05 20:43:17,amazon
2024-04-05 20:43:17,loch_chain
2024-04-05 20:43:17,eigenlayer
2024-04-05 20:43:17,joingraviton
2024-04-05 20:43:17,thebostondao
2024-04-05 20:43:17,dCCkPtrcwA
2024-04-05 20:43:17,afk0b
2024-04-05 20:43:17,seinetwork
2024-04-05 20:43:17,synthetix_io
2024-04-05 20:43:17,thetechn0cratic
2024-04-05 20:43:17,echodotxyz
2024-04-05 20:43:17,Justin_Stables
2024-04-05 20:43:17,yesmoney420
2024-04-05 20:43:17,wolvesdao
2024-04-05 20:43:17,noonxbt
2024-04-05 20:43:17,OracleHershiser
2024-04-05 20:43:17,deW8VVdiQh
2024-04-05 20:43:17,multicoincap
2024-04-05 20:43:17,L1D_xyz
2024-04-05 20:43:17,JohnWRichKid
2024-04-05 20:43:17,spearbitdao
2024-04-05 20:43:17,hadronfc
2024-04-05 20:43:17,interndao
2024-04-05 20:43:17,Blast_l2
2024-04-05 20:43:17,initiafdn
2024-04-05 20:43:17,DynamoDAO
2024-04-05 20:43:17,rNxIkGcTqR
2024-04-05 20:43:17,ThalaLabs
2024-04-05 20:43:17,dcv_capital
2024-04-05 20:43:17,O9LbweDOxm
2024-04-05 20:43:17,shayonsengupta
2024-04-05 20:43:17,chainyoda
2024-04-05 20:43:17,AgentChud
2024-04-05 20:43:17,delucinator
2024-04-05 20:43:17,nftperp
2024-04-05 20:43:17,0xZergs
2024-04-05 20:43:17,0x_Abdul
2024-04-05 20:43:17,metastreetxyz
2024-04-05 20:43:17,monad_xyz
2024-04-05 20:43:17,iandaog
2024-04-05 20:43:17,CC2Ventures
2024-04-05 20:43:17,0xTindorr
2024-04-05 20:43:17,wendys
2024-04-05 20:43:17,0xMantle
2024-04-05 20:43:17,ThrusterFi
2024-04-08 15:46:59,armaniferrante
2024-04-08 15:46:59,anchorlang
2024-04-08 15:46:59,shayonsengupta
2024-04-08 15:46:59,ThrusterFi
2024-04-08 15:46:59,synthetix_io
2024-04-08 15:46:59,magnetmoneyshow
2024-04-08 15:46:59,dCCkPtrcwA
2024-04-08 15:46:59,sizematters9999
2024-04-08 15:46:59,code4rena
2024-04-08 15:46:59,spearbitdao
2024-04-08 15:46:59,PVn72KB92k
2024-04-08 15:46:59,AgentChud
2024-04-08 15:46:59,marginsmall
2024-04-08 15:46:59,0xTindorr
2024-04-08 15:46:59,creditguild
2024-04-08 15:46:59,acryptosdao
2024-04-08 15:46:59,UMAprotocol
2024-04-08 15:46:59,ThorHartvigsen
2024-04-08 15:46:59,ThalaLabs
2024-04-08 15:46:59,OneTrueKirk
2024-04-08 15:46:59,Backpack
2024-04-08 15:46:59,blast_l2
2024-04-08 15:46:59,rNxIkGcTqR
2024-04-08 15:46:59,apg_capital
2024-04-08 15:46:59,OracleHershiser
2024-04-08 15:46:59,metastreetxyz
2024-04-08 15:46:59,thecoreloop
2024-04-08 15:46:59,Justin_Stables
2024-04-08 15:46:59,wendys
2024-04-08 15:46:59,loch_chain
2024-04-08 15:46:59,NewsyJohnson
2024-04-08 15:46:59,odysseas_eth
2024-04-08 15:46:59,echodotxyz
2024-04-08 15:46:59,wolvesdao
2024-04-08 15:46:59,boldleonidas
2024-04-08 15:46:59,JohnWRichKid
2024-04-08 15:46:59,tatsumeeko
2024-04-08 15:46:59,llamaonthebrink
2024-04-08 15:46:59,D6Fs0yprr1
2024-04-08 15:46:59,0xBalloonLover
2024-04-08 15:46:59,yesmoney420
2024-04-08 15:46:59,0xVoy
2024-04-08 15:46:59,GetApolloID
2024-04-08 15:46:59,kollectiv_io
2024-04-08 15:46:59,mcM3zt4mtM
2024-04-08 15:46:59,hadronfc
2024-04-08 15:46:59,GdGbaa0D2n
2024-04-08 15:46:59,Blast_l2
2024-04-08 15:46:59,thunderterminal
2024-04-08 15:46:59,fisher8cap
2024-04-08 15:46:59,sinahab
2024-04-08 15:46:59,2A0YalYjLD
2024-04-08 15:46:59,fazeclan
2024-04-08 15:46:59,InitIntern
2024-04-08 15:46:59,merkly_com
2024-04-08 15:46:59,phylaxsystems
2024-04-08 15:46:59,uupg_capital
2024-04-08 15:46:59,eoA0hipYHc
2024-04-08 15:46:59,seinetwork
2024-04-08 15:46:59,MadLads
2024-04-08 15:46:59,deW8VVdiQh
2024-04-08 15:46:59,0x_Abdul
2024-04-08 15:46:59,Lifinity_io
2024-04-08 15:46:59,Banks
2024-04-08 15:46:59,chainyoda
2024-04-08 15:46:59,ZeMirch
2024-04-08 15:46:59,thebostondao
2024-04-08 15:46:59,ccc_nft
2024-04-08 15:46:59,semperveritas0
2024-04-08 15:46:59,AcrossProtocol
2024-04-08 15:46:59,DCsYruurPz
2024-04-08 15:46:59,hiBazaar
2024-04-08 15:46:59,dcdao_
2024-04-08 15:46:59,ClipFinance
2024-04-08 15:46:59,monad_xyz
2024-04-08 15:46:59,PaulRBerg
2024-04-08 15:46:59,kmoney_69
2024-04-08 15:46:59,CC2Ventures
2024-04-08 15:46:59,probablynothing
2024-04-08 15:46:59,erla221942
2024-04-08 15:46:59,multicoincap
2024-04-08 15:46:59,pleasrdao
2024-04-08 15:46:59,lakejynch
2024-04-08 15:46:59,UMAGovernance
2024-04-08 15:46:59,Inga_no
2024-04-08 15:46:59,joingraviton
2024-04-08 15:46:59,_0xbe1
2024-04-08 15:46:59,interndao
2024-04-08 15:46:59,zillowgonewild
2024-04-08 15:46:59,noonxbt
2024-04-08 15:46:59,iandaog
2024-04-08 15:46:59,durdenwannabe
2024-04-08 15:46:59,0xZergs
2024-04-08 15:46:59,DynamoDAO
2024-04-08 15:46:59,oMFnQpLuHY
2024-04-08 15:46:59,google
2024-04-08 15:46:59,0xjaypeg
2024-04-08 15:46:59,HeartcoreCap
2024-04-08 15:46:59,initiafdn
2024-04-08 15:46:59,cantinaxyz
2024-04-08 15:46:59,Dynamo_Patrick
2024-04-08 15:46:59,mon_rovia_boy
2024-04-08 15:46:59,Safaryclub
2024-04-08 15:46:59,Sablier
2024-04-08 15:46:59,BaselineMarkets
2024-04-08 15:46:59,uchicago
2024-04-08 15:46:59,MessariCrypto
2024-04-08 15:46:59,L1D_xyz
2024-04-08 15:46:59,amazon
2024-04-08 15:46:59,0xlaiyuen
2024-04-08 15:46:59,O9LbweDOxm
2024-04-08 15:46:59,lidofinance
2024-04-08 15:46:59,twitter
2024-04-17 12:55:28,odysseas_eth
2024-04-17 12:55:28,L1D_xyz
2024-04-17 12:55:28,HeartcoreCap
2024-04-17 12:55:28,llamaonthebrink
2024-04-17 12:55:28,zillowgonewild
2024-04-17 12:55:28,MadLads
2024-04-17 12:55:28,AgentChud
2024-04-17 12:55:28,joingraviton
2024-04-17 12:55:28,GdGbaa0D2n
2024-04-17 12:55:28,vjXmVi7IOu
2024-04-17 12:55:28,0xZergs
2024-04-17 12:55:28,NewsyJohnson
2024-04-17 12:55:28,UMAprotocol
2024-04-17 12:55:28,BaselineMarkets
2024-04-17 12:55:28,Backpack
2024-04-17 12:55:28,dCCkPtrcwA
2024-04-17 12:55:28,kmoney_69
2024-04-17 12:55:28,InitIntern
2024-04-17 12:55:28,Inga_no
2024-04-17 12:55:28,magnetmoneyshow
2024-04-17 12:55:28,interndao
2024-04-17 12:55:28,creditguild
2024-04-17 12:55:28,initiafdn
2024-04-17 12:55:28,PVn72KB92k
2024-04-17 12:55:28,acryptosdao
2024-04-17 12:55:28,synthetix_io
2024-04-17 12:55:28,D6Fs0yprr1
2024-04-17 12:55:28,deW8VVdiQh
2024-04-17 12:55:28,eoA0hipYHc
2024-04-17 12:55:28,ZeMirch
2024-04-17 12:55:28,AcrossProtocol
2024-04-17 12:55:28,metastreetxyz
2024-04-17 12:55:28,yesmoney420
2024-04-17 12:55:28,durdenwannabe
2024-04-17 12:55:28,Lifinity_io
2024-04-17 12:55:28,0xBalloonLover
2024-04-17 12:55:28,sinahab
2024-04-17 12:55:28,anchorlang
2024-04-17 12:55:28,hiBazaar
2024-04-17 12:55:28,0x_Abdul
2024-04-17 12:55:28,noonxbt
2024-04-17 12:55:28,sandglass_so
2024-04-17 12:55:28,_0xbe1
2024-04-17 12:55:28,mcM3zt4mtM
2024-04-17 12:55:28,monad_xyz
2024-04-17 12:55:28,MessariCrypto
2024-04-17 12:55:28,code4rena
2024-04-17 12:55:28,google
2024-04-17 12:55:28,spearbitdao
2024-04-17 12:55:28,hadronfc
2024-04-17 12:55:28,rNxIkGcTqR
2024-04-17 12:55:28,OneTrueKirk
2024-04-17 12:55:28,ThalaLabs
2024-04-17 12:55:28,mon_rovia_boy
2024-04-17 12:55:28,echodotxyz
2024-04-17 12:55:28,jtriley_eth
2024-04-17 12:55:28,UR4AAqAO25
2024-04-17 12:55:28,Blast_l2
2024-04-17 12:55:28,0xTindorr
2024-04-17 12:55:28,0xVoy
2024-04-17 12:55:28,ThorHartvigsen
2024-04-17 12:55:28,phylaxsystems
2024-04-17 12:55:28,O9LbweDOxm
2024-04-17 12:55:28,lakejynch
2024-04-17 12:55:28,kollectiv_io
2024-04-17 12:55:28,fisher8cap
2024-04-17 12:55:28,pleasrdao
2024-04-17 12:55:28,AIWayfinder
2024-04-17 12:55:28,cantinaxyz
2024-04-17 12:55:28,amazon
2024-04-17 12:55:28,twitter
2024-04-17 12:55:28,chainyoda
2024-04-17 12:55:28,thebostondao
2024-04-17 12:55:28,OracleHershiser
2024-04-17 12:55:28,ccc_nft
2024-04-17 12:55:28,armaniferrante
2024-04-17 12:55:28,sizematters9999
2024-04-17 12:55:28,0xjaypeg
2024-04-17 12:55:28,seinetwork
2024-04-17 12:55:28,ThrusterFi
2024-04-17 12:55:28,GetApolloID
2024-04-17 12:55:28,0xlaiyuen
2024-04-17 12:55:28,blast_l2
2024-04-17 12:55:28,UMAGovernance
2024-05-03 16:22:49,dkhB6oWZ08
2024-05-03 16:22:49,initiafdn
2024-05-03 16:22:49,sizematters9999
2024-05-03 16:22:49,0xBalloonLover
2024-05-03 16:22:49,blocktower
2024-05-03 16:22:49,google
2024-05-03 16:22:49,0x_Abdul
2024-05-03 16:22:49,blast_l2
2024-05-03 16:22:49,UMAGovernance
2024-05-03 16:22:49,seinetwork
2024-05-03 16:22:49,acryptosdao
2024-05-03 16:22:49,GetApolloID
2024-05-03 16:22:49,tofushit888
2024-05-03 16:22:49,ampleforthorg
2024-05-03 16:22:49,sinahab
2024-05-03 16:22:49,interndao
2024-05-03 16:22:49,odysseas_eth
2024-05-03 16:22:49,X10_exchange
2024-05-03 16:22:49,ThorHartvigsen
2024-05-03 16:22:49,yesmoney420
2024-05-03 16:22:49,MuscaCapital
2024-05-03 16:22:49,poolside_party
2024-05-03 16:22:49,NewsyJohnson
2024-05-03 16:22:49,fisher8cap
2024-05-03 16:22:49,phylaxsystems
2024-05-03 16:22:49,GdGbaa0D2n
2024-05-03 16:22:49,roycoprotocol
2024-05-03 16:22:49,lakejynch
2024-05-03 16:22:49,AgentChud
2024-05-03 16:22:49,0xVoy
2024-05-03 16:22:49,ZeMirch
2024-05-03 16:22:49,metastreetxyz
2024-05-03 16:22:49,vjXmVi7IOu
2024-05-03 16:22:49,PVn72KB92k
2024-05-03 16:22:49,0xdyad
2024-05-03 16:22:49,Inga_no
2024-05-03 16:22:49,The0xJose
2024-05-03 16:22:49,Backpack
2024-05-03 16:22:49,0xlaiyuen
2024-05-03 16:22:49,cantinaxyz
2024-05-03 16:22:49,jtriley_eth
2024-05-03 16:22:49,synthetix_io
2024-05-03 16:22:49,creditguild
2024-05-03 16:22:49,armaniferrante
2024-05-03 16:22:49,mcM3zt4mtM
2024-05-03 16:22:49,HeartcoreCap
2024-05-03 16:22:49,anchorlang
2024-05-03 16:22:49,BaselineMarkets
2024-05-03 16:22:49,amazon
2024-05-03 16:22:49,mon_rovia_boy
2024-05-03 16:22:49,vertex_protocol
2024-05-03 16:22:49,DuneAnalytics
2024-05-03 16:22:49,LkQiSoGiMI
2024-05-03 16:22:49,DegenApeAcademy
2024-05-03 16:22:49,AcrossProtocol
2024-05-03 16:22:49,mingxmecca
2024-05-03 16:22:49,D6Fs0yprr1
2024-05-03 16:22:49,ccc_nft
2024-05-03 16:22:49,bernardchancl
2024-05-03 16:22:49,UMAprotocol
2024-05-03 16:22:49,YXaM1PpyC2
2024-05-03 16:22:49,nftperp
2024-05-03 16:22:49,MadLads
2024-05-03 16:22:49,deW8VVdiQh
2024-05-03 16:22:49,L1D_xyz
2024-05-03 16:22:49,DegenCorporate
2024-05-03 16:22:49,MessariCrypto
2024-05-03 16:22:49,spearbitdao
2024-05-03 16:22:49,eoA0hipYHc
2024-05-03 16:22:49,racecapital
2024-05-03 16:22:49,chainyoda
2024-05-03 16:22:49,AIWayfinder
2024-05-03 16:22:49,llamaonthebrink
2024-05-03 16:22:49,pleasrdao
2024-05-03 16:22:49,thebostondao
2024-05-03 16:22:49,buttondefi
2024-05-03 16:22:49,search?q=%24MOUTAI&src=cashtag_click
2024-05-03 16:22:49,sandglass_so
2024-05-03 16:22:49,eco
2024-05-03 16:22:49,hiBazaar
2024-05-03 16:22:49,monad_xyz
2024-05-03 16:22:49,songprotocol
2024-05-03 16:22:49,KasperLoock
2024-05-03 16:22:49,zillowgonewild
2024-05-03 16:22:49,ZetaMarkets
2024-05-03 16:22:49,InitIntern
2024-05-03 16:22:49,OracleHershiser
2024-05-03 16:22:49,0xZergs
2024-05-03 16:22:49,kmoney_69
2024-05-03 16:22:49,hadronfc
2024-05-03 16:22:49,UR4AAqAO25
2024-05-03 16:22:49,O9LbweDOxm
2024-05-03 16:22:49,OneTrueKirk
2024-05-03 16:22:49,joingraviton
2024-05-03 16:22:49,mrinconcruz
2024-05-03 16:22:49,_0xbe1
2024-05-03 16:22:49,hero_glyphs
2024-05-03 16:22:49,0xAnteater
2024-05-03 16:22:49,ThalaLabs
2024-05-03 16:22:49,Lifinity_io
2024-05-03 16:22:49,0xBoxer
2024-05-03 16:22:49,indexed_pod
2024-05-03 16:22:49,twitter
2024-05-03 16:22:49,durdenwannabe
2024-05-08 16:52:56,AzuroProtocol
2024-05-08 16:52:56,0xDamien
2024-05-08 16:52:56,newmancapitalvc
2024-05-08 16:52:56,anthonyxcheng
2024-05-10 15:56:45,tmlee
2024-05-10 15:56:45,purduecs
2024-05-10 15:56:45,coingecko
2024-05-15 13:27:23,RugRadio
2024-05-15 13:27:23,rivatez
2024-05-15 13:27:23,DecryptMedia
2024-05-15 13:27:23,farokh
2024-05-15 13:27:23,fomohour
2024-05-20 19:36:56,NHL_On_TNT
2024-05-20 19:36:56,spittinchiclets
2024-05-20 19:36:56,camblockchains
2024-05-20 19:36:56,outpxce
2024-05-20 19:36:56,BizNasty2point0
2024-05-20 19:36:56,stix_co
2024-05-20 19:36:56,pinkwhitney
2024-05-20 19:36:56,Cambridge_Uni
2024-05-20 19:36:56,BotKenchiku
2024-05-20 19:36:56,bigdealbrew
2024-05-20 19:36:56,Taran_ss
