2024-04-05 20:24:15,aztecnetwork
2024-04-05 20:24:15,TheJusticeDept
2024-04-05 20:24:15,newlimit
2024-04-05 20:24:15,DCbuild3r
2024-04-05 20:24:15,PrincetonCS
2024-04-05 20:24:15,hmalviya9
2024-04-05 20:24:15,MetricsDAO
2024-04-05 20:24:15,ParticleNtwrk
2024-04-05 20:24:15,slingshotcrypto
2024-04-05 20:24:15,josebetandcourt
2024-04-05 20:24:15,eliqiann
2024-04-05 20:24:15,katie_haun
2024-04-05 20:24:15,snoopy_mev
2024-04-05 20:24:15,SuccinctJT
2024-04-05 20:24:15,LetThemEatDA
2024-04-05 20:24:15,numbergroupxyz
2024-04-05 20:24:15,eiger_co
2024-04-05 20:24:15,a16z
2024-04-05 20:24:15,cremieuxrecueil
2024-04-05 20:24:15,worldcoinfnd
2024-04-05 20:24:15,robinhanson
2024-04-05 20:24:15,Stanford
2024-04-05 20:24:15,StanfordGSB
2024-04-05 20:24:15,based16z
2024-04-05 20:24:15,code4rena
2024-04-05 20:24:15,EspressoSys
2024-04-05 20:24:15,BinanceLabs
2024-04-05 20:24:15,_bfarmer
2024-04-05 20:24:15,iFs9C3J2Ek
2024-04-05 20:24:15,initc3org
2024-04-05 20:24:15,devloper_xyz
2024-04-05 20:24:15,equilibrium_co
2024-04-05 20:24:15,archwayHQ
2024-04-05 20:24:15,lazyvillager1
2024-04-05 20:24:15,Aella_Girl
2024-04-05 20:24:15,ethereumJoseph
2024-04-05 20:24:15,Paul_Burlage
2024-04-05 20:24:15,beaverbuild
2024-04-05 20:24:15,coinbase
2024-04-05 20:24:15,anagramxyz
2024-04-05 20:24:15,optimisticl2s
2024-04-05 20:24:15,researchhub
2024-04-05 20:24:15,arbitrum
2024-04-05 20:24:15,worldcoin
2024-04-05 20:24:15,UChicago
2024-04-05 20:24:15,hpZgEm5DBI
2024-04-05 20:24:15,0xfoobar
2024-04-05 20:24:15,hedera
2024-04-05 20:24:15,vivzhuu
2024-04-05 20:24:15,HaunVentures
2024-04-05 20:24:15,ConsensysMesh
2024-04-05 20:24:15,wharton
2024-04-05 20:24:15,0xPolygon
2024-04-05 20:24:15,rainbowdotme
2024-04-05 20:24:15,0xzak
2024-04-05 20:24:15,IAmNickDodson
2024-04-05 20:24:15,bloqinc
2024-04-05 20:24:15,tylercowen
2024-04-05 20:24:15,cornell_tech
2024-04-05 20:24:15,FreddieRaynolds
2024-04-05 20:24:15,Mega_Fund
2024-04-05 20:24:15,0x94305
2024-04-05 20:24:15,DominikHell6
2024-04-05 20:24:15,dex_chen_V
2024-04-05 20:24:15,NodeOps_App
2024-04-05 20:24:15,0xVirtualLabs
2024-04-05 20:24:15,TCPA30tQxO
2024-04-05 20:24:15,Yale
2024-04-05 20:24:15,fuel_network
2024-04-05 20:24:15,search?q=%24LUNA&src=cashtag_click
2024-04-05 20:24:15,joakimhi
2024-04-05 20:24:15,S1MaMdCwyK
2024-04-05 20:24:15,InitCapital_
2024-04-05 20:24:15,verilog_audit
2024-04-05 20:24:15,clustersxyz
2024-04-05 20:24:15,gather_town
2024-04-05 20:24:15,enshriningplebs
2024-04-05 20:24:15,a16zcrypto
2024-04-05 20:24:15,ethereum
2024-04-05 20:24:15,milesjennings
2024-04-05 20:24:15,hackjunction
2024-04-05 20:24:15,GearboxProtocol
2024-04-05 20:24:15,semanticlayer
2024-04-05 20:24:15,ESYudkowsky
2024-04-05 20:24:15,chainbound_
2024-04-05 20:24:15,Coinbase
2024-04-05 20:24:15,search?q=%24WAVES&src=cashtag_click
2024-04-05 20:24:15,delegatedotxyz
2024-04-05 20:24:15,7bU5cUdOBc
2024-04-05 20:24:15,HHs2dV2yN3
2024-04-05 20:24:15,multicoincap
2024-04-05 20:24:15,0xbowio
2024-04-05 20:24:15,dankrad
2024-04-05 20:24:15,Rjected
2024-04-05 20:24:15,USSupremeCourt
2024-04-05 20:24:15,ksrini_
2024-04-05 20:24:15,jgarzik
2024-04-05 20:24:15,pennblockchain
2024-04-05 20:24:15,aaltouniversity
2024-04-05 20:24:15,hackachain
2024-04-05 20:24:15,cooper_kunz
2024-04-05 20:24:15,lifiprotocol
2024-04-05 20:24:15,sgoldfed
2024-04-05 20:24:15,Delphi_Digital
2024-04-05 20:24:15,Consensys
2024-04-05 20:24:15,0xDestri
2024-04-05 20:24:15,OffchainLabs
2024-04-05 20:24:15,Lathamwatkins
2024-04-05 20:24:15,shayonsengupta
2024-04-05 20:24:15,paradigm
2024-04-05 20:24:15,ashekhirin
2024-04-05 20:24:15,ellierdavidson
2024-04-05 20:24:15,brian_armstrong
2024-04-05 20:24:15,0xjepsen
2024-04-05 20:24:15,ConsenSys
2024-04-05 20:24:15,5rmarwjQhT
2024-04-05 20:24:15,dyorcryptoapp
2024-04-05 20:24:15,SorellaLabs
2024-04-05 20:24:15,wordsforgot
2024-04-05 20:24:15,8hgA4nNS2A
2024-04-08 15:37:41,coinbase
2024-04-08 15:37:41,fuel_network
2024-04-08 15:37:41,Yale
2024-04-08 15:37:41,0xDestri
2024-04-08 15:37:41,dankrad
2024-04-08 15:37:41,Mega_Fund
2024-04-08 15:37:41,aaltouniversity
2024-04-08 15:37:41,numbergroupxyz
2024-04-08 15:37:41,slingshotcrypto
2024-04-08 15:37:41,code4rena
2024-04-08 15:37:41,joakimhi
2024-04-08 15:37:41,lazyvillager1
2024-04-08 15:37:41,5rmarwjQhT
2024-04-08 15:37:41,robinhanson
2024-04-08 15:37:41,vivzhuu
2024-04-08 15:37:41,reganbozman
2024-04-08 15:37:41,josebetandcourt
2024-04-08 15:37:41,MetricsDAO
2024-04-08 15:37:41,DominikHell6
2024-04-08 15:37:41,UChicago
2024-04-08 15:37:41,beaverbuild
2024-04-08 15:37:41,dyorcryptoapp
2024-04-08 15:37:41,InitCapital_
2024-04-08 15:37:41,cremieuxrecueil
2024-04-08 15:37:41,rainbowdotme
2024-04-08 15:37:41,FrankieIsLost
2024-04-08 15:37:41,ConsensysMesh
2024-04-08 15:37:41,dovemetrics
2024-04-08 15:37:41,pennblockchain
2024-04-08 15:37:41,enshriningplebs
2024-04-08 15:37:41,aztecnetwork
2024-04-08 15:37:41,7bU5cUdOBc
2024-04-08 15:37:41,gather_town
2024-04-08 15:37:41,0xPolygon
2024-04-08 15:37:41,wharton
2024-04-08 15:37:41,NodeOps_App
2024-04-08 15:37:41,search?q=%24WAVES&src=cashtag_click
2024-04-08 15:37:41,snoopy_mev
2024-04-08 15:37:41,ParticleNtwrk
2024-04-08 15:37:41,lifiprotocol
2024-04-08 15:37:41,dex_chen_V
2024-04-08 15:37:41,hackjunction
2024-04-08 15:37:41,tylercowen
2024-04-08 15:37:41,researchhub
2024-04-08 15:37:41,equilibrium_co
2024-04-08 15:37:41,SuccinctJT
2024-04-08 15:37:41,archwayHQ
2024-04-08 15:37:41,_bfarmer
2024-04-08 15:37:41,delegatedotxyz
2024-04-08 15:37:41,0x94305
2024-04-08 15:37:41,SorellaLabs
2024-04-08 15:37:41,hackachain
2024-04-08 15:37:41,ashekhirin
2024-04-08 15:37:41,ethereumJoseph
2024-04-08 15:37:41,sgoldfed
2024-04-08 15:37:41,ksrini_
2024-04-08 15:37:41,lattice_fund
2024-04-08 15:37:41,DCbuild3r
2024-04-08 15:37:41,hmalviya9
2024-04-08 15:37:41,FreddieRaynolds
2024-04-08 15:37:41,initc3org
2024-04-08 15:37:41,cooper_kunz
2024-04-08 15:37:41,Rjected
2024-04-08 15:37:41,brian_armstrong
2024-04-08 15:37:41,search?q=%24LUNA&src=cashtag_click
2024-04-08 15:37:41,ethereum
2024-04-08 15:37:41,arbitrum
2024-04-08 15:37:41,AngelList
2024-04-08 15:37:41,clustersxyz
2024-04-08 15:37:41,GearboxProtocol
2024-04-08 15:37:41,iFs9C3J2Ek
2024-04-08 15:37:41,TCPA30tQxO
2024-04-08 15:37:41,worldcoin
2024-04-08 15:37:41,LetThemEatDA
2024-04-08 15:37:41,devloper_xyz
2024-04-08 15:37:41,worldcoinfnd
2024-04-08 15:37:41,PrincetonCS
2024-04-08 15:37:41,0xzak
2024-04-08 15:37:41,paradigm
2024-04-08 15:37:41,optimisticl2s
2024-04-08 15:37:41,OffchainLabs
2024-04-08 15:37:41,eiger_co
2024-04-08 15:37:41,cornell_tech
2024-04-08 15:37:41,0xjepsen
2024-04-08 15:37:41,8hgA4nNS2A
2024-04-08 15:37:41,hedera
2024-04-08 15:37:41,CoinList
2024-04-08 15:37:41,0xVirtualLabs
2024-04-08 15:37:41,ESYudkowsky
2024-04-08 15:37:41,semanticlayer
2024-04-08 15:37:41,Coinbase
2024-04-08 15:37:41,hpZgEm5DBI
2024-04-08 15:37:41,verilog_audit
2024-04-08 15:37:41,BinanceLabs
2024-04-08 15:37:41,Consensys
2024-04-08 15:37:41,ConsenSys
2024-04-08 15:37:41,anagramxyz
2024-04-08 15:37:41,newlimit
2024-04-08 15:37:41,nillionnetwork
2024-04-08 15:37:41,0xbowio
2024-04-08 15:37:41,IAmNickDodson
2024-04-08 15:37:41,0xfoobar
2024-04-17 12:48:37,DominikHell6
2024-04-17 12:48:37,dyorcryptoapp
2024-04-17 12:48:37,0xVirtualLabs
2024-04-17 12:48:37,cmpeq
2024-04-17 12:48:37,search?q=%24LUNA&src=cashtag_click
2024-04-17 12:48:37,Paul_Burlage
2024-04-17 12:48:37,UChicago
2024-04-17 12:48:37,tylercowen
2024-04-17 12:48:37,chainbound_
2024-04-17 12:48:37,ashekhirin
2024-04-17 12:48:37,anagramxyz
2024-04-17 12:48:37,josebetandcourt
2024-04-17 12:48:37,eliqiann
2024-04-17 12:48:37,hackjunction
2024-04-17 12:48:37,researchhub
2024-04-17 12:48:37,arbitrum
2024-04-17 12:48:37,hmalviya9
2024-04-17 12:48:37,cremieuxrecueil
2024-04-17 12:48:37,5rmarwjQhT
2024-04-17 12:48:37,clustersxyz
2024-04-17 12:48:37,Maddiaa0
2024-04-17 12:48:37,hpZgEm5DBI
2024-04-17 12:48:37,ConsensysMesh
2024-04-17 12:48:37,EspressoSys
2024-04-17 12:48:37,8hgA4nNS2A
2024-04-17 12:48:37,semanticlayer
2024-04-17 12:48:37,archwayHQ
2024-04-17 12:48:37,davidpco
2024-04-17 12:48:37,Aella_Girl
2024-04-17 12:48:37,_bfarmer
2024-04-17 12:48:37,0xfoobar
2024-04-17 12:48:37,aaltouniversity
2024-04-17 12:48:37,lifiprotocol
2024-04-17 12:48:37,initc3org
2024-04-17 12:48:37,ksrini_
2024-04-17 12:48:37,delegatedotxyz
2024-04-17 12:48:37,ParticleNtwrk
2024-04-17 12:48:37,multicoincap
2024-04-17 12:48:37,0xjepsen
2024-04-17 12:48:37,SuccinctJT
2024-04-17 12:48:37,slingshotcrypto
2024-04-17 12:48:37,LetThemEatDA
2024-04-17 12:48:37,ethereumJoseph
2024-04-17 12:48:37,Coinbase
2024-04-17 12:48:37,Consensys
2024-04-17 12:48:37,huff_language
2024-04-17 12:48:37,dex_chen_V
2024-04-17 12:48:37,0xzak
2024-04-17 12:48:37,John1wu
2024-04-17 12:48:37,BinanceLabs
2024-04-17 12:48:37,gather_town
2024-04-17 12:48:37,0xDestri
2024-04-17 12:48:37,hedera
2024-04-17 12:48:37,reganbozman
2024-04-17 12:48:37,beaverbuild
2024-04-17 12:48:37,ESYudkowsky
2024-04-17 12:48:37,Twitter
2024-04-17 12:48:37,0xPolygon
2024-04-17 12:48:37,code4rena
2024-04-17 12:48:37,QEDProtocol
2024-04-17 12:48:37,0x94305
2024-04-17 12:48:37,hadronfc
2024-04-17 12:48:37,ConsenSys
2024-04-17 12:48:37,lazyvillager1
2024-04-17 12:48:37,cooper_kunz
2024-04-17 12:48:37,paradigm
2024-04-17 12:48:37,suofMTzRpG
2024-04-17 12:48:37,FreddieRaynolds
2024-04-17 12:48:37,Delphi_Digital
2024-04-17 12:48:37,cornell_tech
2024-04-17 12:48:37,Yale
2024-04-17 12:48:37,newlimit
2024-04-17 12:48:37,verilog_audit
2024-04-17 12:48:37,NodeOps_App
2024-04-17 12:48:37,OffchainLabs
2024-04-17 12:48:37,aztecnetwork
2024-04-17 12:48:37,S1MaMdCwyK
2024-04-17 12:48:37,Rjected
2024-04-17 12:48:37,fuel_network
2024-04-17 12:48:37,ellierdavidson
2024-04-17 12:48:37,avax
2024-04-17 12:48:37,InitCapital_
2024-04-17 12:48:37,CoinList
2024-04-17 12:48:37,GearboxProtocol
2024-04-17 12:48:37,dovemetrics
2024-04-17 12:48:37,cornell
2024-04-17 12:48:37,sgoldfed
2024-04-17 12:48:37,iFs9C3J2Ek
2024-04-17 12:48:37,worldcoinfnd
2024-04-17 12:48:37,Mega_Fund
2024-04-17 12:48:37,IAmNickDodson
2024-04-17 12:48:37,optimisticl2s
2024-04-17 12:48:37,robinhanson
2024-04-17 12:48:37,devloper_xyz
2024-04-17 12:48:37,rainbowdotme
2024-04-17 12:48:37,eiger_co
2024-04-17 12:48:37,brian_armstrong
2024-04-17 12:48:37,harvard
2024-04-17 12:48:37,snoopy_mev
2024-04-17 12:48:37,equilibrium_co
2024-04-17 12:48:37,MetricsDAO
2024-04-17 12:48:37,lattice_fund
2024-04-17 12:48:37,worldcoin
2024-04-17 12:48:37,DCbuild3r
2024-04-17 12:48:37,chainyoda
2024-04-17 12:48:37,avalabsofficial
2024-04-17 12:48:37,ethereum
2024-04-17 12:48:37,7bU5cUdOBc
2024-04-17 12:48:37,PrincetonCS
2024-04-17 12:48:37,SorellaLabs
2024-04-17 12:48:37,0xbowio
2024-04-17 12:48:37,AngelList
2024-04-17 12:48:37,numbergroupxyz
2024-04-17 12:48:37,nillionnetwork
2024-04-17 12:48:37,TCPA30tQxO
2024-04-17 12:48:37,joakimhi
2024-04-17 12:48:37,search?q=%24WAVES&src=cashtag_click
2024-04-17 12:48:37,enshriningplebs
2024-04-17 12:48:37,wbrads
2024-05-03 16:15:52,punk6529
2024-05-03 16:15:52,robinhanson
2024-05-03 16:15:52,0xvanbeethoven
2024-05-03 16:15:52,dovemetrics
2024-05-03 16:15:52,davidpco
2024-05-03 16:15:52,MetricsDAO
2024-05-03 16:15:52,GearboxProtocol
2024-05-03 16:15:52,avalabsofficial
2024-05-03 16:15:52,tylercowen
2024-05-03 16:15:52,cmpeq
2024-05-03 16:15:52,cooper_kunz
2024-05-03 16:15:52,dex_chen_V
2024-05-03 16:15:52,worldcoin
2024-05-03 16:15:52,researchhub
2024-05-03 16:15:52,n653QeRaB3
2024-05-03 16:15:52,DCbuild3r
2024-05-03 16:15:52,0x94305
2024-05-03 16:15:52,ESYudkowsky
2024-05-03 16:15:52,initc3org
2024-05-03 16:15:52,zachxbt
2024-05-03 16:15:52,InitCapital_
2024-05-03 16:15:52,momir_amidzic
2024-05-03 16:15:52,equilibrium_co
2024-05-03 16:15:52,IAmNickDodson
2024-05-03 16:15:52,S1MaMdCwyK
2024-05-03 16:15:52,worldcoinfnd
2024-05-03 16:15:52,PrincetonCS
2024-05-03 16:15:52,suofMTzRpG
2024-05-03 16:15:52,0xDestri
2024-05-03 16:15:52,Superscrypt
2024-05-03 16:15:52,aztecnetwork
2024-05-03 16:15:52,Id0QtW0yE9
2024-05-03 16:15:52,AngelList
2024-05-03 16:15:52,hedera
2024-05-03 16:15:52,SuccinctJT
2024-05-03 16:15:52,0xfoobar
2024-05-03 16:15:52,0xShack
2024-05-03 16:15:52,aaltouniversity
2024-05-03 16:15:52,avax
2024-05-03 16:15:52,0xjepsen
2024-05-03 16:15:52,delegatedotxyz
2024-05-03 16:15:52,hmalviya9
2024-05-03 16:15:52,beaverbuild
2024-05-03 16:15:52,7UfNTDUAao
2024-05-03 16:15:52,Yale
2024-05-03 16:15:52,0xVirtualLabs
2024-05-03 16:15:52,chainyoda
2024-05-03 16:15:52,SorellaLabs
2024-05-03 16:15:52,snoopy_mev
2024-05-03 16:15:52,rainbowdotme
2024-05-03 16:15:52,gather_town
2024-05-03 16:15:52,Sorellalabs
2024-05-03 16:15:52,IOSGVC
2024-05-03 16:15:52,reganbozman
2024-05-03 16:15:52,slingshotcrypto
2024-05-03 16:15:52,lazyvillager1
2024-05-03 16:15:52,nillionnetwork
2024-05-03 16:15:52,Twitter
2024-05-03 16:15:52,7bU5cUdOBc
2024-05-03 16:15:52,lattice_fund
2024-05-03 16:15:52,arbitrum
2024-05-03 16:15:52,ConsensysMesh
2024-05-03 16:15:52,verilog_audit
2024-05-03 16:15:52,paradigm
2024-05-03 16:15:52,OffchainLabs
2024-05-03 16:15:52,dyorcryptoapp
2024-05-03 16:15:52,eiger_co
2024-05-03 16:15:52,ksrini_
2024-05-03 16:15:52,ethereumJoseph
2024-05-03 16:15:52,search?q=%24LUNA&src=cashtag_click
2024-05-03 16:15:52,UChicago
2024-05-03 16:15:52,FreddieRaynolds
2024-05-03 16:15:52,sgoldfed
2024-05-03 16:15:52,joakimhi
2024-05-03 16:15:52,fuel_network
2024-05-03 16:15:52,_bfarmer
2024-05-03 16:15:52,cornell
2024-05-03 16:15:52,Uchicago
2024-05-03 16:15:52,BigBrainVC
2024-05-03 16:15:52,enshriningplebs
2024-05-03 16:15:52,numbergroupxyz
2024-05-03 16:15:52,BinanceLabs
2024-05-03 16:15:52,lifiprotocol
2024-05-03 16:15:52,John1wu
2024-05-03 16:15:52,Aella_Girl
2024-05-03 16:15:52,ethereum
2024-05-03 16:15:52,TCPA30tQxO
2024-05-03 16:15:52,cremieuxrecueil
2024-05-03 16:15:52,fun
2024-05-03 16:15:52,Consensys
2024-05-03 16:15:52,QEDProtocol
2024-05-03 16:15:52,huff_language
2024-05-03 16:15:52,8hgA4nNS2A
2024-05-03 16:15:52,5rmarwjQhT
2024-05-03 16:15:52,newlimit
2024-05-03 16:15:52,iFs9C3J2Ek
2024-05-03 16:15:52,Mega_Fund
2024-05-03 16:15:52,ConsenSys
2024-05-03 16:15:52,NodeOps_App
2024-05-03 16:15:52,search?q=%24WAVES&src=cashtag_click
2024-05-03 16:15:52,0xzak
2024-05-03 16:15:52,jumperexchange
2024-05-03 16:15:52,brian_armstrong
2024-05-03 16:15:52,0xPolygon
2024-05-03 16:15:52,semanticlayer
2024-05-03 16:15:52,hpZgEm5DBI
2024-05-03 16:15:52,harvard
2024-05-03 16:15:52,Rjected
2024-05-03 16:15:52,RIvGdr2i6K
2024-05-03 16:15:52,AlexKFine
2024-05-03 16:15:52,ashekhirin
2024-05-03 16:15:52,CoinList
2024-05-03 16:15:52,MSweZh1hYI
2024-05-03 16:15:52,cornell_tech
2024-05-03 16:15:52,hackjunction
2024-05-03 16:15:52,anagramxyz
2024-05-03 16:15:52,Stanford
2024-05-03 16:15:52,0EOOwrBnNN
2024-05-03 16:15:52,DominikHell6
2024-05-03 16:15:52,Maddiaa0
2024-05-03 16:15:52,jacobkxyz
2024-05-03 16:15:52,ParticleNtwrk
2024-05-03 16:15:52,0xbowio
2024-05-03 16:15:52,LetThemEatDA
2024-05-03 16:15:52,Coinbase
2024-05-03 16:15:52,devloper_xyz
2024-05-03 16:15:52,clustersxyz
2024-05-03 16:15:52,optimisticl2s
2024-05-03 16:15:52,wbrads
2024-05-03 16:15:52,hadronfc
2024-05-03 16:15:52,code4rena
2024-05-03 16:15:52,josebetandcourt
2024-05-08 16:50:22,HguOqPef8i
2024-05-08 16:50:22,mikeneuderr
2024-05-09 16:48:38,DriftProtocol
2024-05-09 16:48:38,foundersfund
2024-05-09 16:48:38,Arthur_0x
2024-05-09 16:48:38,DeFianceCapital
2024-05-09 16:48:38,crispheaney
2024-05-09 16:48:38,bridge__harris
2024-05-10 15:54:25,reka_eth
2024-05-10 15:54:25,guildxyz
2024-05-15 13:24:47,dba_crypto
2024-05-15 13:24:47,TraderNoah
2024-05-15 13:24:47,different_mj
2024-05-15 13:24:47,drakefjustin
2024-05-20 19:34:34,ceterispar1bus
2024-05-20 19:34:34,CelestiaOrg
2024-05-20 19:34:34,nickwh8te
2024-05-20 19:34:34,STACCoverflow
