2024-04-05 22:32:29,opensea
2024-04-05 22:32:29,aleohq
2024-04-05 22:32:29,aztecnetwork
2024-04-05 22:32:29,xealenergy
2024-04-05 22:32:29,multivm_io
2024-04-05 22:32:29,oWuqLcC1c0
2024-04-05 22:32:29,zkmattwyatt
2024-04-05 22:32:29,laconicnetwork
2024-04-05 22:32:29,aevoxyz
2024-04-05 22:32:29,quantumcatsxyz
2024-04-05 22:32:29,daBWNQPUGA
2024-04-05 22:32:29,AssemblyCap
2024-04-05 22:32:29,OstiumLabs
2024-04-05 22:32:29,ProTheDoge
2024-04-05 22:32:29,zkp2p
2024-04-05 22:32:29,ournetwork__
2024-04-05 22:32:29,ycombinator
2024-04-05 22:32:29,Starhold3r
2024-04-05 22:32:29,Woodstockfund
2024-04-05 22:32:29,adammastrelli
2024-04-05 22:32:29,redstone_defi
2024-04-05 22:32:29,orb_land
2024-04-05 22:32:29,AFDudley0
2024-04-05 22:32:29,starknet
2024-04-05 22:32:29,Lph3f6Hk2A
2024-04-05 22:32:29,pchopra28
2024-04-05 22:32:29,MorphoLabs
2024-04-05 22:32:29,TheLAOOfficial
2024-04-05 22:32:29,Piccq6DcRj
2024-04-05 22:32:29,beaniemaxi
2024-04-05 22:32:29,inscribe_app
2024-04-05 22:32:29,Blast_L2
2024-04-05 22:32:29,coinbase
2024-04-05 22:32:29,uber
2024-04-05 22:32:29,lmQAStvqsc
2024-04-05 22:32:29,ether_fi
2024-04-05 22:32:29,TrustlessState
2024-04-05 22:32:29,PrivacyScaling
2024-04-05 22:32:29,rohindhar
2024-04-05 22:32:29,VenusProtocol
2024-04-05 22:32:29,PypgFMBJrV
2024-04-05 22:32:29,TikTokInvestors
2024-04-05 22:32:29,StorkOracle
2024-04-05 22:32:29,Sommfinance
2024-04-05 22:32:29,compoundvc
2024-04-05 22:32:29,RollkitDev
2024-04-05 22:32:29,offscreen_inc
2024-04-05 22:32:29,lightspeedvp
2024-04-05 22:32:29,CelestiaOrg
2024-04-05 22:32:29,lets_puzzle
2024-04-05 22:32:29,kOENakvsCL
2024-04-05 22:32:29,coinlist
2024-04-05 22:32:29,BisonTrails
2024-04-05 22:32:29,puffer_finance
2024-04-05 22:32:29,BainCapCrypto
2024-04-05 22:32:29,JacobArluck
2024-04-05 22:32:29,taprootwizards
2024-04-05 22:32:29,BFATHIEH
2024-04-05 22:32:29,ethereum
2024-04-05 22:32:29,GnosisChain
2024-04-05 22:32:29,FLAMINGODAO
2024-04-05 22:32:29,DePINState
2024-04-05 22:32:29,pufferfi_cn
2024-04-05 22:32:29,ChristianKaz_
2024-04-05 22:32:29,dragonfly_xyz
2024-04-05 22:32:29,q5mHPJDobs
2024-04-05 22:32:29,multicoincap
2024-04-05 22:32:29,FalconXnetwork
2024-04-05 22:32:29,IBM
2024-04-05 22:32:29,kizzymobile
2024-04-05 22:32:29,LogicalBTC
2024-04-05 22:32:29,BlockFi
2024-04-05 22:32:29,kiKDsDPGkx
2024-04-05 22:32:29,shayonsengupta
2024-04-05 22:32:29,Banklesshq
2024-04-05 22:32:29,krugermacro
2024-04-05 22:32:29,colludingnode
2024-04-05 22:32:29,ChrisF_0x
2024-04-05 22:32:29,pendle_fi
2024-04-05 22:32:29,paradigm
2024-04-05 22:32:29,gnosispay
2024-04-05 22:32:29,GnosisDAO
2024-04-05 22:32:29,mhdempsey
2024-04-05 22:32:29,ercwl
2024-04-05 22:32:29,bidclubio
2024-04-05 22:32:29,rargulati
2024-04-05 22:32:29,factionvc
2024-04-05 22:32:29,econosopher
2024-04-05 22:32:29,thirdprimevc
2024-04-08 16:46:52,vincentjow_
2024-04-08 16:46:52,Piccq6DcRj
2024-04-08 16:46:52,ChrisF_0x
2024-04-08 16:46:52,starknet
2024-04-08 16:46:52,shayonsengupta
2024-04-08 16:46:52,coinbase
2024-04-08 16:46:52,coinlist
2024-04-08 16:46:52,JacobArluck
2024-04-08 16:46:52,pchopra28
2024-04-08 16:46:52,RollkitDev
2024-04-08 16:46:52,CryptoKoryo
2024-04-08 16:46:52,Starhold3r
2024-04-08 16:46:52,Modular_Capital
2024-04-08 16:46:52,econosopher
2024-04-08 16:46:52,offscreen_inc
2024-04-08 16:46:52,ycombinator
2024-04-08 16:46:52,TheLAOOfficial
2024-04-08 16:46:52,Lph3f6Hk2A
2024-04-08 16:46:52,Woodstockfund
2024-04-08 16:46:52,DePINState
2024-04-08 16:46:52,lets_puzzle
2024-04-08 16:46:52,redstone_defi
2024-04-08 16:46:52,ether_fi
2024-04-08 16:46:52,ojcP129At6
2024-04-08 16:46:52,lightspeedvp
2024-04-08 16:46:52,beaniemaxi
2024-04-08 16:46:52,zkmattwyatt
2024-04-08 16:46:52,OstiumLabs
2024-04-08 16:46:52,inscribe_app
2024-04-08 16:46:52,kiKDsDPGkx
2024-04-08 16:46:52,oWuqLcC1c0
2024-04-08 16:46:52,daBWNQPUGA
2024-04-08 16:46:52,BFATHIEH
2024-04-08 16:46:52,colludingnode
2024-04-08 16:46:52,aztecnetwork
2024-04-08 16:46:52,rargulati
2024-04-08 16:46:52,laconicnetwork
2024-04-08 16:46:52,PrivacyScaling
2024-04-08 16:46:52,zkp2p
2024-04-08 16:46:52,Blast_L2
2024-04-08 16:46:52,aevoxyz
2024-04-08 16:46:52,rohindhar
2024-04-08 16:46:52,ProTheDoge
2024-04-08 16:46:52,puffer_finance
2024-04-08 16:46:52,MorphoLabs
2024-04-08 16:46:52,multivm_io
2024-04-08 16:46:52,VenusProtocol
2024-04-08 16:46:52,lmQAStvqsc
2024-04-08 16:46:52,taprootwizards
2024-04-08 16:46:52,Banklesshq
2024-04-08 16:46:52,adammastrelli
2024-04-08 16:46:52,TrustlessState
2024-04-08 16:46:52,uber
2024-04-08 16:46:52,LogicalBTC
2024-04-08 16:46:52,ournetwork__
2024-04-08 16:46:52,xealenergy
2024-04-08 16:46:52,BisonTrails
2024-04-08 16:46:52,Sommfinance
2024-04-08 16:46:52,kizzymobile
2024-04-08 16:46:52,PypgFMBJrV
2024-04-08 16:46:52,ethereum
2024-04-08 16:46:52,orb_land
2024-04-08 16:46:52,multicoincap
2024-04-08 16:46:52,GnosisDAO
2024-04-08 16:46:52,q5mHPJDobs
2024-04-08 16:46:52,FLAMINGODAO
2024-04-08 16:46:52,TikTokInvestors
2024-04-08 16:46:52,krugermacro
2024-04-08 16:46:52,compoundvc
2024-04-08 16:46:52,thirdprimevc
2024-04-08 16:46:52,pufferfi_cn
2024-04-08 16:46:52,paradigm
2024-04-08 16:46:52,factionvc
2024-04-08 16:46:52,FalconXnetwork
2024-04-08 16:46:52,ChristianKaz_
2024-04-08 16:46:52,aleohq
2024-04-08 16:46:52,gnosispay
2024-04-08 16:46:52,GnosisChain
2024-04-08 16:46:52,kOENakvsCL
2024-04-08 16:46:52,CelestiaOrg
2024-04-08 16:46:52,bidclubio
2024-04-08 16:46:52,StorkOracle
2024-04-08 16:46:52,quantumcatsxyz
2024-04-08 16:46:52,BainCapCrypto
2024-04-08 16:46:52,IBM
2024-04-08 16:46:52,pendle_fi
2024-04-08 16:46:52,opensea
2024-04-08 16:46:52,AFDudley0
2024-04-08 16:46:52,ercwl
2024-04-08 16:46:52,AssemblyCap
2024-04-08 16:46:52,BlockFi
2024-04-08 16:46:52,mhdempsey
2024-04-08 16:46:52,dragonfly_xyz
2024-04-08 12:21:35,Banklesshq
2024-04-08 12:21:35,taprootwizards
2024-04-08 12:21:35,Woodstockfund
2024-04-08 12:21:35,CryptoKoryo
2024-04-08 12:21:35,starknet
2024-04-08 12:21:35,bidclubio
2024-04-08 12:21:35,Piccq6DcRj
2024-04-08 12:21:35,ProTheDoge
2024-04-08 12:21:35,TrustlessState
2024-04-08 12:21:35,rargulati
2024-04-08 12:21:35,orb_land
2024-04-08 12:21:35,econosopher
2024-04-08 12:21:35,ojcP129At6
2024-04-08 12:21:35,quantumcatsxyz
2024-04-08 12:21:35,vincentjow_
2024-04-08 12:21:35,shayonsengupta
2024-04-08 12:21:35,IBM
2024-04-08 12:21:35,coinlist
2024-04-08 12:21:35,Modular_Capital
2024-04-08 12:21:35,puffer_finance
2024-04-08 12:21:35,ethereum
2024-04-08 12:21:35,q5mHPJDobs
2024-04-08 12:21:35,zkp2p
2024-04-08 12:21:35,Lph3f6Hk2A
2024-04-08 12:21:35,adammastrelli
2024-04-08 12:21:35,multicoincap
2024-04-08 12:21:35,PrivacyScaling
2024-04-08 12:21:35,beaniemaxi
2024-04-08 12:21:35,lmQAStvqsc
2024-04-08 12:21:35,pufferfi_cn
2024-04-08 12:21:35,ercwl
2024-04-17 13:53:03,rafexu
2024-04-17 13:53:03,Modular_Capital
2024-04-17 13:53:03,pufferfi_cn
2024-04-17 13:53:03,q5mHPJDobs
2024-04-17 13:53:03,quantumcatsxyz
2024-04-17 13:53:03,beaniemaxi
2024-04-17 13:53:03,puffer_finance
2024-04-17 13:53:03,BoDoggosNFT
2024-04-17 13:53:03,oaliramadan
2024-04-17 13:53:03,mhdempsey
2024-04-17 13:53:03,compoundvc
2024-04-17 13:53:03,uber
2024-04-17 13:53:03,shayonsengupta
2024-04-17 13:53:03,7liTBw3Ob0
2024-04-17 13:53:03,multivm_io
2024-04-17 13:53:03,IBM
2024-04-17 13:53:03,HuttCap
2024-04-17 13:53:03,PubKey_NYC
2024-04-17 13:53:03,ambergroup_io
2024-04-17 13:53:03,MorphoLabs
2024-04-17 13:53:03,zkmattwyatt
2024-04-17 13:53:03,Woodstockfund
2024-04-17 13:53:03,oWuqLcC1c0
2024-04-17 13:53:03,bS01xVzAhv
2024-04-17 13:53:03,taprootwizards
2024-04-17 13:53:03,CryptoKoryo
2024-04-17 13:53:03,PrivacyScaling
2024-04-17 13:53:03,DePINState
2024-04-17 13:53:03,kOENakvsCL
2024-04-17 13:53:03,lightspeedvp
2024-04-17 13:53:03,coinlist
2024-04-17 13:53:03,xealenergy
2024-04-17 13:53:03,Lph3f6Hk2A
2024-04-17 13:53:03,BainCapCrypto
2024-04-17 13:53:03,dYKFNg5VIX
2024-04-17 13:53:03,bidclubio
2024-04-17 13:53:03,lets_puzzle
2024-04-17 13:53:03,multicoincap
2024-04-17 13:53:03,opensea
2024-04-17 13:53:03,LogicalBTC
2024-04-17 13:53:03,RhKEkfin1g
2024-04-17 13:53:03,Banklesshq
2024-04-17 13:53:03,aleohq
2024-04-17 13:53:03,redstone_defi
2024-04-17 13:53:03,FalconXnetwork
2024-04-17 13:53:03,ChristianKaz_
2024-04-17 13:53:03,kiKDsDPGkx
2024-04-17 13:53:03,adammastrelli
2024-04-17 13:53:03,lmQAStvqsc
2024-04-17 13:53:03,Blast_L2
2024-04-17 13:53:03,niftyportal
2024-04-17 13:53:03,aztecnetwork
2024-04-17 13:53:03,starknet
2024-04-17 13:53:03,BlockFi
2024-04-17 13:53:03,ournetwork__
2024-04-17 13:53:03,vincentjow_
2024-04-17 13:53:03,ercwl
2024-04-17 13:53:03,econosopher
2024-04-17 13:53:03,SankoGameCorp
2024-04-17 13:53:03,factionvc
2024-04-17 13:53:03,ycombinator
2024-04-17 13:53:03,TikTokInvestors
2024-04-17 13:53:03,TrustlessState
2024-04-17 13:53:03,zkp2p
2024-04-17 13:53:03,BFATHIEH
2024-04-17 13:53:03,pchopra28
2024-04-17 13:53:03,stevenshi_
2024-04-17 13:53:03,ether_fi
2024-04-17 13:53:03,orb_land
2024-04-17 13:53:03,BlockcastNet
2024-04-17 13:53:03,Sommfinance
2024-04-17 13:53:03,pendle_fi
2024-04-17 13:53:03,ProTheDoge
2024-04-17 13:53:03,VenusProtocol
2024-04-17 13:53:03,thirdprimevc
2024-04-17 13:53:03,ethereum
2024-04-17 13:53:03,BisonTrails
2024-04-17 13:53:03,Piccq6DcRj
2024-04-17 13:53:03,ojcP129At6
2024-04-17 13:53:03,rargulati
2024-04-17 13:53:03,search?q=%24DMT&src=cashtag_click
2024-05-03 17:05:47,0xBalloonLover
2024-05-03 17:05:47,itsmoislam
2024-05-03 17:05:47,VMcr74eLpb
2024-05-03 17:05:47,ShapeShift
2024-05-03 17:05:47,muneeb
2024-05-03 17:05:47,samantha_bohbot
2024-05-03 17:05:47,Rockaway_x
2024-05-03 17:05:47,Cerebrum_DAO
2024-05-03 17:05:47,opentensor
2024-05-03 17:05:47,jtxesquibel
2024-05-03 17:05:47,0xWangarian
2024-05-03 17:05:47,0xSisyphus
2024-05-03 17:05:47,nubit_org
2024-05-03 17:05:47,SyncracyCapital
2024-05-03 17:05:47,RZJhrrSpfb
2024-05-03 17:05:47,BullpenFi
2024-05-03 17:05:47,UnlayeredPod
2024-05-03 17:05:47,GalaxyHQ
2024-05-03 17:05:47,0G_labs
2024-05-03 17:05:47,Cornell_Tech
2024-05-03 17:05:47,payloadspace
2024-05-03 17:05:47,jinglingcookies
2024-05-03 17:05:47,MessariCrypto
2024-05-03 17:05:47,DCGco
2024-05-03 17:05:47,RyanWatkins_
2024-05-03 17:05:47,union_build
2024-05-03 17:05:47,0xroylu
2024-05-03 17:05:47,salxyz
2024-05-03 17:05:47,WazzCrypto
2024-05-03 17:05:47,tangent_xyz
2024-05-03 17:05:47,TrustMachinesco
2024-05-03 17:05:47,higheronchain
2024-05-03 17:05:47,Maven11Capital
2024-05-03 17:05:47,0xRainandCoffee
2024-05-03 17:05:47,Stacks
2024-05-08 17:15:43,kdean
2024-05-08 17:15:43,gbmedici
2024-05-08 17:15:43,CozomoMedici
2024-05-08 17:15:43,FeederRotation
2024-05-08 19:40:06,0xLawliette
2024-05-08 19:40:06,intuitio_
2024-05-10 16:15:47,fantasy_top_
2024-05-10 16:15:47,K6TJbWECRJ
2024-05-10 16:15:47,khalani_network
2024-05-10 16:15:47,0xsmac
2024-05-10 16:15:47,knwang
2024-05-10 16:15:47,MHreWu6AV9
2024-05-10 16:15:47,nervosnetwork
2024-05-10 16:15:47,PlwUmTaPrd
2024-05-10 16:15:47,DPUEs8v00e
2024-05-10 16:15:47,KinodeOS
2024-05-10 16:15:47,getgrass_io
2024-05-15 13:46:39,throughnothing
2024-05-15 13:46:39,NpappaG
2024-05-15 13:46:39,rackspace
2024-05-15 13:46:39,cbinsights
2024-05-15 13:46:39,polychain
2024-05-15 13:46:39,MrCable0x
2024-05-15 13:46:39,fourmoonsllc
2024-05-15 13:46:39,Diageo_NA
2024-05-15 13:46:39,FlamingoDAO
2024-05-15 13:46:39,2avFP89Yde
2024-05-15 13:46:39,velodromefi
2024-05-15 13:46:39,intentx_
2024-05-15 13:46:39,aerodromefi
2024-05-15 13:46:39,GUy99qMi2O
2024-05-15 13:46:39,ArchNtwrk
2024-05-15 13:46:39,modular_summit
2024-05-15 13:46:39,delphi_digital
2024-05-15 13:46:39,airbnb
2024-05-15 13:46:39,RBS
2024-05-15 13:46:39,fwdaudio
2024-05-15 13:46:39,BanklessVC
2024-05-15 13:46:39,Polychain
2024-05-15 13:46:39,muasIr0PuD
2024-05-15 13:46:39,Ace_da_Book
2024-05-15 13:46:39,mjxkavCLsd
2024-05-15 13:46:39,MartinShkreli
2024-05-15 13:46:39,Numerai
2024-05-15 13:46:39,SpaceshipDAO
2024-05-20 19:56:42,iotex_io
2024-05-20 19:56:42,dariyaxyz
2024-05-20 19:56:42,delphi_ventures
2024-05-20 19:56:42,coverageproved
2024-05-20 19:56:42,layer3xyz
2024-05-20 19:56:42,sreeramkannan
2024-05-20 19:56:42,subsquid
2024-05-20 19:56:42,OSSCapital
2024-05-20 19:56:42,OfRoNF4fDx
2024-05-20 19:56:42,Old_Samster
2024-05-20 19:56:42,mrink0
2024-05-20 19:56:42,echodotxyz
2024-05-20 19:56:42,ZeMariaMacedo
2024-05-20 19:56:42,anagramxyz
2024-05-20 19:56:42,franklinisbored
2024-05-20 19:56:42,eigenlayer
2024-05-20 19:56:42,john_tv_locke
2024-05-20 19:56:42,goodgamepodxyz
2024-05-20 19:56:42,RichhomieconE
2024-05-20 19:56:42,voltcapital
2024-05-20 19:56:42,Alliancedao
2024-05-20 19:56:42,0xppl_
2024-05-20 19:56:42,messaricrypto
2024-05-20 19:56:42,Base
2024-05-20 19:56:42,Balajis
2024-05-20 19:56:42,lmrankhan
2024-05-20 19:56:42,delphi_labs
2024-05-20 19:56:42,bcg
2024-05-20 19:56:42,kelxyz_
2024-05-20 19:56:42,alliancedao
