2024-04-05 20:54:28,g9os1ldJNn
2024-04-05 20:54:28,0xvanbeethoven
2024-04-05 20:54:28,dgogel
2024-04-05 20:54:28,lagent213
2024-04-05 20:54:28,amandatums
2024-04-05 20:54:28,evanbfish
2024-04-05 20:54:28,dieworkwear
2024-04-05 20:54:28,BitwiseInvest
2024-04-05 20:54:28,pumatheuma
2024-04-05 20:54:28,SuccinctLabs
2024-04-05 20:54:28,specialmech
2024-04-05 20:54:28,effectiveaccel
2024-04-05 20:54:28,AlpenLabs
2024-04-05 20:54:28,ionprotocol
2024-04-05 20:54:28,DJohnstonEC
2024-04-05 20:54:28,tednotlasso
2024-04-05 20:54:28,immunefi
2024-04-05 20:54:28,emilianobonassi
2024-04-05 20:54:28,j0hnwang
2024-04-05 20:54:28,NRkXVMI8Bn
2024-04-05 20:54:28,Stanford
2024-04-05 20:54:28,search?q=%24ZYN&src=cashtag_click
2024-04-05 20:54:28,zmTzF0huan
2024-04-05 20:54:28,Jesseeckel
2024-04-05 20:54:28,fund_defi
2024-04-05 20:54:28,megaeth_labs
2024-04-05 20:54:28,_bfarmer
2024-04-05 20:54:28,Wharton
2024-04-05 20:54:28,vgr
2024-04-05 20:54:28,BLAST_L2
2024-04-05 20:54:28,MITEcon
2024-04-05 20:54:28,BLUR_io
2024-04-05 20:54:28,insightpartners
2024-04-05 20:54:28,build_on_bob
2024-04-05 20:54:28,sequoia
2024-04-05 20:54:28,coinbase
2024-04-05 20:54:28,MClWfXVyKJ
2024-04-05 20:54:28,0xnavage
2024-04-05 20:54:28,immutable
2024-04-05 20:54:28,BankofAmerica
2024-04-05 20:54:28,franklin_dao
2024-04-05 20:54:28,pleasrdao
2024-04-05 20:54:28,1o2QBjOqPX
2024-04-05 20:54:28,HJkfzUaUb2
2024-04-05 20:54:28,0xArnav
2024-04-05 20:54:28,PacmanBlur
2024-04-05 20:54:28,MIT
2024-04-05 20:54:28,conduitxyz
2024-04-05 20:54:28,infura_io
2024-04-05 20:54:28,coinfund_io
2024-04-05 20:54:28,0xPolygon
2024-04-05 20:54:28,micmat02
2024-04-05 20:54:28,titanbuilderxyz
2024-04-05 20:54:28,RollkitDev
2024-04-05 20:54:28,RLGoesHard
2024-04-05 20:54:28,Uchicago
2024-04-05 20:54:28,yiryan
2024-04-05 20:54:28,search?q=%24ETH&src=cashtag_click
2024-04-05 20:54:28,CelestiaOrg
2024-04-05 20:54:28,Jskybowen
2024-04-05 20:54:28,boysclubworld
2024-04-05 20:54:28,YCombinator
2024-04-05 20:54:28,VGtUvtX2QK
2024-04-05 20:54:28,ChundaMcCain
2024-04-05 20:54:28,columbia
2024-04-05 20:54:28,AstriaOrg
2024-04-05 20:54:28,WhartonBDAP
2024-04-05 20:54:28,JacobArluck
2024-04-05 20:54:28,eigenlayer
2024-04-05 20:54:28,LoreFaRamirez
2024-04-05 20:54:28,iearnfinance
2024-04-05 20:54:28,creatine_cycle
2024-04-05 20:54:28,barnardcollege
2024-04-05 20:54:28,eigen_da
2024-04-05 20:54:28,a16zcrypto
2024-04-05 20:54:28,pudgypenguins
2024-04-05 20:54:28,twosigma
2024-04-05 20:54:28,stanford
2024-04-05 20:54:28,ThielFellowship
2024-04-05 20:54:28,FedGuy12
2024-04-05 20:54:28,toptickcrypto
2024-04-05 20:54:28,ribbonfarm
2024-04-05 20:54:28,wTjbN1iNQ8
2024-04-05 20:54:28,amandatylerj
2024-04-05 20:54:28,nero_eth
2024-04-05 20:54:28,lbRenUXbMa
2024-04-05 20:54:28,dydxfoundation
2024-04-05 20:54:28,alyssachoo_
2024-04-05 20:54:28,alive_eth
2024-04-05 20:54:28,hotpot_dao
2024-04-05 20:54:28,ut8WcgWa1n
2024-04-05 20:54:28,billmondays
2024-04-05 20:54:28,Optimism
2024-04-05 20:54:28,0xPARC
2024-04-05 20:54:28,COINAppRankBot
2024-04-05 20:54:28,cbventures
2024-04-05 20:54:28,2aEPKNdIcm
2024-04-05 20:54:28,portalventures
2024-04-05 20:54:28,goldmansachs
2024-04-05 20:54:28,succinctlabs
2024-04-05 20:54:28,putthison
2024-04-05 20:54:28,phtevenstrong
2024-04-05 20:54:28,harvardhbs
2024-04-05 20:54:28,umichMath
2024-04-05 20:54:28,Tfb5R6hmyR
2024-04-05 20:54:28,cherdougie
2024-04-05 20:54:28,primamateria__
2024-04-05 20:54:28,awscloud
2024-04-05 20:54:28,paradigm
2024-04-05 20:54:28,vectordao
2024-04-05 20:54:28,Sorellalabs
2024-04-05 20:54:28,seedclubhq
2024-04-05 20:54:28,gubsheep
2024-04-05 20:54:28,2rmN6nMOdd
2024-04-05 20:54:28,darkforest_eth
2024-04-05 20:54:28,MaxResnick1
2024-04-05 20:54:28,monad_xyz
2024-04-05 20:54:28,MD9jXsNW0X
2024-04-05 20:54:28,consensys
2024-04-05 20:54:28,notnotstorm
2024-04-05 20:54:28,armorlabs
2024-04-05 20:54:28,cjliu49
2024-04-05 20:54:28,krNC1e8QBC
2024-04-05 20:54:28,eigen_labs
2024-04-05 20:54:28,ZynCoinERC20
2024-04-08 15:50:08,coinbase
2024-04-08 15:50:08,tednotlasso
2024-04-08 15:50:08,RLGoesHard
2024-04-08 15:50:08,AstriaOrg
2024-04-08 15:50:08,iearnfinance
2024-04-08 15:50:08,LoreFaRamirez
2024-04-08 15:50:08,immunefi
2024-04-08 15:50:08,JacobArluck
2024-04-08 15:50:08,RollkitDev
2024-04-08 15:50:08,build_on_bob
2024-04-08 15:50:08,search?q=%24ETH&src=cashtag_click
2024-04-08 15:50:08,umichMath
2024-04-08 15:50:08,effectiveaccel
2024-04-08 15:50:08,lagent213
2024-04-08 15:50:08,ut8WcgWa1n
2024-04-08 15:50:08,gubsheep
2024-04-08 15:50:08,eigen_da
2024-04-08 15:50:08,VGtUvtX2QK
2024-04-08 15:50:08,zmTzF0huan
2024-04-08 15:50:08,Uchicago
2024-04-08 15:50:08,g9os1ldJNn
2024-04-08 15:50:08,seedclubhq
2024-04-08 15:50:08,MIT
2024-04-08 15:50:08,AlpenLabs
2024-04-08 15:50:08,search?q=%24ZYN&src=cashtag_click
2024-04-08 15:50:08,0xvanbeethoven
2024-04-08 15:50:08,MaxResnick1
2024-04-08 15:50:08,PacmanBlur
2024-04-08 15:50:08,FedGuy12
2024-04-08 15:50:08,amandatylerj
2024-04-08 15:50:08,hotpot_dao
2024-04-08 15:50:08,0xPARC
2024-04-08 15:50:08,YCombinator
2024-04-08 15:50:08,cbventures
2024-04-08 15:50:08,0xPolygon
2024-04-08 15:50:08,HJkfzUaUb2
2024-04-08 15:50:08,twosigma
2024-04-08 15:50:08,harvardhbs
2024-04-08 15:50:08,conduitxyz
2024-04-08 15:50:08,columbia
2024-04-08 15:50:08,SuccinctLabs
2024-04-08 15:50:08,_bfarmer
2024-04-08 15:50:08,armorlabs
2024-04-08 15:50:08,wTjbN1iNQ8
2024-04-08 15:50:08,Sorellalabs
2024-04-08 15:50:08,boysclubworld
2024-04-08 15:50:08,0xArnav
2024-04-08 15:50:08,eigenlayer
2024-04-08 15:50:08,cherdougie
2024-04-08 15:50:08,coinfund_io
2024-04-08 15:50:08,0xnavage
2024-04-08 15:50:08,darkforest_eth
2024-04-08 15:50:08,emilianobonassi
2024-04-08 15:50:08,DJohnstonEC
2024-04-08 15:50:08,a16zcrypto
2024-04-08 15:50:08,infura_io
2024-04-08 15:50:08,BLAST_L2
2024-04-08 15:50:08,alive_eth
2024-04-08 15:50:08,titanbuilderxyz
2024-04-08 15:50:08,immutable
2024-04-08 15:50:08,toptickcrypto
2024-04-08 15:50:08,pleasrdao
2024-04-08 15:50:08,Stanford
2024-04-08 15:50:08,Jesseeckel
2024-04-08 15:50:08,putthison
2024-04-08 15:50:08,awscloud
2024-04-08 15:50:08,Optimism
2024-04-08 15:50:08,megaeth_labs
2024-04-08 15:50:08,2aEPKNdIcm
2024-04-08 15:50:08,Jskybowen
2024-04-08 15:50:08,nero_eth
2024-04-08 15:50:08,cjliu49
2024-04-08 15:50:08,krNC1e8QBC
2024-04-08 15:50:08,notnotstorm
2024-04-08 15:50:08,paradigm
2024-04-08 15:50:08,eigen_labs
2024-04-08 15:50:08,lbRenUXbMa
2024-04-08 15:50:08,ThielFellowship
2024-04-08 15:50:08,1o2QBjOqPX
2024-04-08 15:50:08,consensys
2024-04-08 15:50:08,COINAppRankBot
2024-04-08 15:50:08,MITEcon
2024-04-08 15:50:08,ZynCoinERC20
2024-04-08 15:50:08,CelestiaOrg
2024-04-08 15:50:08,vectordao
2024-04-08 15:50:08,BLUR_io
2024-04-08 15:50:08,Tfb5R6hmyR
2024-04-08 15:50:08,Alina_Ivanovar
2024-04-08 15:50:08,dieworkwear
2024-04-08 15:50:08,specialmech
2024-04-08 15:50:08,Consensys
2024-04-08 15:50:08,stanford
2024-04-08 15:50:08,j0hnwang
2024-04-08 15:50:08,yiryan
2024-04-08 15:50:08,primamateria__
2024-04-17 12:58:26,harvardhbs
2024-04-17 12:58:26,titanbuilderxyz
2024-04-17 12:58:26,eigen_labs
2024-04-17 12:58:26,pudgypenguins
2024-04-17 12:58:26,0xvanbeethoven
2024-04-17 12:58:26,emilianobonassi
2024-04-17 12:58:26,vectordao
2024-04-17 12:58:26,nero_eth
2024-04-17 12:58:26,krNC1e8QBC
2024-04-17 12:58:26,phtevenstrong
2024-04-17 12:58:26,BLAST_L2
2024-04-17 12:58:26,RollkitDev
2024-04-17 12:58:26,yiryan
2024-04-17 12:58:26,fund_defi
2024-04-17 12:58:26,tednotlasso
2024-04-17 12:58:26,Jskybowen
2024-04-17 12:58:26,columbia
2024-04-17 12:58:26,build_on_bob
2024-04-17 12:58:26,portalventures
2024-04-17 12:58:26,CelestiaOrg
2024-04-17 12:58:26,MD9jXsNW0X
2024-04-17 12:58:26,0xnavage
2024-04-17 12:58:26,Tfb5R6hmyR
2024-04-17 12:58:26,0xArnav
2024-04-17 12:58:26,toptickcrypto
2024-04-17 12:58:26,Mclader
2024-04-17 12:58:26,ionprotocol
2024-04-17 12:58:26,gubsheep
2024-04-17 12:58:26,JacobArluck
2024-04-17 12:58:26,infura_io
2024-04-17 12:58:26,zmTzF0huan
2024-04-17 12:58:26,_bfarmer
2024-04-17 12:58:26,MITEcon
2024-04-17 12:58:26,FedGuy12
2024-04-17 12:58:26,LoreFaRamirez
2024-04-17 12:58:26,BitwiseInvest
2024-04-17 12:58:26,ethena_labs
2024-04-17 12:58:26,cjliu49
2024-04-17 12:58:26,MaxResnick1
2024-04-17 12:58:26,2aEPKNdIcm
2024-04-17 12:58:26,SuccinctLabs
2024-04-17 12:58:26,twosigma
2024-04-17 12:58:26,megaeth_labs
2024-04-17 12:58:26,MClWfXVyKJ
2024-04-17 12:58:26,creatine_cycle
2024-04-17 12:58:26,Sorellalabs
2024-04-17 12:58:26,VGtUvtX2QK
2024-04-17 12:58:26,HJkfzUaUb2
2024-04-17 12:58:26,lbRenUXbMa
2024-04-17 12:58:26,Consensys
2024-04-17 12:58:26,wTjbN1iNQ8
2024-04-17 12:58:26,lagent213
2024-04-17 12:58:26,putthison
2024-04-17 12:58:26,OpanyRichard
2024-04-17 12:58:26,goldmansachs
2024-04-17 12:58:26,alive_eth
2024-04-17 12:58:26,insightpartners
2024-04-17 12:58:26,dieworkwear
2024-04-17 12:58:26,Alina_Ivanovar
2024-04-17 12:58:26,0xPolygon
2024-04-17 12:58:26,eigenlayer
2024-04-17 12:58:26,immunefi
2024-04-17 12:58:26,sequoia
2024-04-17 12:58:26,eigen_da
2024-04-17 12:58:26,ChundaMcCain
2024-04-17 12:58:26,PacmanBlur
2024-04-17 12:58:26,j0hnwang
2024-04-17 12:58:26,seedclubhq
2024-04-17 12:58:26,effectiveaccel
2024-04-17 12:58:26,paradigm
2024-04-17 12:58:26,franklin_dao
2024-04-17 12:58:26,YCombinator
2024-04-17 12:58:26,notnotstorm
2024-04-17 12:58:26,amandatylerj
2024-04-17 12:58:26,micmat02
2024-04-17 12:58:26,uniswap
2024-04-17 12:58:26,MIT
2024-04-17 12:58:26,DJohnstonEC
2024-04-17 12:58:26,consensys
2024-04-17 12:58:26,amandatums
2024-04-17 12:58:26,barnardcollege
2024-04-17 12:58:26,hotpot_dao
2024-04-17 12:58:26,Jesseeckel
2024-04-17 12:58:26,Uchicago
2024-04-17 12:58:26,specialmech
2024-04-17 12:58:26,coinbase
2024-04-17 12:58:26,g9os1ldJNn
2024-04-17 12:58:26,succinctlabs
2024-04-17 12:58:26,ThielFellowship
2024-04-17 12:58:26,MoralFitnezz
2024-04-17 12:58:26,alyssachoo_
2024-04-17 12:58:26,RLGoesHard
2024-04-17 12:58:26,1o2QBjOqPX
2024-04-17 12:58:26,COINAppRankBot
2024-04-17 12:58:26,search?q=%24ETH&src=cashtag_click
2024-04-17 12:58:26,primamateria__
2024-04-17 12:58:26,BankofAmerica
2024-04-17 12:58:26,0xPARC
2024-04-17 12:58:26,coinfund_io
2024-04-17 12:58:26,iearnfinance
2024-04-17 12:58:26,a16zcrypto
2024-04-17 12:58:26,pleasrdao
2024-04-17 12:58:26,evanbfish
2024-04-17 12:58:26,awscloud
2024-04-17 12:58:26,pumatheuma
2024-04-17 12:58:26,BLUR_io
2024-04-17 12:58:26,0QCpN3bCWR
2024-04-17 12:58:26,xH6yGgfX7F
2024-04-17 12:58:26,leptokurtic_
2024-04-17 12:58:26,Stanford
2024-04-17 12:58:26,ut8WcgWa1n
2024-04-17 12:58:26,Optimism
2024-04-17 12:58:26,UniswapFND
2024-04-17 12:58:26,stanford
2024-04-17 12:58:26,darkforest_eth
2024-04-17 12:58:26,umichMath
2024-04-17 12:58:26,cbventures
2024-04-17 12:58:26,armorlabs
2024-04-17 12:58:26,AstriaOrg
2024-04-17 12:58:26,conduitxyz
2024-04-17 12:58:26,cherdougie
2024-04-17 12:58:26,AlpenLabs
2024-05-03 16:27:35,dkhB6oWZ08
2024-05-03 16:27:35,eigenfoundation
2024-05-03 16:27:35,rjdrost
2024-05-03 16:27:35,uniswap
2024-05-03 16:27:35,awscloud
2024-05-03 16:27:35,1o2QBjOqPX
2024-05-03 16:27:35,Hyperlane_xyz
2024-05-03 16:27:35,Mclader
2024-05-03 16:27:35,coinbase
2024-05-03 16:27:35,immunefi
2024-05-03 16:27:35,armorlabs
2024-05-03 16:27:35,yiryan
2024-05-03 16:27:35,immutable
2024-05-03 16:27:35,search?q=%24ETH&src=cashtag_click
2024-05-03 16:27:35,yangl1996
2024-05-03 16:27:35,stanford
2024-05-03 16:27:35,nosleepjon
2024-05-03 16:27:35,JacobArluck
2024-05-03 16:27:35,harvardhbs
2024-05-03 16:27:35,cbventures
2024-05-03 16:27:35,_bfarmer
2024-05-03 16:27:35,0xPARC
2024-05-03 16:27:35,AlpenLabs
2024-05-03 16:27:35,effectiveaccel
2024-05-03 16:27:35,coinbasewallet
2024-05-03 16:27:35,gran1te_mtn
2024-05-03 16:27:35,DJohnstonEC
2024-05-03 16:27:35,BLUR_io
2024-05-03 16:27:35,ThielFellowship
2024-05-03 16:27:35,Consensys
2024-05-03 16:27:35,lagent213
2024-05-03 16:27:35,HJkfzUaUb2
2024-05-03 16:27:35,0xAneri
2024-05-03 16:27:35,PacmanBlur
2024-05-03 16:27:35,xH6yGgfX7F
2024-05-03 16:27:35,fran_strambini
2024-05-03 16:27:35,twosigma
2024-05-03 16:27:35,vectordao
2024-05-03 16:27:35,zmTzF0huan
2024-05-03 16:27:35,MoralFitnezz
2024-05-03 16:27:35,notnotstorm
2024-05-03 16:27:35,0xnavage
2024-05-03 16:27:35,MonicaJalali
2024-05-03 16:27:35,gubsheep
2024-05-03 16:27:35,megaeth_labs
2024-05-03 16:27:35,Jskybowen
2024-05-03 16:27:35,RollkitDev
2024-05-03 16:27:35,fund_defi
2024-05-03 16:27:35,OpanyRichard
2024-05-03 16:27:35,class_lambda
2024-05-03 16:27:35,emilianobonassi
2024-05-03 16:27:35,0QCpN3bCWR
2024-05-03 16:27:35,iearnfinance
2024-05-03 16:27:35,0xPolygon
2024-05-03 16:27:35,darkforest_eth
2024-05-03 16:27:35,eigenlayer
2024-05-03 16:27:35,theheavyheavyuk
2024-05-03 16:27:35,MIT
2024-05-03 16:27:35,leptokurtic_
2024-05-03 16:27:35,1j8cRtkkoN
2024-05-03 16:27:35,GCRClassic
2024-05-03 16:27:35,a16zcrypto
2024-05-03 16:27:35,ethena_labs
2024-05-03 16:27:35,yz5Hfmxoka
2024-05-03 16:27:35,ComplexPop
2024-05-03 16:27:35,nero_eth
2024-05-03 16:27:35,CelestiaOrg
2024-05-03 16:27:35,Stanford
2024-05-03 16:27:35,AstriaOrg
2024-05-03 16:27:35,UniswapFND
2024-05-03 16:27:35,conduitxyz
2024-05-03 16:27:35,4P9eDP2khm
2024-05-03 16:27:35,YCombinator
2024-05-03 16:27:35,Alina_Ivanovar
2024-05-03 16:27:35,j0hnwang
2024-05-03 16:27:35,base
2024-05-03 16:27:35,SuccinctLabs
2024-05-03 16:27:35,dieworkwear
2024-05-03 16:27:35,coinfund_io
2024-05-03 16:27:35,BLAST_L2
2024-05-03 16:27:35,hostiledesign
2024-05-03 16:27:35,build_on_bob
2024-05-03 16:27:35,hero_glyphs
2024-05-03 16:27:35,RLGoesHard
2024-05-03 16:27:35,9H39DQs3DV
2024-05-03 16:27:35,putthison
2024-05-03 16:27:35,paradigm
2024-05-03 16:27:35,lifewithart_
2024-05-03 16:27:35,ut8WcgWa1n
2024-05-03 16:27:35,LoreFaRamirez
2024-05-03 16:27:35,alignedlayer
2024-05-03 16:27:35,hotpot_dao
2024-05-03 16:27:35,alive_eth
2024-05-08 16:54:30,ethereumdegen
2024-05-08 16:54:30,2ijA7Kv1tt
2024-05-08 16:54:30,franklin_dao
2024-05-08 16:54:30,penndsl
2024-05-08 16:54:30,onlylarping
2024-05-08 16:54:30,Ebenezerox
2024-05-08 16:54:30,jmonegro
2024-05-08 16:54:30,morganstanley
2024-05-08 16:54:30,ezklxyz
2024-05-08 16:54:30,pennblockchain
2024-05-08 16:54:30,jpmorgan
2024-05-08 16:54:30,al3thi0meter
2024-05-08 16:54:30,snackseatsmax
2024-05-08 16:54:30,placeholdervc
2024-05-09 16:52:14,derek_hsue
2024-05-09 16:52:14,optimism
2024-05-09 16:52:14,hi_reverie
2024-05-09 16:52:14,modenetwork
2024-05-15 13:28:47,0xbowio
2024-05-15 13:28:47,connormcewen
2024-05-15 13:28:47,U3vicDnyKY
2024-05-20 19:38:19,semrush
2024-05-20 19:38:19,msantoriESQ
2024-05-20 19:38:19,parsec_finance
2024-05-20 19:38:19,HubSpot
2024-05-20 19:38:19,krakenfx
2024-05-20 19:38:19,tttseocommunity
2024-05-20 19:38:19,garntd
2024-05-20 19:38:19,Marcel79980170
2024-05-20 19:38:19,matthewbarby
2024-05-20 19:38:19,quesoquant
2024-05-20 19:38:19,wilburforce_
2024-05-20 19:38:19,decryptopodcast
2024-05-20 19:38:19,DecentralGames
