2024-04-05 21:07:37,maggielove_
2024-04-05 21:07:37,Blockhenge
2024-04-05 21:07:37,BrianBettor
2024-04-05 21:07:37,aztecnetwork
2024-04-05 21:07:37,AbGntC19G6
2024-04-05 21:07:37,dieworkwear
2024-04-05 21:07:37,BitwiseInvest
2024-04-05 21:07:37,fortyiq
2024-04-05 21:07:37,Xl5y2HfOxu
2024-04-05 21:07:37,compubutton
2024-04-05 21:07:37,HedgeDirty
2024-04-05 21:07:37,Parkerchoe
2024-04-05 21:07:37,AmericanInfoSec
2024-04-05 21:07:37,jk_rowling
2024-04-05 21:07:37,redacted_noah
2024-04-05 21:07:37,Rogue__Signal
2024-04-05 21:07:37,OpenWalletFdn
2024-04-05 21:07:37,HeliumFndn
2024-04-05 21:07:37,earthbucks_com
2024-04-05 21:07:37,TelAvivUni
2024-04-05 21:07:37,A2fBIyANAp
2024-04-05 21:07:37,TrammellVC
2024-04-05 21:07:37,hyperdiscogirl
2024-04-05 21:07:37,artintellica
2024-04-05 21:07:37,baincapital
2024-04-05 21:07:37,ilblackdragon
2024-04-05 21:07:37,TuftsUniversity
2024-04-05 21:07:37,YesYuliyaYes
2024-04-05 21:07:37,Harvard_Law
2024-04-05 21:07:37,Prof_cryptoken
2024-04-05 21:07:37,m4thnerd
2024-04-05 21:07:37,iwearahoodie
2024-04-05 21:07:37,0v35DOybb0
2024-04-05 21:07:37,E8ArtBank
2024-04-05 21:07:37,dotkrueger
2024-04-05 21:07:37,RLGoesHard
2024-04-05 21:07:37,AukeHoekstra
2024-04-05 21:07:37,CoinSharesCo
2024-04-05 21:07:37,search?q=%24TSLA&src=cashtag_click
2024-04-05 21:07:37,dinodaizovi
2024-04-05 21:07:37,caterinazhang88
2024-04-05 21:07:37,MeghanKReynolds
2024-04-05 21:07:37,iykEHl9GHV
2024-04-05 21:07:37,Matt_Hougan
2024-04-05 21:07:37,yale
2024-04-05 21:07:37,NEARProtocol
2024-04-05 21:07:37,AdvisorCircle
2024-04-05 21:07:37,bitnorbert
2024-04-05 21:07:37,ryan_x_charles
2024-04-05 21:07:37,awicv1MdkX
2024-04-05 21:07:37,jbutterfill
2024-04-05 21:07:37,bolivian808
2024-04-05 21:07:37,asymmetricinfo
2024-04-05 21:07:37,druidian
2024-04-05 21:07:37,search?q=%24ddz&src=cashtag_click
2024-04-05 21:07:37,baumanns
2024-04-05 21:07:37,2cYr8kvjBY
2024-04-05 21:07:37,TPG
2024-04-05 21:07:37,jonwu_
2024-04-05 21:07:37,thetrocro
2024-04-05 21:07:37,LumidaWealth
2024-04-05 21:07:37,ericgoldenx
2024-04-05 21:07:37,dannycharts
2024-04-05 21:07:37,BenTelAviv
2024-04-05 21:07:37,putthison
2024-04-05 21:07:37,Visa
2024-04-05 21:07:37,PeteCooling
2024-04-05 21:07:37,harvardHBS
2024-04-05 21:07:37,TUeindhoven
2024-04-05 21:07:37,TbilisiHodl
2024-04-05 21:07:37,AnestasiaVodka
2024-04-05 21:07:37,ETFcom
2024-04-05 21:07:37,degentradingLSD
2024-04-08 15:58:00,OpenWalletFdn
2024-04-08 15:58:00,AnestasiaVodka
2024-04-08 15:58:00,ETFcom
2024-04-08 15:58:00,YesYuliyaYes
2024-04-08 15:58:00,RLGoesHard
2024-04-08 15:58:00,Harvard_Law
2024-04-08 15:58:00,BenTelAviv
2024-04-08 15:58:00,CoinSharesCo
2024-04-08 15:58:00,asymmetricinfo
2024-04-08 15:58:00,hyperdiscogirl
2024-04-08 15:58:00,jbutterfill
2024-04-08 15:58:00,dannycharts
2024-04-08 15:58:00,HeliumFndn
2024-04-08 15:58:00,BrianBettor
2024-04-08 15:58:00,redacted_noah
2024-04-08 15:58:00,LumidaWealth
2024-04-08 15:58:00,AbGntC19G6
2024-04-08 15:58:00,earthbucks_com
2024-04-08 15:58:00,aztecnetwork
2024-04-08 15:58:00,m4thnerd
2024-04-08 15:58:00,2cYr8kvjBY
2024-04-08 15:58:00,druidian
2024-04-08 15:58:00,Rogue__Signal
2024-04-08 15:58:00,bolivian808
2024-04-08 15:58:00,dotkrueger
2024-04-08 15:58:00,search?q=%24TSLA&src=cashtag_click
2024-04-08 15:58:00,compubutton
2024-04-08 15:58:00,Visa
2024-04-08 15:58:00,harvardHBS
2024-04-08 15:58:00,search?q=%24ddz&src=cashtag_click
2024-04-08 15:58:00,Parkerchoe
2024-04-08 15:58:00,ilblackdragon
2024-04-08 15:58:00,artintellica
2024-04-08 15:58:00,bitnorbert
2024-04-08 15:58:00,degentradingLSD
2024-04-08 15:58:00,Xl5y2HfOxu
2024-04-08 15:58:00,0v35DOybb0
2024-04-08 15:58:00,baumanns
2024-04-08 15:58:00,caterinazhang88
2024-04-08 15:58:00,TrammellVC
2024-04-08 15:58:00,ryan_x_charles
2024-04-08 15:58:00,Matt_Hougan
2024-04-08 15:58:00,thetrocro
2024-04-08 15:58:00,Prof_cryptoken
2024-04-08 15:58:00,TbilisiHodl
2024-04-08 15:58:00,yale
2024-04-08 15:58:00,TPG
2024-04-08 15:58:00,jk_rowling
2024-04-08 15:58:00,maggielove_
2024-04-08 15:58:00,NEARProtocol
2024-04-08 15:58:00,PeteCooling
2024-04-08 15:58:00,fortyiq
2024-04-08 15:58:00,E8ArtBank
2024-04-08 15:58:00,jonwu_
2024-04-08 15:58:00,putthison
2024-04-08 15:58:00,iykEHl9GHV
2024-04-08 15:58:00,AukeHoekstra
2024-04-08 15:58:00,baincapital
2024-04-08 15:58:00,TuftsUniversity
2024-04-08 15:58:00,iwearahoodie
2024-04-08 15:58:00,TelAvivUni
2024-04-08 15:58:00,dinodaizovi
2024-04-08 15:58:00,AmericanInfoSec
2024-04-08 15:58:00,dieworkwear
2024-04-08 15:58:00,A2fBIyANAp
2024-04-08 15:58:00,AdvisorCircle
2024-04-08 15:58:00,Blockhenge
2024-04-08 15:58:00,BitwiseInvest
2024-04-08 15:58:00,HedgeDirty
2024-04-08 15:58:00,awicv1MdkX
2024-04-08 15:58:00,TUeindhoven
2024-04-08 15:58:00,MeghanKReynolds
2024-04-17 13:05:04,Harvard_Law
2024-04-17 13:05:04,baumanns
2024-04-17 13:05:04,jbutterfill
2024-04-17 13:05:04,AukeHoekstra
2024-04-17 13:05:04,compubutton
2024-04-17 13:05:04,A2fBIyANAp
2024-04-17 13:05:04,search?q=%24TSLA&src=cashtag_click
2024-04-17 13:05:04,ddorman
2024-04-17 13:05:04,earthbucks_com
2024-04-17 13:05:04,Prof_cryptoken
2024-04-17 13:05:04,OpenWalletFdn
2024-04-17 13:05:04,TrammellVC
2024-04-17 13:05:04,awicv1MdkX
2024-04-17 13:05:04,Xl5y2HfOxu
2024-04-17 13:05:04,SEAKingARGM
2024-04-17 13:05:04,dinodaizovi
2024-04-17 13:05:04,BitwiseInvest
2024-04-17 13:05:04,redacted_noah
2024-04-17 13:05:04,AbGntC19G6
2024-04-17 13:05:04,CoinSharesCo
2024-04-17 13:05:04,Blockhenge
2024-04-17 13:05:04,digitalocean
2024-04-17 13:05:04,asymmetricinfo
2024-04-17 13:05:04,hyperdiscogirl
2024-04-17 13:05:04,jump_
2024-04-17 13:05:04,E8ArtBank
2024-04-17 13:05:04,AdvisorCircle
2024-04-17 13:05:04,NEARProtocol
2024-04-17 13:05:04,ilblackdragon
2024-04-17 13:05:04,putthison
2024-04-17 13:05:04,artintellica
2024-04-17 13:05:04,dieworkwear
2024-04-17 13:05:04,bolivian808
2024-04-17 13:05:04,HeliumFndn
2024-04-17 13:05:04,TPG
2024-04-17 13:05:04,2cYr8kvjBY
2024-04-17 13:05:04,maggielove_
2024-04-17 13:05:04,jk_rowling
2024-04-17 13:05:04,YesYuliyaYes
2024-04-17 13:05:04,iwearahoodie
2024-04-17 13:05:04,Parkerchoe
2024-04-17 13:05:04,dannycharts
2024-04-17 13:05:04,ZHASoAlXo9
2024-04-17 13:05:04,TelAvivUni
2024-04-17 13:05:04,yale
2024-04-17 13:05:04,aztecnetwork
2024-04-17 13:05:04,Rogue__Signal
2024-04-17 13:05:04,druidian
2024-04-17 13:05:04,AmericanInfoSec
2024-04-17 13:05:04,ETFcom
2024-04-17 13:05:04,KanavKariya
2024-04-17 13:05:04,grafana
2024-04-17 13:05:04,ryan_x_charles
2024-04-17 13:05:04,baincapital
2024-04-17 13:05:04,jonwu_
2024-04-17 13:05:04,BenTelAviv
2024-04-17 13:05:04,RLGoesHard
2024-04-17 13:05:04,PeteCooling
2024-04-17 13:05:04,fortyiq
2024-04-17 13:05:04,harvardHBS
2024-04-17 13:05:04,degentradingLSD
2024-04-17 13:05:04,Visa
2024-04-17 13:05:04,TUeindhoven
2024-04-17 13:05:04,LumidaWealth
2024-04-17 13:05:04,m4thnerd
2024-04-17 13:05:04,TbilisiHodl
2024-04-17 13:05:04,search?q=%24ddz&src=cashtag_click
2024-04-17 13:05:04,0v35DOybb0
2024-04-17 13:05:04,dotkrueger
2024-04-17 13:05:04,bitnorbert
2024-04-17 13:05:04,MeghanKReynolds
2024-04-17 13:05:04,Matt_Hougan
2024-04-17 13:05:04,AnestasiaVodka
2024-04-17 13:05:04,TuftsUniversity
2024-04-17 13:05:04,caterinazhang88
2024-04-17 13:05:04,HedgeDirty
2024-04-17 13:05:04,thetrocro
2024-04-17 13:05:04,iykEHl9GHV
2024-04-17 13:05:04,BrianBettor
2024-05-03 16:36:09,rargulati
2024-05-03 16:36:09,snowflakedb
2024-05-03 16:36:09,awicv1MdkX
2024-05-03 16:36:09,X
2024-05-03 16:36:09,ErikaChristakis
2024-05-03 16:36:09,thetrocro
2024-05-03 16:36:09,search?q=%24ddz&src=cashtag_click
2024-05-03 16:36:09,0v35DOybb0
2024-05-03 16:36:09,businessinsider
2024-05-03 16:36:09,citi
2024-05-03 16:36:09,ByzGeneral
2024-05-03 16:36:09,DylanLeClair_
2024-05-03 16:36:09,meliarobin
2024-05-03 16:36:09,0xallyzach
2024-05-03 16:36:09,KanavKariya
2024-05-03 16:36:09,E8ArtBank
2024-05-03 16:36:09,YesYuliyaYes
2024-05-03 16:36:09,VeloData
2024-05-03 16:36:09,CoinSharesCo
2024-05-03 16:36:09,ChrisJBakke
2024-05-03 16:36:09,compubutton
2024-05-03 16:36:09,ddorman
2024-05-03 16:36:09,Columbia_biz
2024-05-03 16:36:09,jpmorgan
2024-05-03 16:36:09,search?q=%24TSLA&src=cashtag_click
2024-05-03 16:36:09,baumanns
2024-05-03 16:36:09,HedgeDirty
2024-05-03 16:36:09,Zillow
2024-05-03 16:36:09,baincapital
2024-05-03 16:36:09,AnestasiaVodka
2024-05-03 16:36:09,vouch_social
2024-05-03 16:36:09,NicerInPerson
2024-05-03 16:36:09,Indeed
2024-05-03 16:36:09,coinlist
2024-05-03 16:36:09,Philfog
2024-05-03 16:36:09,TUeindhoven
2024-05-03 16:36:09,Corner3VC
2024-05-03 16:36:09,AukeHoekstra
2024-05-03 16:36:09,harvardHBS
2024-05-03 16:36:09,dannycharts
2024-05-03 16:36:09,earthbucks_com
2024-05-03 16:36:09,vertex_protocol
2024-05-03 16:36:09,ryan_x_charles
2024-05-03 16:36:09,m4thnerd
2024-05-03 16:36:09,messaricrypto
2024-05-03 16:36:09,aztecnetwork
2024-05-03 16:36:09,dinodaizovi
2024-05-03 16:36:09,Prof_cryptoken
2024-05-03 16:36:09,CampbellJAustin
2024-05-03 16:36:09,UofIllinois
2024-05-03 16:36:09,NAChristakis
2024-05-03 16:36:09,artintellica
2024-05-03 16:36:09,Xl5y2HfOxu
2024-05-03 16:36:09,NEARProtocol
2024-05-03 16:36:09,AvivaKlompas
2024-05-03 16:36:09,jbutterfill
2024-05-03 16:36:09,fortyiq
2024-05-03 16:36:09,panteracapital
2024-05-03 16:36:09,caterinazhang88
2024-05-03 16:36:09,bryanrbeal
2024-05-03 16:36:09,MetisL2
2024-05-03 16:36:09,grafana
2024-05-03 16:36:09,jonwu_
2024-05-03 16:36:09,ZHASoAlXo9
2024-05-03 16:36:09,weareflowcarbon
2024-05-03 16:36:09,paxos
2024-05-03 16:36:09,2cYr8kvjBY
2024-05-03 16:36:09,afalkhatib
2024-05-03 16:36:09,digitalocean
2024-05-03 16:36:09,maggielove_
2024-05-03 16:36:09,yale
2024-05-03 16:36:09,ilblackdragon
2024-05-03 16:36:09,ACMideast
2024-05-03 16:36:09,iwearahoodie
2024-05-03 16:36:09,jump_
2024-05-03 16:36:09,dieworkwear
2024-05-03 16:36:09,RLGoesHard
2024-05-03 16:36:09,putthison
2024-05-03 16:36:09,asymmetricinfo
2024-05-03 16:36:09,jk_rowling
2024-05-08 16:57:17,CGasparino
2024-05-08 16:57:17,CommonBond
2024-05-08 16:57:17,SwitchpointStra
2024-05-08 16:57:17,MikeTaormina
2024-05-08 16:57:17,alluvialfinance
2024-05-09 16:55:00,miljan0x
2024-05-09 16:55:00,KrakenFX
2024-05-09 16:55:00,WillkieFarr
2024-05-09 16:55:00,crypto_council
2024-05-09 16:55:00,_jikim
2024-05-09 16:55:00,RanierGrant
2024-05-09 16:55:00,Gemini
2024-05-09 16:55:00,GoogleDeepMind
2024-05-15 13:31:20,cdsouza235
2024-05-15 13:31:20,queentatiana
2024-05-15 13:31:20,merettm
2024-05-20 19:40:56,MIT
2024-05-20 19:40:56,Eidon_AI
2024-05-20 19:40:56,GoogleCloud
2024-05-20 19:40:56,deyJKqOBJF
2024-05-20 19:40:56,BlockchainAssn
2024-05-20 19:40:56,theSamPadilla
2024-05-20 19:40:56,DeputyDavid
2024-05-20 19:40:56,ccatalini
2024-05-20 19:40:56,inter4pod
2024-05-20 19:40:56,ATXDAO
2024-05-20 19:40:56,Lightspark
