2024-04-05 23:20:12,nSI5aNWUUh
2024-04-05 23:20:12,apple
2024-04-05 23:20:12,0x_eunice
2024-04-05 23:20:12,ElectricCapital
2024-04-05 23:20:12,pipeline_xyz
2024-04-05 23:20:12,cantinaxyz
2024-04-05 23:20:12,Portal_hq
2024-04-05 23:20:12,WitnessCo_
2024-04-05 23:20:12,commureOS
2024-04-05 23:20:12,base
2024-04-05 23:20:12,heliaxdev
2024-04-05 23:20:12,kolelee_
2024-04-05 23:20:12,Okcoin
2024-04-05 23:20:12,Stanford
2024-04-05 23:20:12,sershokunin
2024-04-05 23:20:12,0xsachi
2024-04-05 23:20:12,aqlmPD43sQ
2024-04-05 23:20:12,noahkagan
2024-04-05 23:20:12,brxckinridge
2024-04-05 23:20:12,buidl_asia
2024-04-05 23:20:12,meta
2024-04-05 23:20:12,StanfordAILab
2024-04-05 23:20:12,electriccapital
2024-04-05 23:20:12,Lph3f6Hk2A
2024-04-05 23:20:12,jtguibas
2024-04-05 23:20:12,ericaplanet
2024-04-05 23:20:12,ironclad_inc
2024-04-05 23:20:12,Piccq6DcRj
2024-04-05 23:20:12,aurorasolarinc
2024-04-05 23:20:12,Cal
2024-04-05 23:20:12,MagicEden
2024-04-05 23:20:12,panteracapital
2024-04-05 23:20:12,Saildrone
2024-04-05 23:20:12,adrianbrink
2024-04-05 23:20:12,coinbase
2024-04-05 23:20:12,yahoo
2024-04-05 23:20:12,whatsapp
2024-04-05 23:20:12,kateli_nyc
2024-04-05 23:20:12,DaveMcCormickPA
2024-04-05 23:20:12,bluefinapp
2024-04-05 23:20:12,bankofamerica
2024-04-05 23:20:12,appsumo
2024-04-05 23:20:12,NozomiNetworks
2024-04-05 23:20:12,_hrkrshnn
2024-04-05 23:20:12,BerkeleyML
2024-04-05 23:20:12,SpearbitDAO
2024-04-05 23:20:12,NEARFoundation
2024-04-05 23:20:12,namada
2024-04-05 23:20:12,KryptoSeoul
2024-04-05 23:20:12,jasonklau
2024-04-05 23:20:12,IQWIKI
2024-04-05 23:20:12,openspaceai
2024-04-05 23:20:12,EQkhSdbM9a
2024-04-05 23:20:12,EKlAomDEcI
2024-04-05 23:20:12,3L9bkdlQgb
2024-04-05 23:20:12,CBazlamit
2024-04-05 23:20:12,anoma
2024-04-05 23:20:12,real_philogy
2024-04-05 23:20:12,travismo123
2024-04-05 23:20:12,puffer_finance
2024-04-05 23:20:12,OKX
2024-04-05 23:20:12,columbia
2024-04-05 23:20:12,term_labs
2024-04-05 23:20:12,bwaytech
2024-04-05 23:20:12,eigenlayer
2024-04-05 23:20:12,yAy94oUfGB
2024-04-05 23:20:12,David___Mo
2024-04-05 23:20:12,thielfellowship
2024-04-05 23:20:12,re
2024-04-05 23:20:12,bznotes
2024-04-05 23:20:12,shutterstock
2024-04-05 23:20:12,csvarun26396
2024-04-05 23:20:12,thetinaverse
2024-04-05 23:20:12,NEARProtocol
2024-04-05 23:20:12,rtaori13
2024-04-05 23:20:12,stephensonhmatt
2024-04-05 23:20:12,sfrankel9
2024-04-05 23:20:12,stanford
2024-04-05 23:20:12,HyperspaceAI
2024-04-05 23:20:12,rajparekh_
2024-04-05 23:20:12,fraxfinance
2024-04-05 23:20:12,SaharaLabsAI
2024-04-05 23:20:12,pufferfi_cn
2024-04-05 23:20:12,Polychain
2024-04-05 23:20:12,opendanny
2024-04-05 23:20:12,appliedint
2024-04-05 23:20:12,buildonbase
2024-04-05 23:20:12,block_science
2024-04-05 23:20:12,EMostaque
2024-04-05 23:20:12,DesktopMetal
2024-04-05 23:20:12,eth_seoul_
2024-04-05 23:20:12,solidity_lang
2024-04-05 23:20:12,term_finance
2024-04-05 23:20:12,stanfordcrypto
2024-04-05 23:20:12,blocksek
2024-04-05 23:20:12,haunventures
2024-04-05 23:20:12,succinctlabs
2024-04-05 23:20:12,alextapscott
2024-04-05 23:20:12,ekang426
2024-04-05 23:20:12,YBONg34U4M
2024-04-05 23:20:12,monad_xyz
2024-04-05 23:20:12,tom_hirst
2024-04-05 23:20:12,mit
2024-04-05 23:20:12,She__Fi
2024-04-05 23:20:12,BasedBase2
2024-04-05 23:20:12,HumanityChad
2024-04-05 23:20:12,SorellaLabs
2024-04-05 23:20:12,varun_mathur
2024-04-05 23:20:12,nexa_network
2024-04-08 17:14:37,Piccq6DcRj
2024-04-08 17:14:37,real_philogy
2024-04-08 17:14:37,aurorasolarinc
2024-04-08 17:14:37,coinbase
2024-04-08 17:14:37,thetinaverse
2024-04-08 17:14:37,nSI5aNWUUh
2024-04-08 17:14:37,buidl_asia
2024-04-08 17:14:37,travismo123
2024-04-08 17:14:37,stephensonhmatt
2024-04-08 17:14:37,rtaori13
2024-04-08 17:14:37,succinctlabs
2024-04-08 17:14:37,Cal
2024-04-08 17:14:37,noahkagan
2024-04-08 17:14:37,NozomiNetworks
2024-04-08 17:14:37,Okcoin
2024-04-08 17:14:37,term_finance
2024-04-08 17:14:37,anoma
2024-04-08 17:14:37,Lph3f6Hk2A
2024-04-08 17:14:37,HumanityChad
2024-04-08 17:14:37,opendanny
2024-04-08 17:14:37,AirbnbEng
2024-04-08 17:14:37,thielfellowship
2024-04-08 17:14:37,nexa_network
2024-04-08 17:14:37,bitfish1
2024-04-08 17:14:37,Saildrone
2024-04-08 17:14:37,yAy94oUfGB
2024-04-08 17:14:37,David___Mo
2024-04-08 17:14:37,adrianbrink
2024-04-08 17:14:37,heliaxdev
2024-04-08 17:14:37,jtguibas
2024-04-08 17:14:37,virattt
2024-04-08 17:14:37,IQWIKI
2024-04-08 17:14:37,openspaceai
2024-04-08 17:14:37,HyperspaceAI
2024-04-08 17:14:37,mit
2024-04-08 17:14:37,buildonbase
2024-04-08 17:14:37,ModulusLabs
2024-04-08 17:14:37,alextapscott
2024-04-08 17:14:37,commureOS
2024-04-08 17:14:37,CBazlamit
2024-04-08 17:14:37,She__Fi
2024-04-08 17:14:37,namada
2024-04-08 17:14:37,appliedint
2024-04-08 17:14:37,csvarun26396
2024-04-08 17:14:37,solidity_lang
2024-04-08 17:14:37,3L9bkdlQgb
2024-04-08 17:14:37,bluefinapp
2024-04-08 17:14:37,term_labs
2024-04-08 17:14:37,BasedBase2
2024-04-08 17:14:37,BerkeleyML
2024-04-08 17:14:37,columbia
2024-04-08 17:14:37,DesktopMetal
2024-04-08 17:14:37,meta
2024-04-08 17:14:37,SorellaLabs
2024-04-08 17:14:37,re
2024-04-08 17:14:37,EQkhSdbM9a
2024-04-08 17:14:37,appsumo
2024-04-08 17:14:37,pipeline_xyz
2024-04-08 17:14:37,puffer_finance
2024-04-08 17:14:37,sershokunin
2024-04-08 17:14:37,_hrkrshnn
2024-04-08 17:14:37,bwaytech
2024-04-08 17:14:37,SpearbitDAO
2024-04-08 17:14:37,Portal_hq
2024-04-08 17:14:37,NEARFoundation
2024-04-08 17:14:37,kateli_nyc
2024-04-08 17:14:37,eigenlayer
2024-04-08 17:14:37,jasonklau
2024-04-08 17:14:37,varun_mathur
2024-04-08 17:14:37,sfrankel9
2024-04-08 17:14:37,MagicEden
2024-04-08 17:14:37,shutterstock
2024-04-08 17:14:37,whatsapp
2024-04-08 17:14:37,monad_xyz
2024-04-08 17:14:37,NEARProtocol
2024-04-08 17:14:37,electriccapital
2024-04-08 17:14:37,base
2024-04-08 17:14:37,Stanford
2024-04-08 17:14:37,Polychain
2024-04-08 17:14:37,ironclad_inc
2024-04-08 17:14:37,blocksek
2024-04-08 17:14:37,brxckinridge
2024-04-08 17:14:37,tom_hirst
2024-04-08 17:14:37,eth_seoul_
2024-04-08 17:14:37,stanfordcrypto
2024-04-08 17:14:37,0x_eunice
2024-04-08 17:14:37,pufferfi_cn
2024-04-08 17:14:37,apple
2024-04-08 17:14:37,ekang426
2024-04-08 17:14:37,EMostaque
2024-04-08 17:14:37,aqlmPD43sQ
2024-04-08 17:14:37,ElectricCapital
2024-04-08 17:14:37,OKX
2024-04-08 17:14:37,bznotes
2024-04-08 17:14:37,ericaplanet
2024-04-08 17:14:37,WitnessCo_
2024-04-08 17:14:37,cantinaxyz
2024-04-08 17:14:37,fraxfinance
2024-04-08 17:14:37,EKlAomDEcI
2024-04-08 17:14:37,rajparekh_
2024-04-08 17:14:37,0xsachi
2024-04-08 17:14:37,haunventures
2024-04-08 17:14:37,kolelee_
2024-04-08 17:14:37,YBONg34U4M
2024-04-08 17:14:37,StanfordAILab
2024-04-08 17:14:37,stanford
2024-04-08 17:14:37,block_science
2024-04-08 17:14:37,bankofamerica
2024-04-08 17:14:37,panteracapital
2024-04-08 17:14:37,SaharaLabsAI
2024-04-08 17:14:37,KryptoSeoul
2024-04-08 17:14:37,yahoo
2024-04-08 17:14:37,DaveMcCormickPA
2024-04-17 14:23:38,pufferfi_cn
2024-04-17 14:23:38,0xTyllen
2024-04-17 14:23:38,HyperspaceAI
2024-04-17 14:23:38,anoma
2024-04-17 14:23:38,0nDBZ5vACy
2024-04-17 14:23:38,puffer_finance
2024-04-17 14:23:38,csvarun26396
2024-04-17 14:23:38,aqlmPD43sQ
2024-04-17 14:23:38,ord_io
2024-04-17 14:23:38,LeonidasNFT
2024-04-17 14:23:38,bitfish1
2024-04-17 14:23:38,MagicEden
2024-04-17 14:23:38,adrianbrink
2024-04-17 14:23:38,AirbnbEng
2024-04-17 14:23:38,Okcoin
2024-04-17 14:23:38,LPDMVpuiVe
2024-04-17 14:23:38,mraltantutar
2024-04-17 14:23:38,jtguibas
2024-04-17 14:23:38,nearfoundation
2024-04-17 14:23:38,yAy94oUfGB
2024-04-17 14:23:38,David___Mo
2024-04-17 14:23:38,nearprotocol
2024-04-17 14:23:38,_jhunsaker
2024-04-17 14:23:38,electriccapital
2024-04-17 14:23:38,0x9e0ff
2024-04-17 14:23:38,thielfellowship
2024-04-17 14:23:38,mcgill
2024-04-17 14:23:38,Lph3f6Hk2A
2024-04-17 14:23:38,stanfordcrypto
2024-04-17 14:23:38,3L9bkdlQgb
2024-04-17 14:23:38,pridesai
2024-04-17 14:23:38,GoldmanSachs
2024-04-17 14:23:38,opensea
2024-04-17 14:23:38,hfuUdjnnqL
2024-04-17 14:23:38,Coinbase
2024-04-17 14:23:38,NEARProtocol
2024-04-17 14:23:38,tributelabsxyz
2024-04-17 14:23:38,conzimp
2024-04-17 14:23:38,monad_xyz
2024-04-17 14:23:38,OKX
2024-04-17 14:23:38,tom_hirst
2024-04-17 14:23:38,kolelee_
2024-04-17 14:23:38,solana
2024-04-17 14:23:38,ema_unlimited
2024-04-17 14:23:38,term_finance
2024-04-17 14:23:38,georgiatech
2024-04-17 14:23:38,imperialcollege
2024-04-17 14:23:38,OnurES_
2024-04-17 14:23:38,heliaxdev
2024-04-17 14:23:38,namada
2024-04-17 14:23:38,HumanityChad
2024-04-17 14:23:38,ElectricCapital
2024-04-17 14:23:38,alextapscott
2024-04-17 14:23:38,TheOrdinalShow
2024-04-17 14:23:38,nftpulseorg
2024-04-17 14:23:38,surojit
2024-04-17 14:23:38,virattt
2024-04-17 14:23:38,jasonklau
2024-04-17 14:23:38,nansen_ai
2024-04-17 14:23:38,PythNetwork
2024-04-17 14:23:38,succinctlabs
2024-04-17 14:23:38,ModulusLabs
2024-04-17 14:23:38,AmirOnchain
2024-04-17 14:23:38,varun_mathur
2024-04-17 14:23:38,term_labs
2024-04-17 14:23:38,Fabric_VC
2024-04-17 14:23:38,BasedBase2
2024-04-17 14:23:38,jpmorgan
2024-04-17 14:23:38,NEARFoundation
2024-04-17 14:23:38,Meta
2024-04-17 14:23:38,rajparekh_
2024-04-17 14:23:38,kateli_nyc
2024-04-17 14:23:38,jo5lL4lqNA
2024-04-17 14:23:38,Portal_hq
2024-04-17 14:23:38,Piccq6DcRj
2024-04-17 14:23:38,richardmuirhead
2024-04-17 14:23:38,UniswapFND
2024-04-17 14:23:38,RepThomasMassie
2024-04-17 14:23:38,stanford
2024-04-17 14:23:38,EKlAomDEcI
2024-04-17 14:23:38,EMostaque
2024-04-17 14:23:38,blknoiz06
2024-04-17 14:23:38,jumptrading
2024-05-03 17:17:01,paradigm
2024-05-03 17:17:01,0x_Osprey
2024-05-03 17:17:01,WitnessCo_
2024-05-03 17:17:01,JenniferHli
2024-05-03 17:17:01,YashAtreya
2024-05-03 17:17:01,0xkrane
2024-05-03 17:17:01,PaymanAI
2024-05-03 17:17:01,delegatedotxyz
2024-05-03 17:17:01,clustersxyz
2024-05-03 17:17:01,yAYBHPQ070
2024-05-03 17:17:01,flow_blockchain
2024-05-03 17:17:01,LSQFYxLeEK
2024-05-03 17:17:01,BullpenFi
2024-05-03 17:17:01,kAStjsIRIX
2024-05-03 17:17:01,LayerZero_Labs
2024-05-03 17:17:01,ideogram_ai
2024-05-03 17:17:01,UniswapFDN
2024-05-03 17:17:01,FlintDibble
2024-05-03 17:17:01,ucyLn1GNdt
2024-05-03 17:17:01,DkOgm59B3c
2024-05-03 17:17:01,hfuUdjmPBd
2024-05-03 17:17:01,hiFramework
2024-05-03 17:17:01,pratitirc08
2024-05-03 17:17:01,viswanathpramod
2024-05-03 17:17:01,a16z
2024-05-08 17:25:46,beepsHQ
2024-05-08 17:25:46,sliccardo
2024-05-08 17:25:46,ucyLn1GfnV
2024-05-08 17:25:46,glitchmarfa
2024-05-08 17:25:46,kohl_garcia
2024-05-08 17:25:46,memphis_mantis
2024-05-10 16:25:05,SolvProtocol
2024-05-10 16:25:05,HeightOptimized
2024-05-10 16:25:05,delabsxyz
2024-05-10 16:25:05,RyanChow_DeFi
2024-05-10 16:25:05,macdegods
2024-05-15 13:56:32,kevinhsu1008
2024-05-15 13:56:32,AustinB31415
2024-05-15 13:56:32,StanfordCrypto
2024-05-20 20:06:19,Ripple
2024-05-20 20:06:19,Uniswap
2024-05-20 20:06:19,EclipseFND
2024-05-20 20:06:19,NASAJPL
2024-05-20 20:06:19,dYdX
2024-05-20 20:06:19,0xLitquidity
