2024-04-05 23:01:42,jhanatech
2024-04-05 23:01:42,Wired
2024-04-05 23:01:42,HenryBaker
2024-04-05 23:01:42,sfstandard
2024-04-05 23:01:42,dcposch
2024-04-05 23:01:42,andrewmccalip
2024-04-05 23:01:42,search?q=%24USDC&src=cashtag_click
2024-04-05 23:01:42,OpenAI
2024-04-05 23:01:42,Harvard
2024-04-05 23:01:42,wearetogethersf
2024-04-05 23:01:42,sethbannon
2024-04-05 23:01:42,BAN6JRW1KK
2024-04-05 23:01:42,DrJimFan
2024-04-05 23:01:42,reflectorbital
2024-04-05 23:01:42,DogAgingProject
2024-04-05 23:01:42,vibhu
2024-04-05 23:01:42,WuNeal
2024-04-05 23:01:42,RealDoctorMike
2024-04-05 23:01:42,Stanford
2024-04-05 23:01:42,tryramp
2024-04-05 23:01:42,dripsnetwork
2024-04-05 23:01:42,Family
2024-04-05 23:01:42,bradlightcap
2024-04-05 23:01:42,Uber
2024-04-05 23:01:42,VtCEbuw6KH
2024-04-05 23:01:42,NVIDIA
2024-04-05 23:01:42,OSFund
2024-04-05 23:01:42,medallionfm
2024-04-05 23:01:42,brex
2024-04-05 23:01:42,Braintree
2024-04-05 23:01:42,zhEu3pVwQj
2024-04-05 23:01:42,amandaorson
2024-04-05 23:01:42,coinbase
2024-04-05 23:01:42,Twolfrecovery
2024-04-05 23:01:42,SouthPkCommons
2024-04-05 23:01:42,GoogleBrain
2024-04-05 23:01:42,fiftyyears
2024-04-05 23:01:42,solanaspaces
2024-04-05 23:01:42,uniswap
2024-04-05 23:01:42,bennbuilds
2024-04-05 23:01:42,earthquakesSF
2024-04-05 23:01:42,altcap
2024-04-05 23:01:42,ADoricko
2024-04-05 23:01:42,SABEW
2024-04-05 23:01:42,c1r3d7AO1Z
2024-04-05 23:01:42,0xPolygon
2024-04-05 23:01:42,zcabrams
2024-04-05 23:01:42,venmo
2024-04-05 23:01:42,sinahab
2024-04-05 23:01:42,zyper_official
2024-04-05 23:01:42,placeholdervc
2024-04-05 23:01:42,billsnitzer
2024-04-05 23:01:42,iEHmaiDzz3
2024-04-05 23:01:42,petejkim
2024-04-05 23:01:42,SFDemsForChange
2024-04-05 23:01:42,KaniKinSF
2024-04-05 23:01:42,b8ta
2024-04-05 23:01:42,KN4qebnKab
2024-04-05 23:01:42,tsfaction
2024-04-05 23:01:42,business
2024-04-05 23:01:42,Tribes_xyz
2024-04-05 23:01:42,Stocktwits
2024-04-05 23:01:42,pihw5AGvbV
2024-04-05 23:01:42,node_Cap
2024-04-05 23:01:42,CipherBrowser
2024-04-05 23:01:42,tszzl
2024-04-05 23:01:42,JasonrShuman
2024-04-05 23:01:42,discord
2024-04-05 23:01:42,Coinbase
2024-04-05 23:01:42,tpfZwEwGiq
2024-04-05 23:01:42,xai
2024-04-05 23:01:42,patronfund
2024-04-05 23:01:42,jvlTNyD6fO
2024-04-05 23:01:42,nodemonste
2024-04-05 23:01:42,0xDesigner
2024-04-05 23:01:42,PrimaryVC
2024-04-05 23:01:42,jmonegro
2024-04-05 23:01:42,CoinbaseWallet
2024-04-05 23:01:42,bryan_johnson
2024-04-05 23:01:42,WeAreTogetherSF
2024-04-05 23:01:42,IvRKyYLHoq
2024-04-05 23:01:42,nayafia
2024-04-05 23:01:42,AmosMeiri
2024-04-05 23:01:42,vardaspace
2024-04-05 23:01:42,AmberAtherton
2024-04-05 23:01:42,fora_market
2024-04-05 23:01:42,KernelCo
2024-04-05 23:01:42,ConnorYMartin
2024-04-05 23:01:42,TSFAction
2024-04-05 23:01:42,Galleon
2024-04-05 23:01:42,cognition_labs
2024-04-05 23:01:42,ZruvkNIdR3
2024-04-05 23:01:42,drip_haus
2024-04-05 23:01:42,info4pi
2024-04-08 17:05:04,patronfund
2024-04-08 17:05:04,IvRKyYLHoq
2024-04-08 17:05:04,coinbase
2024-04-08 17:05:04,tpfZwEwGiq
2024-04-08 17:05:04,medallionfm
2024-04-08 17:05:04,fiftyyears
2024-04-08 17:05:04,hoka
2024-04-08 17:05:04,drip_haus
2024-04-08 17:05:04,reflectorbital
2024-04-08 17:05:04,discord
2024-04-08 17:05:04,RealDoctorMike
2024-04-08 17:05:04,NVIDIA
2024-04-08 17:05:04,search?q=%24USDC&src=cashtag_click
2024-04-08 17:05:04,JasonrShuman
2024-04-08 17:05:04,uniswap
2024-04-08 17:05:04,earthquakesSF
2024-04-08 17:05:04,hardestgeezer
2024-04-08 17:05:04,SFDemsForChange
2024-04-08 17:05:04,iEHmaiDzz3
2024-04-08 17:05:04,Harvard
2024-04-08 17:05:04,HenryBaker
2024-04-08 17:05:04,bennbuilds
2024-04-08 17:05:04,zhEu3pVwQj
2024-04-08 17:05:04,fora_market
2024-04-08 17:05:04,tszzl
2024-04-08 17:05:04,Tribes_xyz
2024-04-08 17:05:04,dcposch
2024-04-08 17:05:04,Family
2024-04-08 17:05:04,0xDesigner
2024-04-08 17:05:04,SABEW
2024-04-08 17:05:04,node_Cap
2024-04-08 17:05:04,tsfaction
2024-04-08 17:05:04,OpenAI
2024-04-08 17:05:04,KN4qebnKab
2024-04-08 17:05:04,0xPolygon
2024-04-08 17:05:04,solanaspaces
2024-04-08 17:05:04,altcap
2024-04-08 17:05:04,tryramp
2024-04-08 17:05:04,bradlightcap
2024-04-08 17:05:04,CipherBrowser
2024-04-08 17:05:04,vardaspace
2024-04-08 17:05:04,jvlTNyD6fO
2024-04-08 17:05:04,WeAreTogetherSF
2024-04-08 17:05:04,SouthPkCommons
2024-04-08 17:05:04,Stocktwits
2024-04-08 17:05:04,sinahab
2024-04-08 17:05:04,zcabrams
2024-04-08 17:05:04,vibhu
2024-04-08 17:05:04,billsnitzer
2024-04-08 17:05:04,BAN6JRW1KK
2024-04-08 17:05:04,PrimaryVC
2024-04-08 17:05:04,huel
2024-04-08 17:05:04,sfstandard
2024-04-08 17:05:04,cognition_labs
2024-04-08 17:05:04,CoinbaseWallet
2024-04-08 17:05:04,DogAgingProject
2024-04-08 17:05:04,KernelCo
2024-04-08 17:05:04,jmonegro
2024-04-08 17:05:04,WuNeal
2024-04-08 17:05:04,AmosMeiri
2024-04-08 17:05:04,ADoricko
2024-04-08 17:05:04,business
2024-04-08 17:05:04,placeholdervc
2024-04-08 17:05:04,brex
2024-04-08 17:05:04,Twolfrecovery
2024-04-08 17:05:04,petejkim
2024-04-08 17:05:04,GoogleBrain
2024-04-08 17:05:04,jhanatech
2024-04-08 17:05:04,Wired
2024-04-08 17:05:04,wearetogethersf
2024-04-08 17:05:04,Stanford
2024-04-08 17:05:04,VtCEbuw6KH
2024-04-08 17:05:04,andrewmccalip
2024-04-08 17:05:04,Uber
2024-04-08 17:05:04,TSFAction
2024-04-08 17:05:04,DrJimFan
2024-04-08 17:05:04,nayafia
2024-04-08 17:05:04,venmo
2024-04-08 17:05:04,Galleon
2024-04-08 17:05:04,bryan_johnson
2024-04-08 17:05:04,c1r3d7AO1Z
2024-04-08 17:05:04,KaniKinSF
2024-04-08 17:05:04,zyper_official
2024-04-08 17:05:04,info4pi
2024-04-08 17:05:04,xai
2024-04-08 17:05:04,nodemonste
2024-04-08 17:05:04,amandaorson
2024-04-08 17:05:04,AmberAtherton
2024-04-08 17:05:04,perfecttednrg
2024-04-08 17:05:04,Coinbase
2024-04-08 17:05:04,dripsnetwork
2024-04-08 17:05:04,Braintree
2024-04-08 17:05:04,ConnorYMartin
2024-04-08 17:05:04,OSFund
2024-04-08 17:05:04,pihw5AGvbV
2024-04-08 17:05:04,ZruvkNIdR3
2024-04-08 17:05:04,sethbannon
2024-04-08 17:05:04,b8ta
2024-04-08 12:26:52,solanaspaces
2024-04-08 12:26:52,ADoricko
2024-04-08 12:26:52,sethbannon
2024-04-08 12:26:52,Wired
2024-04-08 12:26:52,cognition_labs
2024-04-08 12:26:52,patronfund
2024-04-08 12:26:52,bennbuilds
2024-04-08 12:26:52,GoogleBrain
2024-04-08 12:26:52,SABEW
2024-04-08 12:26:52,drip_haus
2024-04-08 12:26:52,WuNeal
2024-04-08 12:26:52,CoinbaseWallet
2024-04-08 12:26:52,Family
2024-04-08 12:26:52,huel
2024-04-08 12:26:52,AmberAtherton
2024-04-08 12:26:52,BAN6JRW1KK
2024-04-08 12:26:52,tpfZwEwGiq
2024-04-08 12:26:52,fiftyyears
2024-04-08 12:26:52,zyper_official
2024-04-08 12:26:52,0xPolygon
2024-04-08 12:26:52,Coinbase
2024-04-08 12:26:52,zhEu3pVwQj
2024-04-08 12:26:52,search?q=%24USDC&src=cashtag_click
2024-04-08 12:26:52,discord
2024-04-08 12:26:52,Tribes_xyz
2024-04-08 12:26:52,reflectorbital
2024-04-08 12:26:52,b8ta
2024-04-08 12:26:52,vibhu
2024-04-08 12:26:52,Harvard
2024-04-08 12:26:52,perfecttednrg
2024-04-08 12:26:52,SouthPkCommons
2024-04-08 12:26:52,KN4qebnKab
2024-04-08 12:26:52,CipherBrowser
2024-04-08 12:26:52,Stocktwits
2024-04-08 12:26:52,tryramp
2024-04-08 12:26:52,petejkim
2024-04-08 12:26:52,hardestgeezer
2024-04-08 12:26:52,hoka
2024-04-08 12:26:52,pihw5AGvbV
2024-04-17 14:12:19,discord
2024-04-17 14:12:19,KaniKinSF
2024-04-17 14:12:19,jmonegro
2024-04-17 14:12:19,drip_haus
2024-04-17 14:12:19,altcap
2024-04-17 14:12:19,info4pi
2024-04-17 14:12:19,amandaorson
2024-04-17 14:12:19,SABEW
2024-04-17 14:12:19,earthquakesSF
2024-04-17 14:12:19,KN4qebnKab
2024-04-17 14:12:19,search?q=%24USDC&src=cashtag_click
2024-04-17 14:12:19,wearetogethersf
2024-04-17 14:12:19,tryramp
2024-04-17 14:12:19,sfstandard
2024-04-17 14:12:19,placeholdervc
2024-04-17 14:12:19,c1r3d7AO1Z
2024-04-17 14:12:19,GoogleBrain
2024-04-17 14:12:19,AmberAtherton
2024-04-17 14:12:19,ADoricko
2024-04-17 14:12:19,sethbannon
2024-04-17 14:12:19,DrJimFan
2024-04-17 14:12:19,huel
2024-04-17 14:12:19,TSFAction
2024-04-17 14:12:19,cognition_labs
2024-04-17 14:12:19,SFDemsForChange
2024-04-17 14:12:19,ZruvkNIdR3
2024-04-17 14:12:19,dcposch
2024-04-17 14:12:19,Galleon
2024-04-17 14:12:19,hoka
2024-04-17 14:12:19,CipherBrowser
2024-04-17 14:12:19,nodemonste
2024-04-17 14:12:19,node_Cap
2024-04-17 14:12:19,DogAgingProject
2024-04-17 14:12:19,WuNeal
2024-04-17 14:12:19,BAN6JRW1KK
2024-04-17 14:12:19,iEHmaiDzz3
2024-04-17 14:12:19,OpenAI
2024-04-17 14:12:19,fiftyyears
2024-04-17 14:12:19,dripsnetwork
2024-04-17 14:12:19,IvRKyYLHoq
2024-04-17 14:12:19,Twolfrecovery
2024-04-17 14:12:19,sinahab
2024-04-17 14:12:19,ConnorYMartin
2024-04-17 14:12:19,Coinbase
2024-04-17 14:12:19,pihw5AGvbV
2024-04-17 14:12:19,HenryBaker
2024-04-17 14:12:19,zyper_official
2024-04-17 14:12:19,Family
2024-04-17 14:12:19,tszzl
2024-04-17 14:12:19,medallionfm
2024-04-17 14:12:19,UQ3XclTUSF
2024-04-17 14:12:19,nayafia
2024-04-17 14:12:19,fora_market
2024-04-17 14:12:19,0xPolygon
2024-04-17 14:12:19,Harvard
2024-04-17 14:12:19,Uber
2024-04-17 14:12:19,patronfund
2024-04-17 14:12:19,xai
2024-04-17 14:12:19,vibhu
2024-04-17 14:12:19,tpfZwEwGiq
2024-04-17 14:12:19,RealDoctorMike
2024-04-17 14:12:19,b8ta
2024-04-17 14:12:19,bryan_johnson
2024-04-17 14:12:19,uniswap
2024-04-17 14:12:19,JasonrShuman
2024-04-17 14:12:19,venmo
2024-04-17 14:12:19,WeAreTogetherSF
2024-04-17 14:12:19,hardestgeezer
2024-04-17 14:12:19,jvlTNyD6fO
2024-04-17 14:12:19,CoinbaseWallet
2024-04-17 14:12:19,coinbase
2024-04-17 14:12:19,zcabrams
2024-04-17 14:12:19,VtCEbuw6KH
2024-04-17 14:12:19,PrimaryVC
2024-04-17 14:12:19,SouthPkCommons
2024-04-17 14:12:19,AmosMeiri
2024-04-17 14:12:19,vardaspace
2024-04-17 14:12:19,andrewmccalip
2024-04-17 14:12:19,petejkim
2024-04-17 14:12:19,Wired
2024-04-17 14:12:19,Tribes_xyz
2024-04-17 14:12:19,reflectorbital
2024-04-17 14:12:19,Nitrous
2024-04-17 14:12:19,business
2024-04-17 14:12:19,bradlightcap
2024-04-17 14:12:19,NVIDIA
2024-04-17 14:12:19,perfecttednrg
2024-04-17 14:12:19,billsnitzer
2024-04-17 14:12:19,Stanford
2024-04-17 14:12:19,bennbuilds
2024-04-17 14:12:19,brex
2024-04-17 14:12:19,0xDesigner
2024-04-17 14:12:19,Braintree
2024-04-17 14:12:19,zhEu3pVwQj
2024-04-17 14:12:19,tsfaction
2024-04-17 14:12:19,jhanatech
2024-04-17 14:12:19,solanaspaces
2024-04-17 14:12:19,Stocktwits
2024-05-03 17:12:59,roycoprotocol
2024-05-15 13:52:23,c_valenzuelab
2024-05-15 13:52:23,runwayml
2024-05-20 20:02:35,JZDd4Vik4P
2024-05-20 20:02:35,RainmakerCorp
