2024-04-05 22:51:49,ShoeVentures
2024-04-05 22:51:49,SPChinchali
2024-04-05 22:51:49,BullpenFi
2024-04-05 22:51:49,anammostarac
2024-04-05 22:51:49,jalex_towle
2024-04-05 22:51:49,SuiNetwork
2024-04-05 22:51:49,openzeppelin
2024-04-05 22:51:49,tn_pendle
2024-04-05 22:51:49,weswfloyd
2024-04-05 22:51:49,hypedevrel
2024-04-05 22:51:49,numbergroupxyz
2024-04-05 22:51:49,AaveAave
2024-04-05 22:51:49,search?q=%24PALM&src=cashtag_click
2024-04-05 22:51:49,wonderstruckxyz
2024-04-05 22:51:49,ShapeShift
2024-04-05 22:51:49,GoldmanSachs
2024-04-05 22:51:49,trentdotsol
2024-04-05 22:51:49,orb_land
2024-04-05 22:51:49,megaeth_labs
2024-04-05 22:51:49,starknet
2024-04-05 22:51:49,jito_labs
2024-04-05 22:51:49,Google
2024-04-05 22:51:49,withvana
2024-04-05 22:51:49,Solana
2024-04-05 22:51:49,DrakeBreeding
2024-04-05 22:51:49,cavemanloverboy
2024-04-05 22:51:49,lekevicius
2024-04-05 22:51:49,ABCDELabs
2024-04-05 22:51:49,cairoeth
2024-04-05 22:51:49,iosiro_security
2024-04-05 22:51:49,kuzco_xyz
2024-04-05 22:51:49,developer_dao
2024-04-05 22:51:49,cyodyssey
2024-04-05 22:51:49,elixir
2024-04-05 22:51:49,chronear
2024-04-05 22:51:49,edmundedgar
2024-04-05 22:51:49,0xhopf
2024-04-05 22:51:49,0x0aa0
2024-04-05 22:51:49,palmaierc
2024-04-05 22:51:49,cyberFund_
2024-04-05 22:51:49,MikeGunter_
2024-04-05 22:51:49,salxyz
2024-04-05 22:51:49,GalaxyHQ
2024-04-05 22:51:49,0xSamHogan
2024-04-05 22:51:49,cursive_team
2024-04-05 22:51:49,eigenlayer
2024-04-05 22:51:49,delv_tech
2024-04-05 22:51:49,cysic_xyz
2024-04-05 22:51:49,anza_xyz
2024-04-05 22:51:49,jeWGxsqnnm
2024-04-05 22:51:49,Uw2zzvZck6
2024-04-05 22:51:49,kitvolta
2024-04-05 22:51:49,E3XexKHUSM
2024-04-05 22:51:49,anna_kazlauskas
2024-04-05 22:51:49,UnlayeredPod
2024-04-05 22:51:49,stonybrooku
2024-04-05 22:51:49,shefiorg
2024-04-05 22:51:49,AgoraDollar
2024-04-05 22:51:49,artofkot
2024-04-05 22:51:49,Coinbase
2024-04-05 22:51:49,q5mHPJDobs
2024-04-05 22:51:49,ExponentFinance
2024-04-05 22:51:49,Figment_io
2024-04-05 22:51:49,5bGZ0lMjNs
2024-04-05 22:51:49,RealityEth
2024-04-05 22:51:49,caveatnyc
2024-04-05 22:51:49,modenetwork
2024-04-05 22:51:49,CatMcGeeCode
2024-04-05 22:51:49,reinerpope
2024-04-05 22:51:49,thedfipod
2024-04-05 22:51:49,pendle_fi
2024-04-05 22:51:49,6glejkHwE4
2024-04-05 22:51:49,nalin
2024-04-05 22:51:49,Forculus
2024-04-05 22:51:49,Cornell_Tech
2024-04-05 22:51:49,bidclubio
2024-04-05 22:51:49,MatXComputing
2024-04-05 22:51:49,yenwod_
2024-04-05 22:51:49,AztecNetwork
2024-04-05 22:51:49,solana
2024-04-05 22:51:49,solanalabs
2024-04-05 22:51:49,joininteract
2024-04-05 22:51:49,eigen_labs
2024-04-08 16:58:37,starknet
2024-04-08 16:58:37,ShapeShift
2024-04-08 16:58:37,elixir
2024-04-08 16:58:37,reinerpope
2024-04-08 16:58:37,NamikMuduroglu
2024-04-08 16:58:37,numbergroupxyz
2024-04-08 16:58:37,GalaxyHQ
2024-04-08 16:58:37,openzeppelin
2024-04-08 16:58:37,eawosikaa
2024-04-08 16:58:37,Google
2024-04-08 16:58:37,ShoeVentures
2024-04-08 16:58:37,0xSamHogan
2024-04-08 16:58:37,AaveAave
2024-04-08 16:58:37,withvana
2024-04-08 16:58:37,stonybrooku
2024-04-08 16:58:37,wonderstruckxyz
2024-04-08 16:58:37,artofkot
2024-04-08 16:58:37,solanalabs
2024-04-08 16:58:37,weswfloyd
2024-04-08 16:58:37,jeWGxsqnnm
2024-04-08 16:58:37,anna_kazlauskas
2024-04-08 16:58:37,siddsanyal
2024-04-08 16:58:37,MikeGunter_
2024-04-08 16:58:37,joininteract
2024-04-08 16:58:37,cairoeth
2024-04-08 16:58:37,Forculus
2024-04-08 16:58:37,DrakeBreeding
2024-04-08 16:58:37,chronear
2024-04-08 16:58:37,Law360
2024-04-08 16:58:37,solana
2024-04-08 16:58:37,caveatnyc
2024-04-08 16:58:37,AztecNetwork
2024-04-08 16:58:37,edmundedgar
2024-04-08 16:58:37,Ethereum2077
2024-04-08 16:58:37,delv_tech
2024-04-08 16:58:37,GoldmanSachs
2024-04-08 16:58:37,modenetwork
2024-04-08 16:58:37,Solana
2024-04-08 16:58:37,AgoraDollar
2024-04-08 16:58:37,cyodyssey
2024-04-08 16:58:37,6glejkHwE4
2024-04-08 16:58:37,hypedevrel
2024-04-08 16:58:37,BowenWang18
2024-04-08 16:58:37,Figment_io
2024-04-08 16:58:37,ABCDELabs
2024-04-08 16:58:37,trentdotsol
2024-04-08 16:58:37,RealityEth
2024-04-08 16:58:37,cyberFund_
2024-04-08 16:58:37,CatMcGeeCode
2024-04-08 16:58:37,crebsy0x
2024-04-08 16:58:37,0xhopf
2024-04-08 16:58:37,eigenlayer
2024-04-08 16:58:37,MatXComputing
2024-04-08 16:58:37,Cornell_Tech
2024-04-08 16:58:37,developer_dao
2024-04-08 16:58:37,hypersphere_
2024-04-08 16:58:37,cursive_team
2024-04-08 16:58:37,yenwod_
2024-04-08 16:58:37,search?q=%24PALM&src=cashtag_click
2024-04-08 16:58:37,iosiro_security
2024-04-08 16:58:37,UnlayeredPod
2024-04-08 16:58:37,NEARProtocol
2024-04-08 16:58:37,5bGZ0lMjNs
2024-04-08 16:58:37,q5mHPJDobs
2024-04-08 16:58:37,cysic_xyz
2024-04-08 16:58:37,megaeth_labs
2024-04-08 16:58:37,Gauntlet_xyz
2024-04-08 16:58:37,thedfipod
2024-04-08 16:58:37,eigen_labs
2024-04-08 16:58:37,kuzco_xyz
2024-04-08 16:58:37,BullpenFi
2024-04-08 16:58:37,EigenLayer
2024-04-08 16:58:37,consensys
2024-04-08 16:58:37,parosenstein
2024-04-08 16:58:37,ExponentFinance
2024-04-08 16:58:37,Gemini
2024-04-08 16:58:37,bidclubio
2024-04-08 16:58:37,jalex_towle
2024-04-08 16:58:37,Coinbase
2024-04-08 16:58:37,0x0aa0
2024-04-08 16:58:37,shefiorg
2024-04-08 16:58:37,jito_labs
2024-04-08 16:58:37,kitvolta
2024-04-08 16:58:37,SuiNetwork
2024-04-08 16:58:37,anza_xyz
2024-04-08 16:58:37,E3XexKHUSM
2024-04-08 16:58:37,salxyz
2024-04-08 16:58:37,palmaierc
2024-04-08 16:58:37,gross_bit
2024-04-08 16:58:37,nalin
2024-04-08 16:58:37,Uw2zzvZck6
2024-04-08 16:58:37,MediaPost
2024-04-08 12:25:27,Ethereum2077
2024-04-08 12:25:27,BowenWang18
2024-04-08 12:25:27,megaeth_labs
2024-04-08 12:25:27,caveatnyc
2024-04-08 12:25:27,parosenstein
2024-04-08 12:25:27,consensys
2024-04-08 12:25:27,NamikMuduroglu
2024-04-08 12:25:27,shefiorg
2024-04-08 12:25:27,eigen_labs
2024-04-08 12:25:27,siddsanyal
2024-04-08 12:25:27,crebsy0x
2024-04-08 12:25:27,eawosikaa
2024-04-08 12:25:27,NEARProtocol
2024-04-08 12:25:27,hypersphere_
2024-04-08 12:25:27,openzeppelin
2024-04-08 12:25:27,Gauntlet_xyz
2024-04-08 12:25:27,MediaPost
2024-04-08 12:25:27,gross_bit
2024-04-08 12:25:27,starknet
2024-04-08 12:25:27,bidclubio
2024-04-08 12:25:27,Law360
2024-04-08 12:25:27,kitvolta
2024-04-08 12:25:27,jito_labs
2024-04-08 12:25:27,elixir
2024-04-08 12:25:27,wonderstruckxyz
2024-04-08 12:25:27,cairoeth
2024-04-08 12:25:27,q5mHPJDobs
2024-04-08 12:25:27,Gemini
2024-04-08 12:25:27,joininteract
2024-04-08 12:25:27,0x0aa0
2024-04-08 12:25:27,EigenLayer
2024-04-08 12:25:27,SuiNetwork
2024-04-17 14:06:35,OrbiterResearch
2024-04-17 14:06:35,KaylaTrivieri
2024-04-17 14:06:35,eigen_labs
2024-04-17 14:06:35,pufferfi_cn
2024-04-17 14:06:35,q5mHPJDobs
2024-04-17 14:06:35,puffer_finance
2024-04-17 14:06:35,Law360
2024-04-17 14:06:35,0x_N8_
2024-04-17 14:06:35,aptoslabs
2024-04-17 14:06:35,stutireal
2024-04-17 14:06:35,FhenixIO
2024-04-17 14:06:35,XLonPVTmCL
2024-04-17 14:06:35,cairoeth
2024-04-17 14:06:35,eawosikaa
2024-04-17 14:06:35,withvana
2024-04-17 14:06:35,_restaked
2024-04-17 14:06:35,wonderstruckxyz
2024-04-17 14:06:35,crebsy0x
2024-04-17 14:06:35,kashdhanda
2024-04-17 14:06:35,Orbiter_Finance
2024-04-17 14:06:35,MediaPost
2024-04-17 14:06:35,jupiterexchange
2024-04-17 14:06:35,ktFSkVxR7d
2024-04-17 14:06:35,Lph3f6Hk2A
2024-04-17 14:06:35,perpsjesus
2024-04-17 14:06:35,Ethereum2077
2024-04-17 14:06:35,bidclubio
2024-04-17 14:06:35,siddsanyal
2024-04-17 14:06:35,0xBasement
2024-04-17 14:06:35,cyberFund_
2024-04-17 14:06:35,DefiIgnas
2024-04-17 14:06:35,0x0aa0
2024-04-17 14:06:35,artofkot
2024-04-17 14:06:35,powdr_labs
2024-04-17 14:06:35,GoldmanSachs
2024-04-17 14:06:35,gauntlet_xyz
2024-04-17 14:06:35,megaeth_labs
2024-04-17 14:06:35,xuwinniexu
2024-04-17 14:06:35,EigenLayer
2024-04-17 14:06:35,movement_solana
2024-04-17 14:06:35,georgwiese
2024-04-17 14:06:35,anna_kazlauskas
2024-04-17 14:06:35,DrakeBreeding
2024-04-17 14:06:35,gross_bit
2024-04-17 14:06:35,ExponentFinance
2024-04-17 14:06:35,Coinbase
2024-04-17 14:06:35,NEARProtocol
2024-04-17 14:06:35,joininteract
2024-04-17 14:06:35,PierreArowana
2024-04-17 14:06:35,0xMogluc
2024-04-17 14:06:35,trentdotsol
2024-04-17 14:06:35,solana
2024-04-17 14:06:35,omnikingdoms
2024-04-17 14:06:35,Gemini
2024-04-17 14:06:35,Gauntlet_xyz
2024-04-17 14:06:35,code4rena
2024-04-17 14:06:35,rexstjohn
2024-04-17 14:06:35,eigenintern
2024-04-17 14:06:35,5bGZ0lMjNs
2024-04-17 14:06:35,Figment_io
2024-04-17 14:06:35,7O0WAdXUnT
2024-04-17 14:06:35,NamikMuduroglu
2024-04-17 14:06:35,pldespaigne
2024-04-17 14:06:35,delv_tech
2024-04-17 14:06:35,KrakenVentures
2024-04-17 14:06:35,SashaSpiegelman
2024-04-17 14:06:35,JupiterExchange
2024-04-17 14:06:35,CarnegieMellon
2024-04-17 14:06:35,consensys
2024-04-17 14:06:35,superteamDAO
2024-04-17 14:06:35,starknet
2024-04-17 14:06:35,OreSupply
2024-04-17 14:06:35,openzeppelin
2024-04-17 14:06:35,AwakenTax
2024-04-17 14:06:35,searchondora
2024-04-17 14:06:35,caveatnyc
2024-04-17 14:06:35,ReFiSummit
2024-04-17 14:06:35,Kairos_Res
2024-04-17 14:06:35,Solana
2024-04-17 14:06:35,jalex_towle
2024-04-17 14:06:35,kitvolta
2024-04-17 14:06:35,mrgnfdn
2024-04-17 14:06:35,AgoraDollar
2024-04-17 14:06:35,mo_baioumy
2024-04-17 14:06:35,SuiNetwork
2024-04-17 14:06:35,kyle_corsola
2024-04-17 14:06:35,ekrahm
2024-04-17 14:06:35,0xhopf
2024-04-17 14:06:35,HardhatChad
2024-04-17 14:06:35,anza_xyz
2024-04-17 14:06:35,hypersphere_
2024-04-17 14:06:35,parosenstein
2024-04-17 14:06:35,Uw2zzvZck6
2024-04-17 14:06:35,BowenWang18
2024-04-17 14:06:35,celestiaorg
2024-04-17 14:06:35,PinkBrains_io
2024-04-17 14:06:35,GuruIndicator
2024-04-17 14:06:35,0xMilica
2024-04-17 14:06:35,jito_labs
2024-04-17 14:06:35,exolabs_
2024-04-17 14:06:35,oxfordrobots
2024-04-17 14:06:35,solanalabs
2024-04-17 14:06:35,shefiorg
2024-04-17 14:06:35,Piccq6DcRj
2024-04-17 14:06:35,wantonwallet
2024-04-17 14:06:35,olivierjanss
2024-04-17 14:06:35,yenwod_
2024-04-17 14:06:35,iosiro_security
2024-04-17 14:06:35,stonybrooku
2024-04-17 14:06:35,tIDuBxkO6Q
2024-04-17 14:06:35,elixir
2024-05-03 17:11:28,40Cfk3jWaO
2024-05-03 17:11:28,evweiss1
2024-05-03 17:11:28,prylabs
2024-05-03 17:11:28,1kxnetwork
2024-05-03 17:11:28,joshua_j_lim
2024-05-03 17:11:28,bribehaus
2024-05-03 17:11:28,alluvialfinance
2024-05-03 17:11:28,rauljordaneth
2024-05-03 17:11:28,0xUsamaro
2024-05-03 17:11:28,printer_brrr
2024-05-03 17:11:28,AdXUVjS3iF
2024-05-03 17:11:28,MariusMargulus
2024-05-03 17:11:28,londonfo5
2024-05-03 17:11:28,envoy
2024-05-03 17:11:28,polychain
2024-05-03 17:11:28,getsqt
2024-05-03 17:11:28,uupg_capital
2024-05-03 17:11:28,GaiminIo
2024-05-03 17:11:28,memedotfun
2024-05-03 17:11:28,lava_xyz
2024-05-03 17:11:28,coinbase
2024-05-03 17:11:28,Ingo_zk
2024-05-03 17:11:28,CC2Ventures
2024-05-03 17:11:28,HeartcoreCap
2024-05-03 17:11:28,penumbrazone
2024-05-03 17:11:28,LuozhuZhang
2024-05-03 17:11:28,merkly_com
2024-05-03 17:11:28,IXZ1zpcXK3
2024-05-03 17:11:28,ThorHartvigsen
2024-05-03 17:11:28,hiFramework
2024-05-03 17:11:28,blast_L2
2024-05-03 17:11:28,anagramxyz
2024-05-03 17:11:28,offchainlabs
2024-05-03 17:11:28,eigenfoundation
2024-05-03 17:11:28,FelixLts
2024-05-03 17:11:28,BlurCrypto
2024-05-03 17:11:28,ParticleNtwrk
2024-05-03 17:11:28,corsix
2024-05-03 17:11:28,blockchaincap
2024-05-03 17:11:28,DelphinusLab
2024-05-03 17:11:28,0xevevm
2024-05-03 17:11:28,lispczz
2024-05-03 17:11:28,sssionggg
2024-05-03 17:11:28,epicenterbtc
2024-05-03 17:11:28,S7orIU8Z62
2024-05-03 17:11:28,GalaxyHQ
2024-05-03 17:11:28,TwoSigma
2024-05-03 17:11:28,AlloraNetwork
2024-05-03 17:11:28,meng_xu_cs
2024-05-03 17:11:28,amendandpretend
2024-05-03 17:11:28,ipor_io
2024-05-03 17:11:28,eigenbae
2024-05-03 17:11:28,_inceptioncap
2024-05-03 17:11:28,Rockaway_X
2024-05-03 17:11:28,ycombinator
2024-05-03 17:11:28,HugoMartingale
2024-05-03 17:11:28,arbelosxyz
2024-05-03 17:11:28,MmcTFur9lv
2024-05-03 17:11:28,contextfund
2024-05-03 17:11:28,liquid_col
2024-05-03 17:11:28,TeamPOSA
2024-05-03 17:11:28,JonathanRoss321
2024-05-03 17:11:28,stableunitdao
2024-05-03 17:11:28,ligero_inc
2024-05-03 17:11:28,goasymmetric
2024-05-03 17:11:28,fabric_vc
2024-05-03 17:11:28,Ahmad_Al_Dahle
2024-05-03 17:11:28,LauraEdelson2
2024-05-03 17:11:28,stvol_official
2024-05-03 17:11:28,nebrazkp
2024-05-03 17:11:28,pgLQxb4qQN
2024-05-03 17:11:28,ethereum
2024-05-03 17:11:28,FigmentCapital
2024-05-03 17:11:28,bisontrails
2024-05-03 17:11:28,PastelleApparel
2024-05-03 17:11:28,espressosys
2024-05-03 17:11:28,hitsamty
2024-05-03 17:11:28,MarediaShehzan
2024-05-03 17:11:28,eigenlayer
2024-05-03 17:11:28,DimitarDinev7
2024-05-03 17:11:28,DougieDeLuca
2024-05-03 17:11:28,49KDVRFKJ7
2024-05-03 17:11:28,SamayGodika
2024-05-03 17:11:28,polymarket
2024-05-08 17:20:38,_kaitoai
2024-05-08 17:20:38,3janexyz
2024-05-08 17:20:38,novy_ai
2024-05-08 17:20:38,GQbxWm6y4U
2024-05-08 17:20:38,AmirOnchain
2024-05-08 17:20:38,no89thkey
2024-05-08 17:20:38,shunkakinoki
2024-05-08 17:20:38,UChicago
2024-05-08 17:20:38,TravisBickle0x
2024-05-08 17:20:38,init4tech
2024-05-08 17:20:38,citadel
2024-05-08 17:20:38,hfuUdjmPBd
2024-05-08 17:20:38,MingXDynasty
2024-05-08 17:20:38,Eigenlayer
2024-05-08 17:20:38,UCBerkeley
2024-05-08 17:20:38,LightDotSo
2024-05-08 17:20:38,animalabs_io
2024-05-08 17:20:38,gvamsip
2024-05-08 17:20:38,samlafer
2024-05-08 17:20:38,fantasy_top_
2024-05-08 17:20:38,act_nexus
2024-05-08 17:20:38,HopAggregator
2024-05-08 17:20:38,zama_fhe
2024-05-08 17:20:38,FeederRotation
2024-05-08 17:20:38,louis_tttt
2024-05-08 17:20:38,Punk9277
2024-05-08 19:43:55,OpaqueSys
2024-05-08 19:43:55,ralucaadapopa
2024-05-08 19:43:55,PreVeil
2024-05-08 19:43:55,ExocoreNetwork
2024-05-10 16:20:10,WillkieFarr
2024-05-10 16:20:10,rachelzkpod
2024-05-10 16:20:10,msfew_eth
2024-05-10 16:20:10,Reddit
2024-05-10 16:20:10,Google
2024-05-10 16:20:10,YoannTurpin1
2024-05-10 16:20:10,ORAprotocol
2024-05-10 16:20:10,EmonMotamedi
2024-05-10 16:20:10,ETHGlobal
2024-05-10 16:20:10,ForesightVen
2024-05-10 16:20:10,_jikim
2024-05-10 16:20:10,elliptic
2024-05-10 16:20:10,KrakenFX
2024-05-10 16:20:10,IsobelYeung
2024-05-10 16:20:10,chainbound_
2024-05-10 16:20:10,wintermute_t
2024-05-10 16:20:10,yapyapyapcoin
2024-05-10 16:20:10,rushimanche
2024-05-10 16:20:10,movementlabsxyz
2024-05-10 16:20:10,developerdao
2024-05-10 16:20:10,NYUTandon
2024-05-10 16:20:10,fra_mosterts
2024-05-10 16:20:10,ProofOfTrack
2024-05-10 16:20:10,Delphi_Digital
2024-05-10 16:20:10,merklefruit
2024-05-10 16:20:10,ufukaltinok
2024-05-10 16:20:10,superseedclub
2024-05-10 16:20:10,crypto_council
2024-05-10 16:20:10,Paul_Burlage
2024-05-10 16:20:10,VCYOFsWpYn
2024-05-10 16:20:10,EspressoSys
2024-05-10 16:20:10,alysiatech
2024-05-15 13:50:59,ArtificialAnlys
2024-05-15 13:50:59,CommonPrefix
2024-05-15 13:50:59,FPcBa74zIb
2024-05-15 13:50:59,gizmothegizzer
2024-05-15 13:50:59,haonan
2024-05-15 13:50:59,lend_book
2024-05-15 13:50:59,janleike
2024-05-15 13:50:59,swellnetworkio
2024-05-15 13:50:59,OPLabsPBC
2024-05-15 13:50:59,AbishekFi
2024-05-15 13:50:59,ShinkaiProtocol
2024-05-15 13:50:59,pr3vert
2024-05-15 13:50:59,0xbowio
2024-05-15 13:50:59,OpenAI
2024-05-15 13:50:59,wharton
2024-05-20 20:01:08,search?q=%24BTC&src=cashtag_click
2024-05-20 20:01:08,TardFiWhale
2024-05-20 20:01:08,HasuBackup
2024-05-20 20:01:08,limitbreak
2024-05-20 20:01:08,NASAJPL
2024-05-20 20:01:08,search?q=%24ETH&src=cashtag_click
2024-05-20 20:01:08,whiteoakkong
2024-05-20 20:01:08,hfuUdjnnqL
