2024-04-05 23:05:33,Makerdao
2024-04-05 23:05:33,muzkmuzkmuzk
2024-04-05 23:05:33,trevorjonesart
2024-04-05 23:05:33,atriumNFT
2024-04-05 23:05:33,r1Njz1utJX
2024-04-05 23:05:33,slingshotcrypto
2024-04-05 23:05:33,Primexbt
2024-04-05 23:05:33,base
2024-04-05 23:05:33,num_finance
2024-04-05 23:05:33,badkidsart
2024-04-05 23:05:33,5YZ63TyvgF
2024-04-05 23:05:33,jpmorgan
2024-04-05 23:05:33,ratedw3b
2024-04-05 23:05:33,MonetSupply
2024-04-05 23:05:33,br_slack
2024-04-05 23:05:33,0xdgb
2024-04-05 23:05:33,cosmos
2024-04-05 23:05:33,mJhEOfMtO0
2024-04-05 23:05:33,aylaelmoussa
2024-04-05 23:05:33,lx9bbpsP37
2024-04-05 23:05:33,code4rena
2024-04-05 23:05:33,Ftk96oSf45
2024-04-05 23:05:33,jacek0x
2024-04-05 23:05:33,0xjck
2024-04-05 23:05:33,noble_xyz
2024-04-05 23:05:33,y1kO4AepZp
2024-04-05 23:05:33,Prithvir12
2024-04-05 23:05:33,uuDvBqkzKX
2024-04-05 23:05:33,carlosecgomes
2024-04-05 23:05:33,MorphoLabs
2024-04-05 23:05:33,ikbdotgg
2024-04-05 23:05:33,clifford_chance
2024-04-05 23:05:33,0x_Vivek
2024-04-05 23:05:33,defipulse
2024-04-05 23:05:33,jelenaaa____
2024-04-05 23:05:33,zico_eth
2024-04-05 23:05:33,cows2crypto
2024-04-05 23:05:33,SquadsProtocol
2024-04-05 23:05:33,Coldie
2024-04-05 23:05:33,nextalphaa
2024-04-05 23:05:33,ufKNbtHUNU
2024-04-05 23:05:33,gambidtheory
2024-04-05 23:05:33,search?q=%24DEGEN&src=cashtag_click
2024-04-05 23:05:33,fusewallet
2024-04-05 23:05:33,mevcollector
2024-04-05 23:05:33,3eleth
2024-04-05 23:05:33,andy8052
2024-04-05 23:05:33,1Qeg6JnP6I
2024-04-05 23:05:33,vmny
2024-04-05 23:05:33,0xcity3
2024-04-05 23:05:33,ThankYouX
2024-04-05 23:05:33,Sothebys
2024-04-05 23:05:33,momentify_xyz
2024-04-05 23:05:33,ario_57_
2024-04-05 23:05:33,Bitcoin4Freedom
2024-04-05 23:05:33,forefront__
2024-04-05 23:05:33,search?q=%24ETH&src=cashtag_click
2024-04-05 23:05:33,celoorg
2024-04-05 23:05:33,GAstieres
2024-04-05 23:05:33,MattKaneArtist
2024-04-05 23:05:33,nsvRTwAorB
2024-04-05 23:05:33,coinlist
2024-04-05 23:05:33,AlejandroLB
2024-04-05 23:05:33,ArtoftheFuture2
2024-04-05 23:05:33,moonlight__co
2024-04-05 23:05:33,leakedapp
2024-04-05 23:05:33,loch_chain
2024-04-05 23:05:33,usarmy
2024-04-05 23:05:33,Yx3840tro3
2024-04-05 23:05:33,oakcurrency
2024-04-05 23:05:33,js_horne
2024-04-05 23:05:33,0xlght
2024-04-05 23:05:33,notkamotos
2024-04-05 23:05:33,newherexyz
2024-04-05 23:05:33,heliuslabs
2024-04-05 23:05:33,degentokenbase
2024-04-05 23:05:33,KyleSamani
2024-04-05 23:05:33,messaricrypto
2024-04-05 23:05:33,SSGamblers
2024-04-05 23:05:33,SimkinStepan
2024-04-05 23:05:33,jessepollak
2024-04-05 23:05:33,SquadsLabs
2024-04-05 23:05:33,informalinc
2024-04-05 23:05:33,multicoincap
2024-04-05 23:05:33,Kinchasa5000
2024-04-05 23:05:33,rutledge_signer
2024-04-05 23:05:33,BlockChainAssn
2024-04-05 23:05:33,aZzyf0kYdI
2024-04-05 23:05:33,hadronfc
2024-04-05 23:05:33,VpjfdovRfk
2024-04-05 23:05:33,CH27qIr3NB
2024-04-05 23:05:33,scott_lew_is
2024-04-05 23:05:33,lKmaA2E5AH
2024-04-05 23:05:33,DukeU
2024-04-05 23:05:33,0xDesigner
2024-04-05 23:05:33,1kxNetwork
2024-04-05 23:05:33,assetagnostic
2024-04-05 23:05:33,OEVkyntXfD
2024-04-05 23:05:33,BlockAnalitica
2024-04-05 23:05:33,chainyoda
2024-04-05 23:05:33,petewosso
2024-04-05 23:05:33,whFnpKey7y
2024-04-05 23:05:33,0xDepressionn
2024-04-05 23:05:33,Mariandipietra
2024-04-05 23:05:33,benwfreeman1
2024-04-05 23:05:33,DS_art_
2024-04-05 23:05:33,theRZLT
2024-04-05 23:05:33,dfinity
2024-04-05 23:05:33,rargulati
2024-04-05 23:05:33,hQqCSnh7Ud
2024-04-05 23:05:33,WrgzRPCn5Q
2024-04-05 23:05:33,1HiS527Wom
2024-04-05 23:05:33,search?q=%24SOCKS&src=cashtag_click
2024-04-05 23:05:33,lalleclausen
2024-04-05 23:05:33,ZruvkNIdR3
2024-04-05 23:05:33,web3canada
2024-04-05 23:05:33,tensor_hq
2024-04-08 17:07:08,1kxNetwork
2024-04-08 17:07:08,rutledge_signer
2024-04-08 17:07:08,jacek0x
2024-04-08 17:07:08,benwfreeman1
2024-04-08 17:07:08,coinlist
2024-04-08 17:07:08,Bitcoin4Freedom
2024-04-08 17:07:08,Mariandipietra
2024-04-08 17:07:08,CH27qIr3NB
2024-04-08 17:07:08,search?q=%24SOCKS&src=cashtag_click
2024-04-08 17:07:08,aZzyf0kYdI
2024-04-08 17:07:08,slingshotcrypto
2024-04-08 17:07:08,ThankYouX
2024-04-08 17:07:08,search?q=%24ETH&src=cashtag_click
2024-04-08 17:07:08,zico_eth
2024-04-08 17:07:08,y1kO4AepZp
2024-04-08 17:07:08,code4rena
2024-04-08 17:07:08,MonetSupply
2024-04-08 17:07:08,newherexyz
2024-04-08 17:07:08,andy8052
2024-04-08 17:07:08,lKmaA2E5AH
2024-04-08 17:07:08,jessepollak
2024-04-08 17:07:08,0xlght
2024-04-08 17:07:08,OEVkyntXfD
2024-04-08 17:07:08,loch_chain
2024-04-08 17:07:08,MattKaneArtist
2024-04-08 17:07:08,0xDesigner
2024-04-08 17:07:08,Kinchasa5000
2024-04-08 17:07:08,theRZLT
2024-04-08 17:07:08,carlosecgomes
2024-04-08 17:07:08,forefront__
2024-04-08 17:07:08,leakedapp
2024-04-08 17:07:08,3eleth
2024-04-08 17:07:08,rargulati
2024-04-08 17:07:08,lalleclausen
2024-04-08 17:07:08,GAstieres
2024-04-08 17:07:08,hadronfc
2024-04-08 17:07:08,js_horne
2024-04-08 17:07:08,messaricrypto
2024-04-08 17:07:08,cows2crypto
2024-04-08 17:07:08,nextalphaa
2024-04-08 17:07:08,ufKNbtHUNU
2024-04-08 17:07:08,5YZ63TyvgF
2024-04-08 17:07:08,oakcurrency
2024-04-08 17:07:08,Coldie
2024-04-08 17:07:08,ikbdotgg
2024-04-08 17:07:08,scott_lew_is
2024-04-08 17:07:08,1HiS527Wom
2024-04-08 17:07:08,petewosso
2024-04-08 17:07:08,vmny
2024-04-08 17:07:08,0xdgb
2024-04-08 17:07:08,degentokenbase
2024-04-08 17:07:08,0xcity3
2024-04-08 17:07:08,MorphoLabs
2024-04-08 17:07:08,whFnpKey7y
2024-04-08 17:07:08,notkamotos
2024-04-08 17:07:08,muzkmuzkmuzk
2024-04-08 17:07:08,assetagnostic
2024-04-08 17:07:08,usarmy
2024-04-08 17:07:08,nsvRTwAorB
2024-04-08 17:07:08,gambidtheory
2024-04-08 17:07:08,1Qeg6JnP6I
2024-04-08 17:07:08,Makerdao
2024-04-08 17:07:08,br_slack
2024-04-08 17:07:08,atriumNFT
2024-04-08 17:07:08,chainyoda
2024-04-08 17:07:08,Prithvir12
2024-04-08 17:07:08,momentify_xyz
2024-04-08 17:07:08,defipulse
2024-04-08 17:07:08,hQqCSnh7Ud
2024-04-08 17:07:08,r1Njz1utJX
2024-04-08 17:07:08,KyleSamani
2024-04-08 17:07:08,multicoincap
2024-04-08 17:07:08,base
2024-04-08 17:07:08,ratedw3b
2024-04-08 17:07:08,0xDepressionn
2024-04-08 17:07:08,jpmorgan
2024-04-08 17:07:08,VpjfdovRfk
2024-04-08 17:07:08,num_finance
2024-04-08 17:07:08,0xjck
2024-04-08 17:07:08,DukeU
2024-04-08 17:07:08,search?q=%24DEGEN&src=cashtag_click
2024-04-08 17:07:08,Ftk96oSf45
2024-04-08 17:07:08,SSGamblers
2024-04-08 17:07:08,web3canada
2024-04-08 17:07:08,noble_xyz
2024-04-08 17:07:08,DS_art_
2024-04-08 17:07:08,mJhEOfMtO0
2024-04-08 17:07:08,AlejandroLB
2024-04-08 17:07:08,celoorg
2024-04-08 17:07:08,Primexbt
2024-04-08 17:07:08,informalinc
2024-04-08 17:07:08,trevorjonesart
2024-04-08 17:07:08,moonlight__co
2024-04-08 17:07:08,ArtoftheFuture2
2024-04-08 17:07:08,WrgzRPCn5Q
2024-04-08 17:07:08,cosmos
2024-04-08 17:07:08,Yx3840tro3
2024-04-08 17:07:08,badkidsart
2024-04-08 17:07:08,BlockChainAssn
2024-04-08 17:07:08,ario_57_
2024-04-08 17:07:08,0x_Vivek
2024-04-08 17:07:08,mevcollector
2024-04-08 17:07:08,dfinity
2024-04-08 17:07:08,jelenaaa____
2024-04-08 17:07:08,uuDvBqkzKX
2024-04-08 17:07:08,lx9bbpsP37
2024-04-08 17:07:08,ZruvkNIdR3
2024-04-08 17:07:08,BlockAnalitica
2024-04-08 17:07:08,Sothebys
2024-04-08 17:07:08,aylaelmoussa
2024-04-08 12:27:34,DS_art_
2024-04-08 12:27:34,moonlight__co
2024-04-08 12:27:34,base
2024-04-08 12:27:34,search?q=%24SOCKS&src=cashtag_click
2024-04-08 12:27:34,andy8052
2024-04-08 12:27:34,KyleSamani
2024-04-08 12:27:34,forefront__
2024-04-08 12:27:34,ikbdotgg
2024-04-08 12:27:34,5YZ63TyvgF
2024-04-08 12:27:34,0xcity3
2024-04-08 12:27:34,ThankYouX
2024-04-08 12:27:34,defipulse
2024-04-08 12:27:34,search?q=%24ETH&src=cashtag_click
2024-04-08 12:27:34,aZzyf0kYdI
2024-04-08 12:27:34,carlosecgomes
2024-04-08 12:27:34,multicoincap
2024-04-08 12:27:34,MonetSupply
2024-04-08 12:27:34,assetagnostic
2024-04-08 12:27:34,mJhEOfMtO0
2024-04-08 12:27:34,0xlght
2024-04-08 12:27:34,r1Njz1utJX
2024-04-08 12:27:34,oakcurrency
2024-04-08 12:27:34,jessepollak
2024-04-08 12:27:34,slingshotcrypto
2024-04-08 12:27:34,trevorjonesart
2024-04-08 12:27:34,Coldie
2024-04-08 12:27:34,BlockAnalitica
2024-04-08 12:27:34,badkidsart
2024-04-08 12:27:34,lKmaA2E5AH
2024-04-08 12:27:34,code4rena
2024-04-08 12:27:34,scott_lew_is
2024-04-08 12:27:34,Ftk96oSf45
2024-04-08 12:27:34,js_horne
2024-04-08 12:27:34,atriumNFT
2024-04-17 14:14:38,BlockAnalitica
2024-04-17 14:14:38,mevcollector
2024-04-17 14:14:38,MonetSupply
2024-04-17 14:14:38,WrgzRPCn5Q
2024-04-17 14:14:38,0xDepressionn
2024-04-17 14:14:38,loch_chain
2024-04-17 14:14:38,aZzyf0kYdI
2024-04-17 14:14:38,3eleth
2024-04-17 14:14:38,ColoradoSIPA
2024-04-17 14:14:38,y1kO4AepZp
2024-04-17 14:14:38,moonlight__co
2024-04-17 14:14:38,gitlab
2024-04-17 14:14:38,0xjck
2024-04-17 14:14:38,heliuslabs
2024-04-17 14:14:38,js_horne
2024-04-17 14:14:38,MorphoLabs
2024-04-17 14:14:38,web3canada
2024-04-17 14:14:38,leakedapp
2024-04-17 14:14:38,HTurley6
2024-04-17 14:14:38,tensor_hq
2024-04-17 14:14:38,1Qeg6JnP6I
2024-04-17 14:14:38,CH27qIr3NB
2024-04-17 14:14:38,search?q=%24DEGEN&src=cashtag_click
2024-04-17 14:14:38,jacek0x
2024-04-17 14:14:38,badkidsart
2024-04-17 14:14:38,gambidtheory
2024-04-17 14:14:38,oakcurrency
2024-04-17 14:14:38,mJhEOfMtO0
2024-04-17 14:14:38,multicoincap
2024-04-17 14:14:38,0xcity3
2024-04-17 14:14:38,slingshotcrypto
2024-04-17 14:14:38,Mattermark
2024-04-17 14:14:38,ratedw3b
2024-04-17 14:14:38,r1Njz1utJX
2024-04-17 14:14:38,forefront__
2024-04-17 14:14:38,DanielleMorrill
2024-04-17 14:14:38,LogicalBTC
2024-04-17 14:14:38,nextalphaa
2024-04-17 14:14:38,benwfreeman1
2024-04-17 14:14:38,Sothebys
2024-04-17 14:14:38,defipulse
2024-04-17 14:14:38,Prithvir12
2024-04-17 14:14:38,retool
2024-04-17 14:14:38,fusewallet
2024-04-17 14:14:38,Mariandipietra
2024-04-17 14:14:38,atomosspace
2024-04-17 14:14:38,VpjfdovRfk
2024-04-17 14:14:38,ArtoftheFuture2
2024-04-17 14:14:38,zico_eth
2024-04-17 14:14:38,ThankYouX
2024-04-17 14:14:38,informalinc
2024-04-17 14:14:38,SquadsProtocol
2024-04-17 14:14:38,1kxNetwork
2024-04-17 14:14:38,ufKNbtHUNU
2024-04-17 14:14:38,noble_xyz
2024-04-17 14:14:38,whFnpKey7y
2024-04-17 14:14:38,KyleSamani
2024-04-17 14:14:38,celoorg
2024-04-17 14:14:38,num_finance
2024-04-17 14:14:38,andy8052
2024-04-17 14:14:38,search?q=%24ETH&src=cashtag_click
2024-04-17 14:14:38,reclaimai
2024-04-17 14:14:38,cosmos
2024-04-17 14:14:38,jpmorgan
2024-04-17 14:14:38,cows2crypto
2024-04-17 14:14:38,groupthinkai
2024-04-17 14:14:38,trevorjonesart
2024-04-17 14:14:38,nsvRTwAorB
2024-04-17 14:14:38,higheronchain
2024-04-17 14:14:38,GAstieres
2024-04-17 14:14:38,chainyoda
2024-04-17 14:14:38,AlejandroLB
2024-04-17 14:14:38,petewosso
2024-04-17 14:14:38,rutledge_signer
2024-04-17 14:14:38,lx9bbpsP37
2024-04-17 14:14:38,momentify_xyz
2024-04-17 14:14:38,rargulati
2024-04-17 14:14:38,0xDesigner
2024-04-17 14:14:38,0x_Vivek
2024-04-17 14:14:38,vmny
2024-04-17 14:14:38,assetagnostic
2024-04-17 14:14:38,jelenaaa____
2024-04-17 14:14:38,muzkmuzkmuzk
2024-04-17 14:14:38,0xlght
2024-04-17 14:14:38,DS_art_
2024-04-17 14:14:38,usarmy
2024-04-17 14:14:38,dfinity
2024-04-17 14:14:38,joinbasedmgmt
2024-04-17 14:14:38,SamSpratt
2024-04-17 14:14:38,MattKaneArtist
2024-04-17 14:14:38,1HiS527Wom
2024-04-17 14:14:38,0xdgb
2024-04-17 14:14:38,ZruvkNIdR3
2024-04-17 14:14:38,coinlist
2024-04-17 14:14:38,newherexyz
2024-04-17 14:14:38,QUsjvcv6EU
2024-04-17 14:14:38,IhA777L2ZW
2024-04-17 14:14:38,twilio
2024-04-17 14:14:38,DukeU
2024-04-17 14:14:38,scott_lew_is
2024-04-17 14:14:38,SimkinStepan
2024-04-17 14:14:38,clifford_chance
2024-04-17 14:14:38,lalleclausen
2024-04-17 14:14:38,Primexbt
2024-04-17 14:14:38,Kinchasa5000
2024-04-17 14:14:38,OEVkyntXfD
2024-04-17 14:14:38,Ftk96oSf45
2024-04-17 14:14:38,ario_57_
2024-04-17 14:14:38,mELkJdPnRm
2024-04-17 14:14:38,base
2024-04-17 14:14:38,boomaero
2024-04-17 14:14:38,Yx3840tro3
2024-04-17 14:14:38,code4rena
2024-04-17 14:14:38,hadronfc
2024-04-17 14:14:38,Coldie
2024-04-17 14:14:38,br_slack
2024-04-17 14:14:38,BlockChainAssn
2024-04-17 14:14:38,lKmaA2E5AH
2024-04-17 14:14:38,aylaelmoussa
2024-04-17 14:14:38,Makerdao
2024-04-17 14:14:38,notkamotos
2024-04-17 14:14:38,SSGamblers
2024-04-17 14:14:38,SquadsLabs
2024-04-17 14:14:38,messaricrypto
2024-04-17 14:14:38,DeVpzgcSmi
2024-04-17 14:14:38,VanArman
2024-04-17 14:14:38,ikbdotgg
2024-04-17 14:14:38,hQqCSnh7Ud
2024-04-17 14:14:38,atriumNFT
2024-04-17 14:14:38,carlosecgomes
2024-04-17 14:14:38,n9M0G2CP3A
2024-04-17 14:14:38,Bitcoin4Freedom
2024-04-17 14:14:38,theRZLT
2024-04-17 14:14:38,search?q=%24SOCKS&src=cashtag_click
2024-04-17 14:14:38,jessepollak
2024-04-17 14:14:38,5YZ63TyvgF
2024-04-17 14:14:38,uuDvBqkzKX
2024-04-17 14:14:38,degentokenbase
2024-05-03 17:13:40,YugaLabs
2024-05-03 17:13:40,rootcause87
2024-05-03 17:13:40,Melt_Dem
2024-05-03 17:13:40,8vHwPUfj7E
2024-05-03 17:13:40,BorisVagner
2024-05-03 17:13:40,niftygateway
2024-05-03 17:13:40,CloverPlatform
2024-05-03 17:13:40,blackbird_xyz
2024-05-03 17:13:40,SBSfantasy
2024-05-03 17:13:40,famous_dyl
2024-05-03 17:13:40,ohUHoMahvn
2024-05-03 17:13:40,pSa0Fuu17N
2024-05-03 17:13:40,zdRaw0t19c
2024-05-03 17:13:40,paypal
2024-05-03 17:13:40,n0tbydesign
2024-05-03 17:13:40,search?q=%24Dyl&src=cashtag_click
2024-05-03 17:13:40,CryptoAngels777
2024-05-03 17:13:40,mJhEOfLVYs
2024-05-08 17:22:56,kristianmichail
2024-05-08 17:22:56,simulations___
2024-05-10 16:22:20,themintfund
2024-05-15 13:53:12,NBD9872
2024-05-20 20:03:20,0xshakib_eth
2024-05-20 20:03:20,LiamKovatch
2024-05-20 20:03:20,Polymarket
2024-05-20 20:03:20,mveZQqO7cE
2024-05-20 20:03:20,TrevorHightower
