2024-04-05 22:34:12,shoqanaw
2024-04-05 22:34:12,G7_DAO
2024-04-05 22:34:12,breezedotcash
2024-04-05 22:34:12,cigawrettepacks
2024-04-05 22:34:12,Bfaviero
2024-04-05 22:34:12,creativedlab
2024-04-05 22:34:12,blast_l2
2024-04-05 22:34:12,cryptopunksnfts
2024-04-05 22:34:12,base
2024-04-05 22:34:12,miyamaker
2024-04-05 22:34:12,pappachaga000
2024-04-05 22:34:12,NamikMuduroglu
2024-04-05 22:34:12,Algorand
2024-04-05 22:34:12,ethan_myshell
2024-04-05 22:34:12,cozymaximalist
2024-04-05 22:34:12,Lighter_xyz
2024-04-05 22:34:12,ethena_labs
2024-04-05 22:34:12,LightDotSo
2024-04-05 22:34:12,CoindeskPodcast
2024-04-05 22:34:12,brian_smith_0
2024-04-05 22:34:12,FiscalNote
2024-04-05 22:34:12,megaeth_labs
2024-04-05 22:34:12,5I8qHw5GNN
2024-04-05 22:34:12,pappachaga99999
2024-04-05 22:34:12,megantheevalium
2024-04-05 22:34:12,jito_labs
2024-04-05 22:34:12,sabatonfan69
2024-04-05 22:34:12,yugalabs
2024-04-05 22:34:12,skillissuexyz
2024-04-05 22:34:12,MeebitsNFTs
2024-04-05 22:34:12,Blockworks_
2024-04-05 22:34:12,boredapeyc
2024-04-05 22:34:12,AlliumLabs
2024-04-05 22:34:12,PrimordialAA
2024-04-05 22:34:12,artemis__xyz
2024-04-05 22:34:12,pumpdotfun
2024-04-05 22:34:12,0xcigawrette
2024-04-05 22:34:12,MIT
2024-04-05 22:34:12,doppelHQ
2024-04-05 22:34:12,CryptoGarga
2024-04-05 22:34:12,BanklessHQ
2024-04-05 22:34:12,myprizecom
2024-04-05 22:34:12,myshell_ai
2024-04-05 22:34:12,KolenaIO
2024-04-05 22:34:12,CoinDesk
2024-04-05 22:34:12,DuU6MMqcgQ
2024-04-05 22:34:12,LayerZero_Labs
2024-04-05 22:34:12,JoshLitchman
2024-04-05 22:34:12,EVG_Ventures
2024-04-05 22:34:12,momoeureka
2024-04-05 22:34:12,0xKipit
2024-04-05 22:34:12,insrtapp
2024-04-05 22:34:12,magna_digital
2024-04-05 22:34:12,shunkakinoki
2024-04-05 22:34:12,CoinDeskPodcast
2024-04-05 22:34:12,Permissionless
2024-04-05 22:34:12,ParclLimited
2024-04-05 22:34:12,UniswapFnd
2024-04-05 22:34:12,hypersphere_
2024-04-05 22:34:12,Facebook
2024-04-05 22:34:12,Glass_Markets
2024-04-05 22:34:12,Parcl
2024-04-05 22:34:12,SyntechCorp
2024-04-05 22:34:12,oMIiyJcIzk
2024-04-05 22:34:12,axelarnetwork
2024-04-05 22:34:12,jito_sol
2024-04-05 22:34:12,MLSTRMCAP
2024-04-05 22:34:12,MartinShkreli
2024-04-05 22:34:12,HugoMartingale
2024-04-05 22:34:12,VladZamfir
2024-04-05 22:34:12,bitgetglobal
2024-04-05 22:34:12,polymarket
2024-04-05 22:34:12,realAllenNg
2024-04-05 22:34:12,GnqSDkEWla
2024-04-05 22:34:12,fantasy_top_
2024-04-05 22:34:12,yangl1996
2024-04-05 22:34:12,10KTFshop
2024-04-05 22:34:12,devinawalsh
2024-04-05 22:34:12,yorgosv_
2024-04-05 22:34:12,Vomit_Dragon
2024-04-05 22:34:12,JennSanasie
2024-04-05 22:34:12,BarterDeFi
2024-04-05 22:34:12,PalantirTech
2024-04-05 22:34:12,HeadsUpai
2024-04-05 22:34:12,monad_xyz
2024-04-05 22:34:12,othersidemeta
2024-04-05 22:34:12,consensys
2024-04-05 22:34:12,0xSmit
2024-04-05 22:34:12,BitgetSupport
2024-04-05 22:34:12,hiFramework
2024-04-05 22:34:12,OpanyRichard
2024-04-05 22:34:12,lzin5ByH0t
2024-04-08 16:47:53,yangl1996
2024-04-08 16:47:53,ethan_myshell
2024-04-08 16:47:53,uMuAa88O6A
2024-04-08 16:47:53,0xcigawrette
2024-04-08 16:47:53,jito_sol
2024-04-08 16:47:53,shoqanaw
2024-04-08 16:47:53,NamikMuduroglu
2024-04-08 16:47:53,yugalabs
2024-04-08 16:47:53,skillissuexyz
2024-04-08 16:47:53,cigawrettepacks
2024-04-08 16:47:53,cornell
2024-04-08 16:47:53,blast_l2
2024-04-08 16:47:53,Algorand
2024-04-08 16:47:53,AlliumLabs
2024-04-08 16:47:53,FoundationCap
2024-04-08 16:47:53,Juampiaranovich
2024-04-08 16:47:53,5I8qHw5GNN
2024-04-08 16:47:53,GnqSDkEWla
2024-04-08 16:47:53,cozymaximalist
2024-04-08 16:47:53,MIT
2024-04-08 16:47:53,yorgosv_
2024-04-08 16:47:53,magna_digital
2024-04-08 16:47:53,fantasy_top_
2024-04-08 16:47:53,boredapeyc
2024-04-08 16:47:53,artemis__xyz
2024-04-08 16:47:53,JennSanasie
2024-04-08 16:47:53,CoinDesk
2024-04-08 16:47:53,0xSmit
2024-04-08 16:47:53,0xBalloonLover
2024-04-08 16:47:53,KolenaIO
2024-04-08 16:47:53,shunkakinoki
2024-04-08 16:47:53,miyamaker
2024-04-08 16:47:53,SyntechCorp
2024-04-08 16:47:53,LayerZero_Labs
2024-04-08 16:47:53,hiFramework
2024-04-08 16:47:53,0xKipit
2024-04-08 16:47:53,BarterDeFi
2024-04-08 16:47:53,VladZamfir
2024-04-08 16:47:53,Parcl
2024-04-08 16:47:53,realAllenNg
2024-04-08 16:47:53,lzin5ByH0t
2024-04-08 16:47:53,Facebook
2024-04-08 16:47:53,Permissionless
2024-04-08 16:47:53,myprizecom
2024-04-08 16:47:53,HeadsUpai
2024-04-08 16:47:53,creativedlab
2024-04-08 16:47:53,brian_smith_0
2024-04-08 16:47:53,harvardhbs
2024-04-08 16:47:53,DuU6MMqcgQ
2024-04-08 16:47:53,sfstandard
2024-04-08 16:47:53,axelarnetwork
2024-04-08 16:47:53,HugoMartingale
2024-04-08 16:47:53,Unchained_pod
2024-04-08 16:47:53,polymarket
2024-04-08 16:47:53,pappachaga000
2024-04-08 16:47:53,breezedotcash
2024-04-08 16:47:53,alemartcard
2024-04-08 16:47:53,myshell_ai
2024-04-08 16:47:53,momoeureka
2024-04-08 16:47:53,hypersphere_
2024-04-08 16:47:53,Lighter_xyz
2024-04-08 16:47:53,FiscalNote
2024-04-08 16:47:53,G7_DAO
2024-04-08 16:47:53,monad_xyz
2024-04-08 16:47:53,BanklessHQ
2024-04-08 16:47:53,MeebitsNFTs
2024-04-08 16:47:53,megantheevalium
2024-04-08 16:47:53,OpanyRichard
2024-04-08 16:47:53,PalantirTech
2024-04-08 16:47:53,bitgetglobal
2024-04-08 16:47:53,Blockworks_
2024-04-08 16:47:53,ParclLimited
2024-04-08 16:47:53,base
2024-04-08 16:47:53,cryptopunksnfts
2024-04-08 16:47:53,10KTFshop
2024-04-08 16:47:53,megaeth_labs
2024-04-08 16:47:53,PrimordialAA
2024-04-08 16:47:53,pumpdotfun
2024-04-08 16:47:53,CoinDeskPodcast
2024-04-08 16:47:53,doppelHQ
2024-04-08 16:47:53,sabatonfan69
2024-04-08 16:47:53,oMIiyJcIzk
2024-04-08 16:47:53,Glass_Markets
2024-04-08 16:47:53,Bfaviero
2024-04-08 16:47:53,consensys
2024-04-08 16:47:53,othersidemeta
2024-04-08 16:47:53,BitgetSupport
2024-04-08 16:47:53,MartinShkreli
2024-04-08 16:47:53,devinawalsh
2024-04-08 16:47:53,LightDotSo
2024-04-08 16:47:53,ryzelabs
2024-04-08 16:47:53,MLSTRMCAP
2024-04-08 16:47:53,EVG_Ventures
2024-04-08 16:47:53,insrtapp
2024-04-08 16:47:53,CoindeskPodcast
2024-04-08 16:47:53,jito_labs
2024-04-08 16:47:53,JoshLitchman
2024-04-08 16:47:53,UniswapFnd
2024-04-08 16:47:53,pappachaga99999
2024-04-08 16:47:53,ethena_labs
2024-04-08 16:47:53,Vomit_Dragon
2024-04-08 16:47:53,CryptoGarga
2024-04-08 12:21:56,oMIiyJcIzk
2024-04-08 12:21:56,devinawalsh
2024-04-08 12:21:56,FoundationCap
2024-04-08 12:21:56,fantasy_top_
2024-04-08 12:21:56,myprizecom
2024-04-08 12:21:56,MIT
2024-04-08 12:21:56,axelarnetwork
2024-04-08 12:21:56,jito_sol
2024-04-08 12:21:56,5I8qHw5GNN
2024-04-08 12:21:56,lzin5ByH0t
2024-04-08 12:21:56,jito_labs
2024-04-08 12:21:56,brian_smith_0
2024-04-08 12:21:56,pumpdotfun
2024-04-08 12:21:56,Algorand
2024-04-08 12:21:56,DuU6MMqcgQ
2024-04-08 12:21:56,cornell
2024-04-08 12:21:56,alemartcard
2024-04-08 12:21:56,myshell_ai
2024-04-08 12:21:56,0xKipit
2024-04-08 12:21:56,GnqSDkEWla
2024-04-08 12:21:56,yorgosv_
2024-04-08 12:21:56,harvardhbs
2024-04-08 12:21:56,MartinShkreli
2024-04-08 12:21:56,megantheevalium
2024-04-08 12:21:56,0xBalloonLover
2024-04-08 12:21:56,UniswapFnd
2024-04-08 12:21:56,sfstandard
2024-04-08 12:21:56,OpanyRichard
2024-04-17 13:53:34,harvardhbs
2024-04-17 13:53:34,FiscalNote
2024-04-17 13:53:34,Algorand
2024-04-17 13:53:34,citadel
2024-04-17 13:53:34,PrimordialAA
2024-04-17 13:53:34,Phemex_official
2024-04-17 13:53:34,skillissuexyz
2024-04-17 13:53:34,fantasy_top_
2024-04-17 13:53:34,Facebook
2024-04-17 13:53:34,UniswapFnd
2024-04-17 13:53:34,yorgosv_
2024-04-17 13:53:34,GCRClassic
2024-04-17 13:53:34,Lighter_xyz
2024-04-17 13:53:34,breezedotcash
2024-04-17 13:53:34,sfstandard
2024-04-17 13:53:34,cigawrettepacks
2024-04-17 13:53:34,cozymaximalist
2024-04-17 13:53:34,shoqanaw
2024-04-17 13:53:34,KolenaIO
2024-04-17 13:53:34,MorphL2
2024-04-17 13:53:34,_kaitoai
2024-04-17 13:53:34,myprizecom
2024-04-17 13:53:34,GnqSDkEWla
2024-04-17 13:53:34,okx
2024-04-17 13:53:34,0xKipit
2024-04-17 13:53:34,0xcigawrette
2024-04-17 13:53:34,magna_digital
2024-04-17 13:53:34,doppelHQ
2024-04-17 13:53:34,OKXHelpDesk
2024-04-17 13:53:34,ethena_labs
2024-04-17 13:53:34,AlliumLabs
2024-04-17 13:53:34,megaeth_labs
2024-04-17 13:53:34,fraxfinance
2024-04-17 13:53:34,FoundationCap
2024-04-17 13:53:34,0xBalloonLover
2024-04-17 13:53:34,Bfaviero
2024-04-17 13:53:34,base
2024-04-17 13:53:34,pappachaga
2024-04-17 13:53:34,DuU6MMqcgQ
2024-04-17 13:53:34,OpanyRichard
2024-04-17 13:53:34,monad_xyz
2024-04-17 13:53:34,archntwrk
2024-04-17 13:53:34,brian_smith_0
2024-04-17 13:53:34,cecilia_hsueh
2024-04-17 13:53:34,LightDotSo
2024-04-17 13:53:34,NamikMuduroglu
2024-04-17 13:53:34,ADP
2024-04-17 13:53:34,devinawalsh
2024-04-17 13:53:34,DrakeEvansV1
2024-04-17 13:53:34,HeadsUpai
2024-04-17 13:53:34,MIT
2024-04-17 13:53:34,consensys
2024-04-17 13:53:34,pumpdotfun
2024-04-17 13:53:34,myshell_ai
2024-04-17 13:53:34,sabatonfan69
2024-04-17 13:53:34,PalantirTech
2024-04-17 13:53:34,megantheevalium
2024-04-17 13:53:34,jito_sol
2024-04-17 13:53:34,Anrok
2024-04-17 13:53:34,AgoraDollar
2024-04-17 13:53:34,cornell
2024-04-17 13:53:34,ethan_myshell
2024-04-17 13:53:34,Punk9277
2024-04-17 13:53:34,MLSTRMCAP
2024-04-17 13:53:34,lzin5ByH0t
2024-04-17 13:53:34,hypersphere_
2024-04-17 13:53:34,axelarnetwork
2024-04-17 13:53:34,_vltn
2024-04-17 13:53:34,alemartcard
2024-04-17 13:53:34,fem1bimpe
2024-04-17 13:53:34,SyntechCorp
2024-04-17 13:53:34,momoeureka
2024-04-17 13:53:34,oMIiyJcIzk
2024-04-17 13:53:34,jito_labs
2024-04-17 13:53:34,M13Company
2024-04-17 13:53:34,shunkakinoki
2024-04-17 13:53:34,OKX_UK
2024-04-17 13:53:34,Vomit_Dragon
2024-04-17 13:53:34,yangl1996
2024-04-17 13:53:34,artemis__xyz
2024-04-17 13:53:34,VladZamfir
2024-04-17 13:53:34,MartinShkreli
2024-04-17 13:53:34,j965HbzEj3
2024-04-17 13:53:34,5I8qHw5GNN
2024-04-17 13:53:34,LayerZero_Labs
2024-05-03 17:06:18,blast_l2
2024-05-03 17:06:18,delphi_labs
2024-05-03 17:06:18,Chainforestxyz
2024-05-03 17:06:18,ethankurz
2024-05-03 17:06:18,TSM
2024-05-03 17:06:18,BessemerVP
2024-05-03 17:06:18,sakumonsters
2024-05-03 17:06:18,Twilio
2024-05-03 17:06:18,playcambria
2024-05-03 17:06:18,IWw3R3RVLm
2024-05-03 17:06:18,rebeccastev
2024-05-03 17:06:18,scsatcmu
2024-05-03 17:06:18,AoNP9BW2Dp
2024-05-03 17:06:18,LaunchDarkly
2024-05-03 17:06:18,ZeMariaMacedo
2024-05-03 17:06:18,BmbkrX4Zyf
2024-05-03 17:06:18,Twitch
2024-05-03 17:06:18,Intercom
2024-05-03 17:06:18,g5iDBGtfgC
2024-05-03 17:06:18,baincapcrypto
2024-05-03 17:06:18,BjTozWAXwG
2024-05-03 17:06:18,w98s8lFJiK
2024-05-03 17:06:18,theo_diamandis
2024-05-03 17:06:18,1oqUgfD6CZ
2024-05-03 17:06:18,1j8cRtkkoN
2024-05-03 17:06:18,awOpZcRsC6
2024-05-03 17:06:18,theblock__
2024-05-03 17:06:18,nestwalletxyz
2024-05-03 17:06:18,eigen_da
2024-05-03 17:06:18,SendGrid
2024-05-03 17:06:18,ttunguz
2024-05-03 17:06:18,BitwiseInvest
2024-05-03 17:06:18,hype_invest
2024-05-03 17:06:18,theoryvc
2024-05-03 17:06:18,Monumental_Labs
2024-05-03 17:06:18,FWBtweets
2024-05-03 17:06:18,levelsio
2024-05-03 17:06:18,ETHEREUM_HABIBI
2024-05-03 17:06:18,stanford
2024-05-03 17:06:18,yanr0ux
2024-05-03 17:06:18,dgt10011
2024-05-03 17:06:18,PagerDuty
2024-05-03 17:06:18,dksangyoon
2024-05-03 17:06:18,multisynq
2024-05-03 17:06:18,mit
2024-05-03 17:06:18,lAyoqmSBRX
2024-05-03 17:06:18,semanticvc
2024-05-03 17:06:18,delphi_ventures
2024-05-03 17:06:18,ZHSvI2wjyW
2024-05-03 17:06:18,eigenlayer
2024-05-03 17:06:18,hype_eth
2024-05-03 17:06:18,octra
2024-05-03 17:06:18,roycoprotocol
2024-05-03 17:06:18,morganstanley
2024-05-03 17:06:18,blur_io
2024-05-03 17:06:18,hingeloss
2024-05-08 17:16:16,prezzel
2024-05-08 17:16:16,jenndefer
2024-05-08 17:16:16,gmEthereum
2024-05-08 17:16:16,offchainlabs
2024-05-08 17:16:16,search?q=%24friend&src=cashtag_click
2024-05-08 17:16:16,GoldmanSachs
2024-05-08 17:16:16,fun
2024-05-08 17:16:16,arbitrum
2024-05-08 17:16:16,tyshinn
2024-05-08 17:16:16,Pancakesbrah
2024-05-08 17:16:16,thedailybeast
2024-05-08 17:16:16,dazed
2024-05-08 17:16:16,init4tech
2024-05-08 17:16:16,_perceptive
2024-05-08 17:16:16,wardaddycapital
2024-05-08 17:16:16,RbBU0bbREN
2024-05-08 17:16:16,enjoytech_
2024-05-08 17:16:16,AlexKFine
2024-05-08 17:16:16,search?q=%24canto&src=cashtag_click
2024-05-08 17:16:16,fortunemagazine
2024-05-08 17:16:16,niamhrowe7
2024-05-08 17:16:16,PaulTaylorVC
2024-05-08 17:16:16,endlesssfm
2024-05-08 17:16:16,guardian
2024-05-08 17:16:16,wassie
2024-05-08 17:16:16,search?q=%24stan&src=cashtag_click
2024-05-08 17:16:16,proteccxyz
2024-05-08 17:16:16,ft
2024-05-08 17:16:16,wired
2024-05-08 17:16:16,kettlefinance
2024-05-08 17:16:16,ourzora
2024-05-08 17:16:16,remintreality
2024-05-08 17:16:16,4iLPUlppKf
2024-05-08 17:16:16,dorculas
2024-05-08 17:16:16,Stanford
2024-05-08 17:16:16,HomePriceHedges
2024-05-08 17:16:16,reonuevo
2024-05-08 17:16:16,columbiajourn
2024-05-10 16:16:13,rugdotfun
2024-05-15 13:47:06,cftc
2024-05-15 13:47:06,NRDems
2024-05-15 13:47:06,drapervc
2024-05-15 13:47:06,wallstreetbets
2024-05-15 13:47:06,paradigm
2024-05-15 13:47:06,SenMarkey
2024-05-15 13:47:06,RbBU0bbjPf
2024-05-15 13:47:06,orangeDAOxyz
2024-05-15 13:47:06,buildoneigen
2024-05-15 13:47:06,JBSDC
2024-05-15 13:47:06,secgov
2024-05-15 13:47:06,point72careers
2024-05-20 19:57:11,Arbelosxyz
2024-05-20 19:57:11,HasuBackup
2024-05-20 19:57:11,worldpvpco
2024-05-20 19:57:11,gq
2024-05-20 19:57:11,GO6ZlNWFax
2024-05-20 19:57:11,based16z
