2024-04-05 21:15:47,bitcoinPalmer
2024-04-05 21:15:47,loomlocknft
2024-04-05 21:15:47,GSR_io
2024-04-05 21:15:47,search?q=%24BLOCK&src=cashtag_click
2024-04-05 21:15:47,molochdao
2024-04-05 21:15:47,yueko__
2024-04-05 21:15:47,thehavencrypto
2024-04-05 21:15:47,hedgedhog7
2024-04-05 21:15:47,blockworks_
2024-04-05 21:15:47,loomdart
2024-04-05 21:15:47,GCRClassic
2024-04-05 21:15:47,ethsign
2024-04-05 21:15:47,amaroneli
2024-04-05 21:15:47,0xSteadyLads
2024-04-05 21:15:47,whalecalls
2024-04-05 21:15:47,WaEeKoB8pk
2024-04-05 21:15:47,turbanether
2024-04-05 21:15:47,sershokunin
2024-04-05 21:15:47,theempirepod
2024-04-05 21:15:47,weetardsdao
2024-04-05 21:15:47,7pCTSXyDWp
2024-04-05 21:15:47,IamNomad
2024-04-05 21:15:47,neilstrauss
2024-04-05 21:15:47,mrkl_n4e
2024-04-05 21:15:47,LomahCrypto
2024-04-05 21:15:47,Doc_Kov
2024-04-05 21:15:47,PapiLiquidated
2024-04-05 21:15:47,Synquote
2024-04-05 21:15:47,Awawat_Trades
2024-04-05 21:15:47,arguslabs_
2024-04-05 21:15:47,DCGco
2024-04-05 21:15:47,icebergy_
2024-04-05 21:15:47,mattomattik
2024-04-05 21:15:47,NorthRockLP
2024-04-05 21:15:47,tokentable
2024-04-05 21:15:47,JasonYanowitz
2024-04-05 21:15:47,SpencerGuard
2024-04-05 21:15:47,web3_collective
2024-04-05 21:15:47,_WOO_X
2024-04-05 21:15:47,pleasrdao
2024-04-05 21:15:47,egirl_capital
2024-04-05 21:15:47,PleasrDAO
2024-04-05 21:15:47,ohbabygames
2024-04-05 21:15:47,mechanismcap
2024-04-05 21:15:47,RokoMijic
2024-04-05 21:15:47,nqQDcusYGN
2024-04-05 21:15:47,shufflecom
2024-04-05 21:15:47,letsgethai
2024-04-05 21:15:47,Potterlee222
2024-04-05 21:15:47,antimetalcloud
2024-04-05 21:15:47,reflexerfinance
2024-04-05 21:15:47,avi_eisen
2024-04-05 21:15:47,warinstitute
2024-04-05 21:15:47,different_mj
2024-04-05 21:15:47,rng_gallery
2024-04-05 21:15:47,lavanetxyz
2024-04-05 21:15:47,TheFlowHorse
2024-04-05 21:15:47,GB4ob8Ak0j
2024-04-05 21:15:47,unchainiran
2024-04-05 21:15:47,ameensol
2024-04-05 21:15:47,satsdart
2024-04-05 21:15:47,simpelyfe
2024-04-05 21:15:47,fisher8cap
2024-04-05 21:15:47,paralleltcg
2024-04-05 21:15:47,bywassies
2024-04-05 21:15:47,TrustlessMike
2024-04-05 21:15:47,twistthestudio
2024-04-05 21:15:47,blackrockonbase
2024-04-05 21:15:47,OGOG6ix
2024-04-05 21:15:47,_Jonahw
2024-04-05 21:15:47,echodotxyz
2024-04-05 21:15:47,Rewkang
2024-04-05 21:15:47,sailwithcompass
2024-04-05 21:15:47,Rockaway_x
2024-04-05 21:15:47,blur_io
2024-04-05 21:15:47,gametheorizing
2024-04-05 21:15:47,CryptoWhaleBot
2024-04-05 21:15:47,samantha_bohbot
2024-04-05 21:15:47,dba_crypto
2024-04-05 21:15:47,SeliniCapital
2024-04-05 21:15:47,0xbowio
2024-04-05 21:15:47,efrontier_io
2024-04-05 21:15:47,Rebirthdao
2024-04-05 21:15:47,pleasrDAO
2024-04-05 21:15:47,0xblockchainsc
2024-04-05 21:15:47,hentaiavenger66
2024-04-05 21:15:47,JlM4szjYLa
2024-04-05 21:15:47,SinaiLawFirm
2024-04-05 21:15:47,CL207
2024-04-05 21:15:47,0xMantle
2024-04-08 16:08:49,amaroneli
2024-04-08 16:08:49,rng_gallery
2024-04-08 16:08:49,neilstrauss
2024-04-08 16:08:49,yueko__
2024-04-08 16:08:49,letsgethai
2024-04-08 16:08:49,SyCUJ97GDw
2024-04-08 16:08:49,0xSteadyLads
2024-04-08 16:08:49,Synquote
2024-04-08 16:08:49,CryptoWhaleBot
2024-04-08 16:08:49,seedclubhq
2024-04-08 16:08:49,shufflecom
2024-04-08 16:08:49,fourmoonsllc
2024-04-08 16:08:49,Eric_BIGfund
2024-04-08 16:08:49,0xMantle
2024-04-08 16:08:49,molochdao
2024-04-08 16:08:49,thehavencrypto
2024-04-08 16:08:49,CJxSZou17F
2024-04-08 16:08:49,faizanali94
2024-04-08 16:08:49,aerodromefi
2024-04-08 16:08:49,eoRE5TtvNl
2024-04-08 16:08:49,loomlocknft
2024-04-08 16:08:49,columbia
2024-04-08 16:08:49,Columbia_Biz
2024-04-08 16:08:49,fungibIes
2024-04-08 16:08:49,JordynTilchen
2024-04-08 16:08:49,SeliniCapital
2024-04-08 16:08:49,leoriginalbtlg
2024-04-08 16:08:49,noahdummett
2024-04-08 16:08:49,theempirepod
2024-04-08 16:08:49,reflexerfinance
2024-04-08 16:08:49,mrkl_n4e
2024-04-08 16:08:49,_Jonahw
2024-04-08 16:08:49,ethsign
2024-04-08 16:08:49,outpxce
2024-04-08 16:08:49,infura_io
2024-04-08 16:08:49,CocoBalboa
2024-04-08 16:08:49,sailwithcompass
2024-04-08 16:08:49,CA0C06rhXQ
2024-04-08 16:08:49,JasonYanowitz
2024-04-08 16:08:49,weetardsdao
2024-04-08 16:08:49,theaterwtf
2024-04-08 16:08:49,Doc_Kov
2024-04-08 16:08:49,paralleltcg
2024-04-08 16:08:49,blockworks_
2024-04-08 16:08:49,TheFlowHorse
2024-04-08 16:08:49,LomahCrypto
2024-04-08 16:08:49,elonmusk
2024-04-08 16:08:49,consensys
2024-04-08 16:08:49,simpelyfe
2024-04-08 16:08:49,Rebirthdao
2024-04-08 16:08:49,antimetalcloud
2024-04-08 16:08:49,Potterlee222
2024-04-08 16:08:49,GCRClassic
2024-04-08 16:08:49,mns
2024-04-08 16:08:49,SinaNader33
2024-04-08 16:08:49,AdamRFisher
2024-04-08 16:08:49,Ace_da_Book
2024-04-08 16:08:49,samantha_bohbot
2024-04-08 16:08:49,blackrockonbase
2024-04-08 16:08:49,egirl_capital
2024-04-08 16:08:49,tokentable
2024-04-08 16:08:49,twistthestudio
2024-04-08 16:08:49,0xblockchainsc
2024-04-08 16:08:49,RepDeanPhillips
2024-04-08 16:08:49,hedgedhog7
2024-04-08 16:08:49,Mysten_Labs
2024-04-08 16:08:49,0xnft
2024-04-08 16:08:49,satsdart
2024-04-08 16:08:49,GSR_io
2024-04-08 16:08:49,RealAlexJones
2024-04-08 16:08:49,whalecalls
2024-04-08 16:08:49,arguslabs_
2024-04-08 16:08:49,PleasrDAO
2024-04-08 16:08:49,Rewkang
2024-04-08 16:08:49,loomdart
2024-04-08 16:08:49,thaisignal
2024-04-08 16:08:49,echodotxyz
2024-04-08 16:08:49,avi_eisen
2024-04-08 16:08:49,_WOO_X
2024-04-08 16:08:49,SinaiLawFirm
2024-04-08 16:08:49,mattomattik
2024-04-08 16:08:49,bywassies
2024-04-08 16:08:49,TrustlessMike
2024-04-08 16:08:49,Saylor
2024-04-08 16:08:49,velodromefi
2024-04-08 16:08:49,Delphi_Digital
2024-04-08 16:08:49,ohbabygames
2024-04-08 16:08:49,warinstitute
2024-04-08 16:08:49,hentaiavenger66
2024-04-08 16:08:49,RokoMijic
2024-04-08 16:08:49,deanbphillips
2024-04-08 16:08:49,Awawat_Trades
2024-04-08 16:08:49,JlM4szjYLa
2024-04-08 16:08:49,fisher8cap
2024-04-08 16:08:49,turbanether
2024-04-08 16:08:49,IamNomad
2024-04-08 16:08:49,irreversibledao
2024-04-08 16:08:49,OGOG6ix
2024-04-08 16:08:49,Rockaway_x
2024-04-08 16:08:49,NYTimes
2024-04-08 16:08:49,sershokunin
2024-04-08 16:08:49,pleasrDAO
2024-04-08 16:08:49,0xT1capital
2024-04-08 16:08:49,cherdougie
2024-04-08 16:08:49,DWBenefield
2024-04-08 16:08:49,nqQDcusYGN
2024-04-08 16:08:49,unchainiran
2024-04-08 16:08:49,CL207
2024-04-08 16:08:49,2avFP89Yde
2024-04-08 16:08:49,search?q=%24BLOCK&src=cashtag_click
2024-04-08 16:08:49,ameensol
2024-04-08 16:08:49,0xconsoles
2024-04-08 16:08:49,pleasrdao
2024-04-08 16:08:49,q5mHPJDobs
2024-04-08 16:08:49,Kevin_Kelly_II
2024-04-08 16:08:49,gametheorizing
2024-04-08 16:08:49,intentx_
2024-04-08 16:08:49,blur_io
2024-04-08 16:08:49,WaEeKoB8pk
2024-04-08 16:08:49,web3_collective
2024-04-08 16:08:49,sumfattytuna
2024-04-08 16:08:49,NorthRockLP
2024-04-08 16:08:49,WSJ
2024-04-08 16:08:49,bitcoinPalmer
2024-04-08 16:08:49,PapiLiquidated
2024-04-08 16:08:49,bidclubio
2024-04-08 16:08:49,Core_Scientific
2024-04-08 16:08:49,lavanetxyz
2024-04-08 16:08:49,DCGco
2024-04-08 16:08:49,icebergy_
2024-04-08 16:08:49,7pCTSXyDWp
2024-04-08 16:08:49,SpencerGuard
2024-04-08 16:08:49,0xbowio
2024-04-08 16:08:49,mechanismcap
2024-04-08 16:08:49,GB4ob8Ak0j
2024-04-08 16:08:49,efrontier_io
2024-04-08 16:08:49,primamateria__
2024-04-08 16:08:49,mjpldn
2024-04-17 13:15:45,intentx_
2024-04-17 13:15:45,whalecalls
2024-04-17 13:15:45,JasonYanowitz
2024-04-17 13:15:45,egirl_capital
2024-04-17 13:15:45,aerodromefi
2024-04-17 13:15:45,RemilioCoin
2024-04-17 13:15:45,hedgedhog7
2024-04-17 13:15:45,DWBenefield
2024-04-17 13:15:45,Eric_BIGfund
2024-04-17 13:15:45,PleasrDAO
2024-04-17 13:15:45,GCRClassic
2024-04-17 13:15:45,hentaiavenger66
2024-04-17 13:15:45,SinaiLawFirm
2024-04-17 13:15:45,columbia
2024-04-17 13:15:45,GB4ob8Ak0j
2024-04-17 13:15:45,AzaarExchange
2024-04-17 13:15:45,_WOO_X
2024-04-17 13:15:45,unchainiran
2024-04-17 13:15:45,shufflecom
2024-04-17 13:15:45,0xSteadyLads
2024-04-17 13:15:45,infura_io
2024-04-17 13:15:45,IamNomad
2024-04-17 13:15:45,CryptoWhaleBot
2024-04-17 13:15:45,bidclubio
2024-04-17 13:15:45,arguslabs_
2024-04-17 13:15:45,Saylor
2024-04-17 13:15:45,amaroneli
2024-04-17 13:15:45,neilstrauss
2024-04-17 13:15:45,loomlocknft
2024-04-17 13:15:45,Rewkang
2024-04-17 13:15:45,loomdart
2024-04-17 13:15:45,mrkl_n4e
2024-04-17 13:15:45,EdwardDiGi
2024-04-17 13:15:45,0xT1capital
2024-04-17 13:15:45,velodromefi
2024-04-17 13:15:45,WSJ
2024-04-17 13:15:45,molochdao
2024-04-17 13:15:45,OGOG6ix
2024-04-17 13:15:45,blur_io
2024-04-17 13:15:45,CocoBalboa
2024-04-17 13:15:45,theaterwtf
2024-04-17 13:15:45,Rockaway_x
2024-04-17 13:15:45,seedclubhq
2024-04-17 13:15:45,JordynTilchen
2024-04-17 13:15:45,joshua_j_lim
2024-04-17 13:15:45,Kevin_Kelly_II
2024-04-17 13:15:45,mattomattik
2024-04-17 13:15:45,Delphi_Digital
2024-04-17 13:15:45,paralleltcg
2024-04-17 13:15:45,Core_Scientific
2024-04-17 13:15:45,consensys
2024-04-17 13:15:45,web3_collective
2024-04-17 13:15:45,NorthRockLP
2024-04-17 13:15:45,RokoMijic
2024-04-17 13:15:45,efrontier_io
2024-04-17 13:15:45,turbanether
2024-04-17 13:15:45,Columbia_Biz
2024-04-17 13:15:45,mechanismcap
2024-04-17 13:15:45,yueko__
2024-04-17 13:15:45,weetardsdao
2024-04-17 13:15:45,NYTimes
2024-04-17 13:15:45,primamateria__
2024-04-17 13:15:45,CA0C06rhXQ
2024-04-17 13:15:45,pleasrdao
2024-04-17 13:15:45,PapiLiquidated
2024-04-17 13:15:45,Doc_Kov
2024-04-17 13:15:45,Jews_in_control
2024-04-17 13:15:45,reflexerfinance
2024-04-17 13:15:45,tokentable
2024-04-17 13:15:45,DCGco
2024-04-17 13:15:45,LomahCrypto
2024-04-17 13:15:45,0xbowio
2024-04-17 13:15:45,elonmusk
2024-04-17 13:15:45,leoriginalbtlg
2024-04-17 13:15:45,bywassies
2024-04-17 13:15:45,sailwithcompass
2024-04-17 13:15:45,GSR_io
2024-04-17 13:15:45,simpelyfe
2024-04-17 13:15:45,q5mHPJDobs
2024-04-17 13:15:45,0xMantle
2024-04-17 13:15:45,theempirepod
2024-04-17 13:15:45,mns
2024-04-17 13:15:45,agnostoxxx
2024-04-17 13:15:45,bitcoinPalmer
2024-04-17 13:15:45,rng_gallery
2024-04-17 13:15:45,warinstitute
2024-04-17 13:15:45,0xnft
2024-04-17 13:15:45,SyCUJ97GDw
2024-04-17 13:15:45,CJxSZou17F
2024-04-17 13:15:45,AdamRFisher
2024-04-17 13:15:45,ethsign
2024-04-17 13:15:45,CL207
2024-04-17 13:15:45,RepDeanPhillips
2024-04-17 13:15:45,twistthestudio
2024-04-17 13:15:45,2avFP89Yde
2024-04-17 13:15:45,eoRE5TtvNl
2024-04-17 13:15:45,nqQDcusYGN
2024-04-17 13:15:45,0xblockchainsc
2024-04-17 13:15:45,antimetalcloud
2024-04-17 13:15:45,mjpldn
2024-04-17 13:15:45,Ace_da_Book
2024-04-17 13:15:45,arbelosxyz
2024-04-17 13:15:45,gametheorizing
2024-04-17 13:15:45,irreversibledao
2024-04-17 13:15:45,icebergy_
2024-04-17 13:15:45,letsgethai
2024-04-17 13:15:45,thehavencrypto
2024-04-17 13:15:45,Rebirthdao
2024-04-17 13:15:45,Synquote
2024-04-17 13:15:45,blackrockonbase
2024-04-17 13:15:45,_Jonahw
2024-04-17 13:15:45,pleasrDAO
2024-04-17 13:15:45,JlM4szjYLa
2024-04-17 13:15:45,fourmoonsllc
2024-04-17 13:15:45,SpencerGuard
2024-04-17 13:15:45,echodotxyz
2024-04-17 13:15:45,faizanali94
2024-04-17 13:15:45,samantha_bohbot
2024-04-17 13:15:45,fungibIes
2024-04-17 13:15:45,SeliniCapital
2024-04-17 13:15:45,Awawat_Trades
2024-04-17 13:15:45,TheFlowHorse
2024-04-17 13:15:45,TrustlessMike
2024-04-17 13:15:45,outpxce
2024-04-17 13:15:45,fisher8cap
2024-04-17 13:15:45,ywTz8FL4ly
2024-04-17 13:15:45,thaisignal
2024-04-17 13:15:45,deanbphillips
2024-04-17 13:15:45,8T8rrAJJAM
2024-04-17 13:15:45,Potterlee222
2024-04-17 13:15:45,lavanetxyz
2024-04-17 13:15:45,sumfattytuna
2024-04-17 13:15:45,satsdart
2024-04-17 13:15:45,0xconsoles
2024-04-17 13:15:45,RealAlexJones
2024-04-17 13:15:45,sershokunin
2024-04-17 13:15:45,ameensol
2024-04-17 13:15:45,noahdummett
2024-04-17 13:15:45,cherdougie
2024-04-17 13:15:45,ohbabygames
2024-04-17 13:15:45,blockworks_
2024-05-03 16:46:01,domainplug_io
2024-05-03 16:46:01,visegrad24
2024-05-03 16:46:01,berachain
2024-05-03 16:46:01,lctDOfrMmf
2024-05-03 16:46:01,DrutangAtHome
2024-05-03 16:46:01,StefanTompson
2024-05-03 16:46:01,remiliocoin
2024-05-03 16:46:01,vzxJlLhRIv
2024-05-03 16:46:01,MoonOverlord
2024-05-03 16:46:01,benjaminsimon97
2024-05-03 16:46:01,BloomCapital_
2024-05-03 16:46:01,search?q=%24ETH&src=cashtag_click
2024-05-03 16:46:01,Delphi_Ventures
2024-05-03 16:46:01,DeItaone
2024-05-03 16:46:01,redactedcartel
2024-05-03 16:46:01,DrutangReborn
2024-05-03 16:46:01,elicalebon
2024-05-03 16:46:01,redstonexyz
2024-05-03 16:46:01,bloomlabsinc
2024-05-03 16:46:01,41R8wG8na2
2024-05-03 16:46:01,LiveSquawk
2024-05-03 16:46:01,spreekaway
2024-05-03 16:46:01,jasmineabraham_
2024-05-03 16:46:01,search?q=%24SOL&src=cashtag_click
2024-05-03 16:46:01,0xSami_
2024-05-03 16:46:01,doloxbt
2024-05-03 16:46:01,dragonkinganu
2024-05-03 16:46:01,TheMisterFrog
2024-05-03 16:46:01,DreBlueBlood
2024-05-03 16:46:01,search?q=%24BTC&src=cashtag_click
2024-05-08 16:59:37,Uptodatenow
2024-05-08 16:59:37,joemccann
2024-05-08 16:59:37,Zqinfo1
2024-05-08 16:59:37,Captain_Kole1
2024-05-08 16:59:37,neverabear
2024-05-08 16:59:37,MichaelTant3
2024-05-08 16:59:37,FRChronic
2024-05-08 16:59:37,rollbitcom
2024-05-08 16:59:37,frankdegods
2024-05-08 16:59:37,gigachadventure
2024-05-08 16:59:37,messaricrypto
2024-05-08 16:59:37,y00tsNFT
2024-05-08 16:59:37,interndao
2024-05-08 16:59:37,galaxyhq
2024-05-08 16:59:37,FTVCapital
2024-05-08 16:59:37,10TFund
2024-05-08 16:59:37,coindesk
2024-05-08 16:59:37,southpkcommons
2024-05-08 16:59:37,goasymmetric
2024-05-08 16:59:37,Patrick_Lung
2024-05-08 16:59:37,veritaslimited
2024-05-08 16:59:37,egjYHG6EEt
2024-05-08 16:59:37,d59BF5DLFI
2024-05-08 16:59:37,redbull
2024-05-08 16:59:37,dhoward_07
2024-05-08 16:59:37,Verisk
2024-05-08 16:59:37,sparkcognition
2024-05-08 16:59:37,megapot_io
2024-05-08 16:59:37,0xfishingclub
2024-05-08 16:59:37,youtube
2024-05-08 16:59:37,variantfund
2024-05-08 16:59:37,BrexHQ
2024-05-08 16:59:37,Uniswap
2024-05-08 16:59:37,realDannyNelson
2024-05-08 16:59:37,OracleHershiser
2024-05-08 16:59:37,degodsnft
2024-05-08 16:59:37,LandsharkRides
2024-05-08 16:59:37,twobitidiot
2024-05-08 16:59:37,AIWayfinder
2024-05-08 16:59:37,M___Morgenstern
2024-05-08 16:59:37,OpenviewVenture
2024-05-08 16:59:37,CitizenXcrypto
2024-05-08 16:59:37,shahh
2024-05-09 16:57:05,vardaspace
2024-05-09 16:57:05,RealLifeLore22
2024-05-09 16:57:05,valeyo777
2024-05-09 16:57:05,QuasarFi
2024-05-09 16:57:05,union_build
2024-05-09 16:57:05,harish_karthik
2024-05-09 16:57:05,0xManav
2024-05-09 16:57:05,Draper_U
2024-05-09 16:57:05,sudoswap
2024-05-09 16:57:05,statelayer
2024-05-09 16:57:05,zebulgar
2024-05-09 16:57:05,BaseD_AO
2024-05-09 16:57:05,foundersfund
2024-05-15 13:33:28,eigen_labs
2024-05-15 13:33:28,kOsUzy5pCB
2024-05-15 13:33:28,apg_capital
2024-05-15 13:33:28,gajeshnaik
2024-05-15 13:33:28,partyhatDAO
2024-05-15 13:33:28,gajoperator
2024-05-15 13:33:28,naniXBT
2024-05-15 13:33:28,panaphud
2024-05-15 13:33:28,boldleonidas
2024-05-15 13:33:28,eigenlayer
2024-05-15 13:33:28,gajcapital
